url,zenki_clicks,kouki_clicks,zenki_impressions,kouki_impressions,status
https://bouon-lab.com/posts/soundproof-room-humidifier-guide/,48,5,384,35,DECLINED
https://bouon-lab.com/posts/rental-proofroom-contractcheck/,29,3,1480,74,DECLINED
https://bouon-lab.com/posts/rt60-reverberation-measurement-guide/,23,2,269,30,DECLINED
https://bouon-lab.com/posts/bouoproof-maintnace/,20,1,193,16,DECLINED
https://bouon-lab.com/posts/bouon-osusume-hikaku/,19,0,663,23,DECLINED
https://bouon-lab.com/posts/closet-diy-soundproof-room/,19,0,397,43,DECLINED
https://bouon-lab.com/posts/keyboard-sound-streaming-soundproof-guide/,15,1,579,67,DECLINED
https://bouon-lab.com/posts/bouon-dchiseinou-meyasu/,14,2,694,28,DECLINED
https://bouon-lab.com/posts/bourental-music-ensoutaime/,14,1,465,114,DECLINED
https://bouon-lab.com/posts/streamer-proofroom-setting/,12,0,604,22,DECLINED
https://bouon-lab.com/posts/noise-regulation-update-2025/,11,1,365,76,DECLINED
https://bouon-lab.com/posts/million-yen-soundproof-room-professional/,11,1,253,26,DECLINED
https://bouon-lab.com/posts/bouonrental-market-research2025/,11,0,198,5,DECLINED
https://bouon-lab.com/posts/thunder-bouon-stopnoise-knowlkefge/,11,1,103,37,DECLINED
https://bouon-lab.com/posts/soundproof-room-cheapest/,10,0,130,38,DECLINED
https://bouon-lab.com/posts/cable-noise-ground-loop-prevention/,9,1,797,93,DECLINED
https://bouon-lab.com/posts/bouon-size-choice/,9,0,229,12,DECLINED
https://bouon-lab.com/posts/bouon-price-souba/,8,0,819,100,DECLINED
https://bouon-lab.com/posts/proofroom-humidity-airconditionlist/,8,1,436,31,DECLINED
https://bouon-lab.com/posts/soundproof-room-standard-size/,8,1,28,14,DECLINED
https://bouon-lab.com/posts/soundproof-culture-japan-vs-america/,7,1,330,120,DECLINED
https://bouon-lab.com/posts/streamer-proofroom-choicetech/,7,0,320,43,DECLINED
https://bouon-lab.com/posts/gamesteram-proofroom-soudflash/,7,1,279,55,DECLINED
https://bouon-lab.com/posts/asmr-proofroom-guide/,7,1,86,34,DECLINED
https://bouon-lab.com/posts/rental-game-soundproof-booth-3man/,7,0,41,29,DECLINED
https://bouon-lab.com/en/posts/bouontech-trendnews2025/,6,0,1062,40,DECLINED
https://bouon-lab.com/posts/streamer-trouble-rule/,6,1,199,42,DECLINED
https://bouon-lab.com/posts/building-code-reform-2025-soundproof/,6,0,174,23,DECLINED
https://bouon-lab.com/posts/soundproof-subsidy-news-2025/,6,1,156,16,DECLINED
https://bouon-lab.com/posts/airport-soundproof-subsidy/,6,0,111,10,DECLINED
https://bouon-lab.com/posts/bouon-setti-checkpoint/,5,0,214,31,DECLINED
https://bouon-lab.com/posts/ontouch-soundproof-panel-effective/,5,1,140,30,DECLINED
https://bouon-lab.com/posts/vtuber-family-privacy-rules/,5,2,77,46,DECLINED
https://bouon-lab.com/posts/bouontech-trendnews2025/,5,0,77,11,DECLINED
https://bouon-lab.com/posts/vtuber-heat-noise-management/,5,1,45,11,DECLINED
https://bouon-lab.com/posts/bouon-kanki-taisaku/,4,0,274,27,DECLINED
https://bouon-lab.com/posts/one-room-streaming-soundproof/,4,0,204,30,DECLINED
https://bouon-lab.com/posts/diy-soundproofing-tips/,4,1,173,35,DECLINED
https://bouon-lab.com/posts/osaka-soundproof-rental-guide/,4,0,171,127,DECLINED
https://bouon-lab.com/posts/soundproof-room-effectiveness/,4,1,116,30,DECLINED
https://bouon-lab.com/posts/shared-streaming-studio-growth-pricing-utilization/,4,0,97,24,DECLINED
https://bouon-lab.com/en/posts/vtuber-soundproof-environment-complete-guide/,4,1,75,22,DECLINED
https://bouon-lab.com/posts/soundproof-rental-market-october-2025/,4,1,36,4,DECLINED
https://bouon-lab.com/posts/soundproof-room-tax-guide/,4,1,30,38,DECLINED
https://bouon-lab.com/en/posts/building-code-reform-2025-soundproof/,3,0,6495,0,LOST
https://bouon-lab.com/posts/soundproof-room-price-complete-guide-2025/,3,0,615,173,DECLINED
https://bouon-lab.com/posts/vtuber-proofroom-knowledge/,3,0,577,13,DECLINED
https://bouon-lab.com/posts/soundproof-room-diy-complete-manual/,3,0,142,61,DECLINED
https://bouon-lab.com/posts/steram-soudncondition-check/,3,0,119,5,DECLINED
https://bouon-lab.com/posts/bourentakl-streamer-settingsetubi/,3,0,101,13,DECLINED
https://bouon-lab.com/posts/streamer-lowbudget-simula/,3,0,77,8,DECLINED
https://bouon-lab.com/posts/gamer-bouon-room-select/,3,0,52,21,DECLINED
https://bouon-lab.com/posts/budget-soundproof-booth-comparison/,3,0,50,33,DECLINED
https://bouon-lab.com/,3,1,25,14,DECLINED
https://bouon-lab.com/posts/rental-telework-soundproof-floor/,3,0,15,1,DECLINED
https://bouon-lab.com/en/posts/bouon-price-souba/,2,0,998,17,DECLINED
https://bouon-lab.com/posts/bouon-rental-yatinsouba/,2,0,536,164,DECLINED
https://bouon-lab.com/posts/bouonroom-tettei-kaisetsu/,2,0,263,19,DECLINED
https://bouon-lab.com/posts/bouon-kujyou-taisaku/,2,0,239,94,DECLINED
https://bouon-lab.com/en/posts/piano-proofroom-select-guide/,2,0,141,0,LOST
https://bouon-lab.com/posts/proofroom-aircondition-select/,2,0,132,11,DECLINED
https://bouon-lab.com/en/posts/yamaha-avitecs-cefine-ns-guide/,2,0,125,52,DECLINED
https://bouon-lab.com/posts/apartment-soundproof-room-floor-weight/,2,0,107,21,DECLINED
https://bouon-lab.com/posts/proofroom-soudmore-manual/,2,0,101,8,DECLINED
https://bouon-lab.com/posts/bourental-ippanrantal/,2,0,100,13,DECLINED
https://bouon-lab.com/posts/music-school-area-soundproof-rental-competition/,2,0,66,4,DECLINED
https://bouon-lab.com/posts/piano-proofroom-select-guide/,2,0,62,11,DECLINED
https://bouon-lab.com/en/posts/bouoproof-maintnace/,2,0,50,2,DECLINED
https://bouon-lab.com/posts/treadmill-apartment-soundproofing-layering/,2,0,28,6,DECLINED
https://bouon-lab.com/posts/kawai-nasal-soundproof-room-guide/,2,0,26,7,DECLINED
https://bouon-lab.com/posts/otodasu-reviews-2026/,2,0,18,8,DECLINED
https://bouon-lab.com/posts/soundproof-performance-drum/,2,0,13,4,DECLINED
https://bouon-lab.com/posts/podcast-bouonproof-bestpracti/,2,0,12,21,DECLINED
