query,zenki_clicks,zenki_impressions,zenki_pos,match_status,match_hits,matched_article,matched_title
防音室 加湿器,20,219,6.63,FULL_MATCH,2/2,/ja/soundproof-room/bouon-humidifier-comparison/,防音室の加湿器選び：スチーム式 vs 気化式の結露・湿気シミュレーション
防音室 値段,4,189,56.25,FULL_MATCH,2/2,/ja/money/soundproof-room-price-market/,防音室の値段・価格相場2026｜サイズ別の実勢価格と隠れコスト完全比較
rt60 rew,3,3,4.33,NO_MATCH,0/2,,
vtuber 防音対策,2,152,13.91,PARTIAL_MATCH,1/2,/ja/business/report-japan-asmr-vtuber-streaming-studio-standard/,【技術解説】ASMR・VTuberに求められる「配信専用スタジオ」の防音・熱対策基準 (2026)
防音室 100万,2,147,14.46,FULL_MATCH,2/2,/ja/soundproof-room/million-yen-soundproof-room-professional/,100万円クラス防音室の到達レベル｜プロ用途で選ぶべき基準と投資対効果
伊丹 空港 騒音 補助金 いくら,2,54,9.7,PARTIAL_MATCH,2/5,/ja/diy/soundproof-window-merit-demerit/,法律は変えられない？ならば窓を変えよう｜賃貸でもできる「内窓」ハック
アビテックス 賃貸 許可,2,39,10.85,PARTIAL_MATCH,2/3,/ja/soundproof-rental/rental-permission-proposal-template/,賃貸で防音室の設置許可を取る方法｜管理会社・大家への提案書テンプレートと交渉術
防音室 自作,2,27,47.67,FULL_MATCH,2/2,/ja/diy/bass-trap-installation-guide/,ベーストラップ自作・設置ガイド｜低音こもりを解消する配置・測定の全手順
防音室 自作 クローゼット,2,8,12.5,PARTIAL_MATCH,2/3,/ja/diy/bass-trap-installation-guide/,ベーストラップ自作・設置ガイド｜低音こもりを解消する配置・測定の全手順
防音室 1.5畳,2,2,42.5,FULL_MATCH,2/2,/ja/soundproof-room/soundproof-room-size/,ユニット防音室のサイズと選び方：演奏スタイルに合わせた内寸確認法
防音室 湿度,1,130,15.02,FULL_MATCH,2/2,/ja/soundproof-room/proofroom-humidity-airconditionlist/,防音室の温湿度管理ガイド2026｜暑さ・結露・乾燥を物理的に防ぐ改善術
賃貸 防音室 許可,1,118,18.07,FULL_MATCH,3/3,/ja/soundproof-rental/rental-permission-proposal-template/,賃貸で防音室の設置許可を取る方法｜管理会社・大家への提案書テンプレートと交渉術
livestream soundproof,0,1493,18.63,PARTIAL_MATCH,1/2,/ja/business/datacenter-soundproof-technology-facts/,なぜデータセンターは静かなのか｜防音技術から学ぶBtoB提案の作り方
japan building code news december 2025,0,761,7.26,PARTIAL_MATCH,2/6,/ja/money/soundproof-subsidy-news-2025/,防音室の補助金2026年最新版｜二重窓リノベで最大200万円受給する裏技
防音室 ハウスメーカー おすすめ,0,297,21.74,PARTIAL_MATCH,2/3,/ja/soundproof-room/bouon-osusume-hikaku/,【2026最新】防音室おすすめ比較｜失敗しない選び方と5年後の売却価格（ROI）を分析
japan building code news,0,279,2.3,PARTIAL_MATCH,1/4,/ja/business/japan-bouonproof-marketnextasia/,【2026】日本の防音市場は次にアジアのどこを攻めるべきか｜中国・韓国・ベトナムの最新動向
soundproofing technology news,0,212,8.21,PARTIAL_MATCH,1/3,/ja/business/datacenter-soundproof-technology-facts/,なぜデータセンターは静かなのか｜防音技術から学ぶBtoB提案の作り方
japan building code news today 2025,0,183,3.89,PARTIAL_MATCH,2/6,/ja/money/soundproof-subsidy-news-2025/,防音室の補助金2026年最新版｜二重窓リノベで最大200万円受給する裏技
japan building code news 2025 november,0,163,7.22,PARTIAL_MATCH,2/6,/ja/money/soundproof-subsidy-news-2025/,防音室の補助金2026年最新版｜二重窓リノベで最大200万円受給する裏技
japan building code news november 2025,0,154,7.86,PARTIAL_MATCH,2/6,/ja/money/soundproof-subsidy-news-2025/,防音室の補助金2026年最新版｜二重窓リノベで最大200万円受給する裏技
japan building code updates,0,149,5.03,PARTIAL_MATCH,1/4,/ja/business/japan-bouonproof-marketnextasia/,【2026】日本の防音市場は次にアジアのどこを攻めるべきか｜中国・韓国・ベトナムの最新動向
japan renovation subsidy news,0,144,3.78,PARTIAL_MATCH,2/4,/ja/money/soundproof-subsidy-news-2025/,防音室の補助金2026年最新版｜二重窓リノベで最大200万円受給する裏技
japan building code updates today,0,118,2.84,PARTIAL_MATCH,1/5,/ja/business/japan-bouonproof-marketnextasia/,【2026】日本の防音市場は次にアジアのどこを攻めるべきか｜中国・韓国・ベトナムの最新動向
japan building code news 2025,0,114,6.75,PARTIAL_MATCH,2/5,/ja/money/soundproof-subsidy-news-2025/,防音室の補助金2026年最新版｜二重窓リノベで最大200万円受給する裏技
japan building code update 2025 news,0,113,5.2,PARTIAL_MATCH,2/6,/ja/knowledge/noise-regulation-update-2025/,2025-2026年騒音規制アップデート｜隣人の騒音に「法的エビデンス」で勝つための数値基準と対策
bouon,0,112,6.68,FULL_MATCH,1/1,/ja/business/bouonrental-areasec-newbusiness/,防音賃貸市場の地域格差が示す新たなビジネス機会：都市部集中から地方分散への転換点を分析
一戸建て 騒音苦情,0,112,29.43,PARTIAL_MATCH,1/2,/ja/creator/streamer-noise-complaint-response/,配信中に「苦情が来た」ときの対処フロー｜謝罪・改善・再発防止まで
防音室 賃貸 許可,0,110,19.69,FULL_MATCH,3/3,/ja/soundproof-rental/rental-permission-proposal-template/,賃貸で防音室の設置許可を取る方法｜管理会社・大家への提案書テンプレートと交渉術
how much does it cost to soundproof a room,0,110,66.72,PARTIAL_MATCH,4/9,/ja/money/soundproof-room-rental-cost/,防音室レンタルの初期費用と月額相場｜2026年最新・購入との損益分岐点
japan building code news 2025 december,0,108,8.31,PARTIAL_MATCH,2/6,/ja/money/soundproof-subsidy-news-2025/,防音室の補助金2026年最新版｜二重窓リノベで最大200万円受給する裏技
防音室 許可,0,108,23.56,FULL_MATCH,2/2,/ja/soundproof-rental/rental-permission-proposal-template/,賃貸で防音室の設置許可を取る方法｜管理会社・大家への提案書テンプレートと交渉術
japan noise regulation news,0,101,2.29,PARTIAL_MATCH,2/4,/ja/knowledge/noise-regulation-update-2025/,2025-2026年騒音規制アップデート｜隣人の騒音に「法的エビデンス」で勝つための数値基準と対策
