Query,Page,Clicks,Impressions,CTR,Position
防音マスク ゲーム 自作,https://bouon-lab.com/posts/diy-vocal-soundproof-mask/,6,39,15.4%,10.5
1.5畳 防音室,https://bouon-lab.com/posts/soundproof-room-standard-size/,1,1,100.0%,24.0
asmr 市場規模,https://bouon-lab.com/posts/streaming-asmr-vtuber-soundproof-boom/,1,4,25.0%,11.8
otodasu 賃貸 許可,https://bouon-lab.com/posts/rental-proofroom-contractcheck/,1,7,14.3%,12.1
サックス 防音室 自作,https://bouon-lab.com/posts/saxophone-practice-apartment/,1,2,50.0%,25.0
ベーストラップ,https://bouon-lab.com/posts/bass-trap-installation-guide/,1,5,20.0%,25.8
ミュージション 評判,https://bouon-lab.com/posts/musision-soundproof-rental-review/,1,3,33.3%,12.7
賃貸 防音室,https://bouon-lab.com/posts/sendai-soundproof-rental-guide/,1,2,50.0%,11.0
賃貸 防音室 許可 なぜ,https://bouon-lab.com/posts/rental-unit-soundproof-room/,1,11,9.1%,11.9
防音マスク 自作,https://bouon-lab.com/posts/diy-vocal-soundproof-mask/,1,7,14.3%,19.4
防音室 ユニットタイプ,https://bouon-lab.com/posts/soundproof-room-types/,1,1,100.0%,46.0
防音室 加湿器,https://bouon-lab.com/posts/soundproof-room-humidifier-guide/,1,5,20.0%,2.0
防音室 賃貸 許可,https://bouon-lab.com/posts/rental-unit-soundproof-room/,1,1,100.0%,16.0
防音賃貸 埼玉,https://bouon-lab.com/posts/saitama-soundproof-rental-guide/,1,1,100.0%,22.0
1k 防音,https://bouon-lab.com/posts/one-room-streaming-soundproof/,0,1,0.0%,58.0
1畳 防音室,https://bouon-lab.com/posts/soundproof-room-small-size/,0,1,0.0%,71.0
average cost to soundproof a room,https://bouon-lab.com/en/posts/soundproof-room-cheapest/,0,1,0.0%,95.0
average cost to soundproof a room,https://bouon-lab.com/en/posts/soundproof-room-diy-cost/,0,2,0.0%,77.0
average cost to soundproof a room,https://bouon-lab.com/en/posts/soundproof-room-price-market/,0,1,0.0%,92.0
average cost to soundproof a room,https://bouon-lab.com/en/posts/soundproof-room-rental-cost/,0,1,0.0%,87.0
avitecs,https://bouon-lab.com/en/posts/yamaha-avitecs-cefine-ns-guide/,0,1,0.0%,4.0
best cheap way to soundproof a room,https://bouon-lab.com/en/posts/soundproof-room-cheapest/,0,1,0.0%,56.0
bouon,https://bouon-lab.com/en/,0,6,0.0%,6.0
can styrofoam be used for soundproofing,https://bouon-lab.com/en/posts/styrofoam-soundproof-merit/,0,2,0.0%,29.0
cheap way to soundproof a room,https://bouon-lab.com/en/posts/soundproof-room-cheapest/,0,2,0.0%,76.0
cheap ways to soundproof a room,https://bouon-lab.com/en/posts/soundproof-room-cheapest/,0,2,0.0%,79.0
cheapest way to soundproof a room,https://bouon-lab.com/en/posts/soundproof-room-cheapest/,0,2,0.0%,65.5
cheapest way to soundproof room,https://bouon-lab.com/en/posts/soundproof-room-cheapest/,0,1,0.0%,57.0
cost of soundproofing a room,https://bouon-lab.com/en/posts/soundproof-room-diy-cost/,0,3,0.0%,81.3
cost of soundproofing room,https://bouon-lab.com/en/posts/soundproof-room-diy-cost/,0,2,0.0%,71.0
cost to soundproof a house,https://bouon-lab.com/en/posts/soundproof-room-diy-cost/,0,1,0.0%,96.0
cost to soundproof a room,https://bouon-lab.com/en/posts/soundproof-room-diy-cost/,0,5,0.0%,75.2
cost to soundproof a room,https://bouon-lab.com/en/posts/soundproof-room-price-market/,0,3,0.0%,99.7
cost to soundproof a room,https://bouon-lab.com/en/posts/soundproof-room-rental-cost/,0,5,0.0%,90.0
cost to soundproof room,https://bouon-lab.com/en/posts/soundproof-room-diy-cost/,0,2,0.0%,63.5
diy 防音室,https://bouon-lab.com/posts/soundproof-room-diy-complete-manual/,0,3,0.0%,50.0
does cardboard absorb sound,https://bouon-lab.com/en/posts/free-cardboard-soundproof-tech/,0,1,0.0%,48.0
does styrofoam absorb sound,https://bouon-lab.com/en/posts/styrofoam-soundproof-merit/,0,2,0.0%,35.0
dr-35 dr-40 違い,https://bouon-lab.com/posts/soundproof-performance-dr-standard/,0,3,0.0%,12.0
how do i soundproof a room for cheap,https://bouon-lab.com/en/posts/soundproof-room-cheapest/,0,1,0.0%,62.0
how expensive is it to soundproof a room,https://bouon-lab.com/en/posts/soundproof-room-cheapest/,0,2,0.0%,69.5
how expensive is it to soundproof a room,https://bouon-lab.com/en/posts/soundproof-room-diy-cost/,0,2,0.0%,43.0
how expensive is it to soundproof a room,https://bouon-lab.com/en/posts/soundproof-room-price-market/,0,2,0.0%,87.0
how expensive is it to soundproof a room,https://bouon-lab.com/en/posts/soundproof-room-rental-cost/,0,1,0.0%,94.0
how much does a soundproof room cost,https://bouon-lab.com/en/posts/soundproof-room-diy-cost/,0,2,0.0%,79.0
how much does it cost to build a soundproof room,https://bouon-lab.com/en/posts/soundproof-room-diy-cost/,0,1,0.0%,56.0
how much does it cost to build a soundproof room,https://bouon-lab.com/en/posts/soundproof-room-rental-cost/,0,1,0.0%,89.0
how much does it cost to make a room soundproof,https://bouon-lab.com/en/posts/soundproof-room-cheapest/,0,1,0.0%,100.0
how much does it cost to make a room soundproof,https://bouon-lab.com/en/posts/soundproof-room-diy-cost/,0,2,0.0%,71.0
how much does it cost to make a soundproof room,https://bouon-lab.com/en/posts/soundproof-room-cheapest/,0,1,0.0%,99.0
how much does it cost to make a soundproof room,https://bouon-lab.com/en/posts/soundproof-room-price-market/,0,1,0.0%,94.0
how much does it cost to make a soundproof room,https://bouon-lab.com/en/posts/soundproof-room-rental-cost/,0,1,0.0%,86.0
how much does it cost to soundproof a bedroom,https://bouon-lab.com/en/posts/soundproof-room-diy-cost/,0,1,0.0%,57.0
how much does it cost to soundproof a bedroom,https://bouon-lab.com/en/posts/soundproof-room-rental-cost/,0,1,0.0%,82.0
how much does it cost to soundproof a house,https://bouon-lab.com/en/posts/soundproof-room-diy-cost/,0,1,0.0%,95.0
how much does it cost to soundproof a room,https://bouon-lab.com/en/knowledge/soundproof-room-rental-cost/,0,3,0.0%,100.3
how much does it cost to soundproof a room,https://bouon-lab.com/en/posts/soundproof-room-cheapest/,0,3,0.0%,97.0
how much does it cost to soundproof a room,https://bouon-lab.com/en/posts/soundproof-room-diy-cost/,0,21,0.0%,73.4
how much does it cost to soundproof a room,https://bouon-lab.com/en/posts/soundproof-room-rental-cost/,0,15,0.0%,90.8
how much does it cost to soundproof a small room,https://bouon-lab.com/en/posts/soundproof-room-cheapest/,0,1,0.0%,91.0
how much does it cost to soundproof a small room,https://bouon-lab.com/en/posts/soundproof-room-diy-cost/,0,1,0.0%,58.0
how much does soundproofing a room cost,https://bouon-lab.com/en/posts/soundproof-room-diy-cost/,0,2,0.0%,85.5
how much is a soundproof room,https://bouon-lab.com/en/knowledge/soundproof-room-rental-cost/,0,1,0.0%,84.0
how much is it to soundproof a room,https://bouon-lab.com/en/posts/soundproof-room-diy-cost/,0,1,0.0%,86.0
how much is it to soundproof a room,https://bouon-lab.com/en/posts/soundproof-room-rental-cost/,0,1,0.0%,97.0
how much is sound proof,https://bouon-lab.com/en/posts/soundproof-room-rental-cost/,0,1,0.0%,92.0
how much is sound proofing,https://bouon-lab.com/en/posts/soundproof-room-diy-cost/,0,1,0.0%,70.0
how much is soundproofing a room,https://bouon-lab.com/en/posts/soundproof-room-diy-cost/,0,2,0.0%,87.0
how much to soundproof a room,https://bouon-lab.com/en/posts/soundproof-room-diy-cost/,0,3,0.0%,78.3
how much to soundproof a room,https://bouon-lab.com/en/posts/soundproof-room-rental-cost/,0,1,0.0%,96.0
how much will it cost to soundproof a room,https://bouon-lab.com/en/posts/soundproof-room-diy-cost/,0,1,0.0%,48.0
how much will it cost to soundproof a room,https://bouon-lab.com/en/posts/soundproof-room-rental-cost/,0,1,0.0%,92.0
how much would it cost to soundproof a room,https://bouon-lab.com/en/posts/soundproof-room-diy-cost/,0,1,0.0%,90.0
how soundproof a room cheap,https://bouon-lab.com/en/posts/soundproof-room-cheapest/,0,2,0.0%,72.5
how to cheaply soundproof a room,https://bouon-lab.com/en/posts/soundproof-room-cheapest/,0,3,0.0%,55.0
how to measure soundproofing,https://bouon-lab.com/en/posts/soundproof-performance-measurement/,0,1,0.0%,48.0
how to soundproof a room cheap,https://bouon-lab.com/en/posts/soundproof-room-cheapest/,0,4,0.0%,71.5
how to soundproof a room cheaply,https://bouon-lab.com/en/posts/soundproof-room-cheapest/,0,5,0.0%,70.0
how to soundproof a room for cheap,https://bouon-lab.com/en/posts/soundproof-room-cheapest/,0,1,0.0%,69.0
how to soundproof a room on a budget,https://bouon-lab.com/en/posts/soundproof-room-cheapest/,0,1,0.0%,79.0
is polystyrene a good sound insulator,https://bouon-lab.com/en/posts/styrofoam-soundproof-merit/,0,2,0.0%,53.0
is styrofoam a good sound barrier,https://bouon-lab.com/en/posts/styrofoam-soundproof-merit/,0,2,0.0%,39.0
is styrofoam a good sound insulator,https://bouon-lab.com/en/posts/styrofoam-soundproof-merit/,0,2,0.0%,33.5
japan acoustic insulation market,https://bouon-lab.com/en/categories/market--news/,0,1,0.0%,76.0
misophonia noise sensitivity / hyperacusis difference,https://bouon-lab.com/en/posts/sound-sensitivity-misophonia-coping-guide/,0,1,0.0%,55.0
musision,https://bouon-lab.com/en/posts/musision-soundproof-rental-review/,0,25,0.0%,8.7
musision,https://bouon-lab.com/posts/musision-soundproof-rental-review/,0,2,0.0%,35.0
obs キーボード音 消す,https://bouon-lab.com/posts/keyboard-sound-streaming-soundproof-guide/,0,1,0.0%,53.0
otodasu だんぼっち 比較,https://bouon-lab.com/posts/soundproof-room-cheapest/,0,1,0.0%,31.0
otodasu 賃貸 許可,https://bouon-lab.com/posts/rental-unit-soundproof-room/,0,2,0.0%,18.5
pa ノイズ 対策,https://bouon-lab.com/posts/cable-noise-ground-loop-prevention/,0,7,0.0%,43.0
piano decibels,https://bouon-lab.com/en/posts/soundproof-performance-piano/,0,1,0.0%,32.0
piano soundproofing,https://bouon-lab.com/en/posts/soundproof-performance-piano/,0,1,0.0%,48.0
price of soundproofing a room,https://bouon-lab.com/en/posts/soundproof-room-diy-cost/,0,2,0.0%,86.0
rew rt60,https://bouon-lab.com/posts/rt60-reverberation-measurement-guide/,0,2,0.0%,4.5
sound privacy,https://bouon-lab.com/en/posts/office-sound-masking-security/,0,1,0.0%,89.0
sound proof room making cost,https://bouon-lab.com/en/posts/soundproof-room-diy-cost/,0,1,0.0%,27.0
soundproof mask,https://bouon-lab.com/en/posts/diy-vocal-soundproof-mask/,0,1,0.0%,34.0
soundproof measurement,https://bouon-lab.com/en/posts/soundproof-performance-measurement/,0,7,0.0%,53.4
soundproof room for rent,https://bouon-lab.com/en/posts/soundproof-room-rental-cost/,0,1,0.0%,42.0
soundproof room rental,https://bouon-lab.com/en/posts/soundproof-room-rental-cost/,0,1,0.0%,62.0
soundproof rooms for rent,https://bouon-lab.com/en/posts/soundproof-room-rental-cost/,0,1,0.0%,60.0
soundproof technology,https://bouon-lab.com/en/posts/bouontech-trendnews2025/,0,1,0.0%,81.0
styrofoam as sound insulation,https://bouon-lab.com/en/posts/styrofoam-soundproof-merit/,0,1,0.0%,21.0
styrofoam for soundproofing,https://bouon-lab.com/en/posts/styrofoam-soundproof-merit/,0,1,0.0%,35.0
styrofoam noise reduction,https://bouon-lab.com/en/posts/styrofoam-soundproof-merit/,0,1,0.0%,24.0
styrofoam sound insulation,https://bouon-lab.com/en/posts/styrofoam-soundproof-merit/,0,4,0.0%,46.8
styrofoam soundproofing,https://bouon-lab.com/en/posts/styrofoam-soundproof-merit/,0,2,0.0%,45.5
vtuber 防音 室 必要,https://bouon-lab.com/posts/streaming-room-layout-examples/,0,2,0.0%,49.0
vtuber 防音 対策,https://bouon-lab.com/posts/one-room-streaming-soundproof/,0,1,0.0%,54.0
vtuber 防音室,https://bouon-lab.com/posts/streamer-proofroom-setting/,0,1,0.0%,29.0
vtuber 防音室,https://bouon-lab.com/posts/streaming-room-layout-examples/,0,1,0.0%,70.0
vtuber 防音室 おすすめ,https://bouon-lab.com/posts/vtuber-soundproof-environment-complete-guide/,0,1,0.0%,21.0
web会議 集中 生活音,https://bouon-lab.com/posts/telework-concentration-noise-soundproof/,0,1,0.0%,41.0
what is the best video sharing platform for creators to grow an audience in japan?,https://bouon-lab.com/en/posts/shared-streaming-studio-growth-pricing-utilization/,0,2,0.0%,8.0
wii fit 防音 マット 足音 振動,https://bouon-lab.com/posts/footstep-vibration-soundproof-mat-guide/,0,6,0.0%,15.5
yamaha avitecs,https://bouon-lab.com/en/posts/yamaha-avitecs-cefine-ns-guide/,0,1,0.0%,11.0
アビテックス 賃貸 許可,https://bouon-lab.com/posts/rental-proofroom-contractcheck/,0,4,0.0%,9.5
アビテックス 賃貸 許可,https://bouon-lab.com/posts/rental-unit-soundproof-room/,0,1,0.0%,21.0
アース 線 ノイズ 対策,https://bouon-lab.com/posts/cable-noise-ground-loop-prevention/,0,7,0.0%,85.9
キーボード 打鍵音対策,https://bouon-lab.com/posts/keyboard-sound-streaming-soundproof-guide/,0,1,0.0%,30.0
キーボード 打鍵音対策,https://bouon-lab.com/posts/streamer-keyboard-silence/,0,1,0.0%,27.0
キーボード音 対策,https://bouon-lab.com/posts/streamer-keyboard-silence/,0,1,0.0%,27.0
クローゼット 防音室,https://bouon-lab.com/posts/closet-diy-soundproof-room/,0,2,0.0%,74.5
クローゼット 防音室 作り方,https://bouon-lab.com/posts/closet-diy-soundproof-room/,0,1,0.0%,14.0
クローゼット 防音室 自作,https://bouon-lab.com/posts/closet-diy-soundproof-room/,0,1,0.0%,18.0
グランド ループ ノイズ 対策,https://bouon-lab.com/posts/cable-noise-ground-loop-prevention/,0,6,0.0%,67.5
グランド ループ 対策,https://bouon-lab.com/posts/cable-noise-ground-loop-prevention/,0,15,0.0%,64.3
ゲーム 声 うるさい 防音,https://bouon-lab.com/posts/rental-game-soundproof-booth-3man/,0,1,0.0%,80.0
ゲーム 実況 防音 対策,https://bouon-lab.com/posts/gamesteram-proofroom-soudflash/,0,2,0.0%,60.0
ゲーム 防音室 自作,https://bouon-lab.com/posts/rental-game-soundproof-booth-3man/,0,2,0.0%,20.5
ゲーム実況 防音,https://bouon-lab.com/posts/rental-game-soundproof-booth-3man/,0,1,0.0%,82.0
ゲーム配信 部屋,https://bouon-lab.com/posts/streaming-room-layout-examples/,0,3,0.0%,42.7
サックス アパート,https://bouon-lab.com/posts/saxophone-practice-apartment/,0,1,0.0%,14.0
サックス 防音室,https://bouon-lab.com/posts/saxophone-practice-apartment/,0,3,0.0%,60.3
セフィーネns,https://bouon-lab.com/posts/yamaha-avitecs-cefine-ns-guide/,0,2,0.0%,21.0
ダイナミック マイク 距離,https://bouon-lab.com/posts/podcast-casterproof-micsetting/,0,1,0.0%,60.0
テレワーク 家族 うるさい,https://bouon-lab.com/posts/telework-family-stress-soundproof-solution/,0,5,0.0%,43.2
テレワーク 隣人 うるさい,https://bouon-lab.com/posts/telework-privacy-anxiety-soundproof-room/,0,1,0.0%,57.0
ディスク ふにゃふにゃシステム 苦情,https://bouon-lab.com/posts/electronic-drum-vibration/,0,6,0.0%,16.0
ドラム 防音室,https://bouon-lab.com/posts/drum-soundproof-room/,0,10,0.0%,77.7
ドラム 騒音,https://bouon-lab.com/posts/electronic-drum-vibration/,0,1,0.0%,69.0
ニトリ 吸音,https://bouon-lab.com/posts/nitori-soundproof-acoustic-guide/,0,1,0.0%,15.0
ニトリ 吸音パネル 効果,https://bouon-lab.com/posts/nitori-soundproof-acoustic-guide/,0,3,0.0%,11.0
ニトリ 防音,https://bouon-lab.com/posts/nitori-soundproof-acoustic-guide/,0,3,0.0%,40.7
ニトリ 防音 壁,https://bouon-lab.com/posts/nitori-soundproof-acoustic-guide/,0,3,0.0%,47.0
ニトリ 防音 壁 効果,https://bouon-lab.com/posts/nitori-soundproof-acoustic-guide/,0,11,0.0%,10.6
ニトリ 防音壁 効果,https://bouon-lab.com/posts/nitori-soundproof-acoustic-guide/,0,2,0.0%,9.5
ニトリ防音,https://bouon-lab.com/posts/nitori-soundproof-acoustic-guide/,0,1,0.0%,36.0
ノイズ アース,https://bouon-lab.com/posts/cable-noise-ground-loop-prevention/,0,3,0.0%,95.0
ノイズ アース 対策,https://bouon-lab.com/posts/cable-noise-ground-loop-prevention/,0,4,0.0%,91.8
ノイズ アース 線,https://bouon-lab.com/posts/cable-noise-ground-loop-prevention/,0,10,0.0%,85.6
ノイズ 対策 アース,https://bouon-lab.com/posts/cable-noise-ground-loop-prevention/,0,6,0.0%,87.5
ハムノイズ,https://bouon-lab.com/tags/%E3%83%8F%E3%83%A0%E3%83%8E%E3%82%A4%E3%82%BA/,0,1,0.0%,72.0
ピアノ 住宅ローン,https://bouon-lab.com/posts/soundproof-room-loan/,0,41,0.0%,33.0
ピアノ 打鍵音 振動 音 対策,https://bouon-lab.com/posts/electronic-piano-vibration-solution/,0,1,0.0%,26.0
ピアノ 防音室,https://bouon-lab.com/posts/piano-proofroom-select-guide/,0,4,0.0%,77.8
ピアノ教室 防音室,https://bouon-lab.com/posts/kids-practice-soundproof-room-guide/,0,5,0.0%,97.2
ピアノ防音 京都,https://bouon-lab.com/posts/kyoto-soundproof-rental-guide/,0,1,0.0%,65.0
プラダン 防音効果,https://bouon-lab.com/posts/diy-soundproofing-tips/,0,1,0.0%,16.0
ベース トラップ,https://bouon-lab.com/posts/bass-trap-installation-guide/,0,1,0.0%,98.0
ベース トラップ 自作,https://bouon-lab.com/posts/bass-trap-installation-guide/,0,1,0.0%,37.0
ベーストラップ 自作,https://bouon-lab.com/posts/bass-trap-installation-guide/,0,2,0.0%,17.0
ポッドキャストマイク,https://bouon-lab.com/posts/podcast-casterproof-micsetting/,0,1,0.0%,65.0
マンション 楽器 何時まで,https://bouon-lab.com/posts/bourental-music-ensoutaime/,0,1,0.0%,19.0
マンション 防音室,https://bouon-lab.com/posts/bouon-setti-checkpoint/,0,7,0.0%,53.9
マンション防音室,https://bouon-lab.com/posts/bouon-setti-checkpoint/,0,3,0.0%,48.7
マンション防音工事 大阪,https://bouon-lab.com/posts/osaka-soundproof-rental-guide/,0,1,0.0%,79.0
マンション防音工事 神戸,https://bouon-lab.com/posts/kobe-soundproof-rental-guide/,0,1,0.0%,61.0
ミュージション,https://bouon-lab.com/posts/musision-soundproof-rental-review/,0,1,0.0%,10.0
ミュージション うるさい,https://bouon-lab.com/posts/musision-soundproof-rental-review/,0,1,0.0%,13.0
ヤマハ 防音室 賃貸,https://bouon-lab.com/posts/rental-unit-soundproof-room/,0,1,0.0%,20.0
ユニット式防音室,https://bouon-lab.com/posts/soundproof-room-types/,0,6,0.0%,39.8
ライブ配信者 自宅特定対策,https://bouon-lab.com/posts/vtuber-proofroom-knowledge/,0,1,0.0%,50.0
リフォーム 防音壁,https://bouon-lab.com/posts/soundproof-wall-construction-guide/,0,1,0.0%,75.0
ワンタッチ 防音 壁 買う前,https://bouon-lab.com/posts/ontouch-soundproof-panel-effective/,0,1,0.0%,26.0
ワンタッチ 防音 壁 賃貸,https://bouon-lab.com/posts/ontouch-soundproof-panel-effective/,0,3,0.0%,32.7
ワンタッチ防音壁 効果,https://bouon-lab.com/posts/ontouch-soundproof-panel-effective/,0,2,0.0%,15.5
ワンタッチ防音壁 評判,https://bouon-lab.com/posts/ontouch-soundproof-panel-effective/,0,1,0.0%,24.0
ワンルーム 騒音,https://bouon-lab.com/posts/one-room-streaming-soundproof/,0,1,0.0%,58.0
一人暮らし 配信 防音,https://bouon-lab.com/posts/one-room-streaming-soundproof/,0,1,0.0%,11.0
一戸建て 騒音 苦情,https://bouon-lab.com/posts/bouon-kujyou-taisaku/,0,3,0.0%,63.7
一戸建て 騒音苦情,https://bouon-lab.com/posts/bouon-kujyou-taisaku/,0,11,0.0%,40.1
二重窓 防音 どのくらい,https://bouon-lab.com/posts/proof-doorchoice-setting/,0,1,0.0%,77.0
二重窓 防音 効果なし,https://bouon-lab.com/posts/inner-window-double-window-market-news/,0,3,0.0%,87.0
京都 賃貸 防音,https://bouon-lab.com/posts/kyoto-soundproof-rental-guide/,0,2,0.0%,52.0
京都 防音 物件,https://bouon-lab.com/posts/kyoto-soundproof-rental-guide/,0,2,0.0%,46.0
仙台 防音,https://bouon-lab.com/posts/sendai-soundproof-rental-guide/,0,1,0.0%,49.0
仙台 防音 賃貸,https://bouon-lab.com/posts/sendai-soundproof-rental-guide/,0,2,0.0%,35.0
仙台 防音室 賃貸,https://bouon-lab.com/posts/sendai-soundproof-rental-guide/,0,1,0.0%,22.0
伊丹 空港 騒音 補助金 いくら,https://bouon-lab.com/posts/airport-soundproof-subsidy/,0,1,0.0%,9.0
伊丹 空港 騒音 補助金 いくら,https://bouon-lab.com/posts/soundproof-subsidy-tokyo-osaka/,0,1,0.0%,22.0
千葉 防音室 物件,https://bouon-lab.com/posts/chiba-soundproof-rental-guide/,0,11,0.0%,36.5
吸音 ウォールパネル ニトリ 効果,https://bouon-lab.com/posts/nitori-soundproof-acoustic-guide/,0,3,0.0%,9.3
吸音 パネル ニトリ,https://bouon-lab.com/posts/nitori-soundproof-acoustic-guide/,0,1,0.0%,41.0
吸音 遮音 違い,https://bouon-lab.com/posts/absorption-vs-soundproofing-materials/,0,2,0.0%,72.5
吸音ウォールパネル ニトリ 効果,https://bouon-lab.com/posts/nitori-soundproof-acoustic-guide/,0,1,0.0%,10.0
吸音パネル ニトリ,https://bouon-lab.com/posts/nitori-soundproof-acoustic-guide/,0,1,0.0%,52.0
吸音パネル ニトリ 効果,https://bouon-lab.com/posts/nitori-soundproof-acoustic-guide/,0,5,0.0%,9.8
吸音材 効果 ない,https://bouon-lab.com/posts/absorption-vs-soundproofing-materials/,0,1,0.0%,19.0
吸音材 貼り方 位置,https://bouon-lab.com/posts/gamer-acoustic-placement/,0,2,0.0%,22.5
吸音材 遮音材 違い グラフ,https://bouon-lab.com/posts/sound-insulation-vs-absorption/,0,8,0.0%,40.4
吸音材 遮音材 違い 効果,https://bouon-lab.com/posts/sound-insulation-vs-absorption/,0,3,0.0%,38.3
吸音材 遮音材 順番,https://bouon-lab.com/posts/absorption-vs-soundproofing-materials/,0,1,0.0%,19.0
吸音材市場調査,https://bouon-lab.com/posts/acoustic-material-new-trend-2025/,0,1,0.0%,29.0
壁 防音 工事 費用,https://bouon-lab.com/posts/soundproof-wall-construction-guide/,0,1,0.0%,95.0
壁に貼る 防音シート 賃貸 ニトリ,https://bouon-lab.com/posts/nitori-soundproof-acoustic-guide/,0,1,0.0%,48.0
大宮 防音室,https://bouon-lab.com/posts/saitama-soundproof-rental-guide/,0,1,0.0%,19.0
宅録 防音 クローゼット,https://bouon-lab.com/posts/closet-diy-soundproof-room/,0,1,0.0%,17.0
打楽器 防音,https://bouon-lab.com/categories/%E6%A5%BD%E5%99%A8%E6%BC%94%E5%A5%8F%E8%80%85%E5%90%91%E3%81%91/,0,5,0.0%,79.8
日本の防音市場,https://bouon-lab.com/categories/%E5%B8%82%E5%A0%B4%E3%83%8B%E3%83%A5%E3%83%BC%E3%82%B9/,0,9,0.0%,68.6
日本の防音市場,https://bouon-lab.com/posts/acoustic-material-new-trend-2025/,0,22,0.0%,53.8
日本の防音市場,https://bouon-lab.com/posts/grobal-soundproof-marketcheck/,0,23,0.0%,52.3
日本の防音市場,https://bouon-lab.com/posts/japan-bouonproof-marketnextasia/,0,19,0.0%,18.2
日本の防音市場,https://bouon-lab.com/posts/soundproof-market-esg-trend/,0,7,0.0%,29.6
日本の防音市場,https://bouon-lab.com/posts/weekly-soundproof-news-20251202/,0,14,0.0%,80.4
木造アパート 音 騒音 防音,https://bouon-lab.com/posts/wooden-apartment-soundproof-guide/,0,1,0.0%,6.0
楽器可 物件 防音 嘘,https://bouon-lab.com/posts/soundproof-rental-vs-instrument-allowed/,0,4,0.0%,7.8
楽器可 防音性能 db,https://bouon-lab.com/posts/bourental-musicacespt-choice/,0,4,0.0%,40.5
楽器可 防音性能 db,https://bouon-lab.com/posts/bourental-syaouseid-choiceindi/,0,3,0.0%,42.3
注文住宅 防音室 ドラム,https://bouon-lab.com/posts/drum-soundproof-room/,0,1,0.0%,85.0
神奈川 防音室,https://bouon-lab.com/posts/kanagawa-soundproof-rental-guide/,0,3,0.0%,46.3
神戸市 防音室,https://bouon-lab.com/posts/kobe-soundproof-rental-guide/,0,9,0.0%,41.8
福岡 防音 賃貸,https://bouon-lab.com/posts/fukuoka-soundproof-rental-guide/,0,1,0.0%,50.0
自作防音室,https://bouon-lab.com/posts/soundproof-room-diy-complete-manual/,0,1,0.0%,66.0
賃貸 住宅 楽器 防音,https://bouon-lab.com/posts/soundproof-rental-vs-instrument-allowed/,0,1,0.0%,41.0
賃貸 千葉 防音,https://bouon-lab.com/posts/chiba-soundproof-rental-guide/,0,6,0.0%,42.7
賃貸 壁 防音 diy,https://bouon-lab.com/posts/diy-barrier-wall-hacks/,0,4,0.0%,51.0
賃貸 大阪 防音,https://bouon-lab.com/posts/osaka-soundproof-rental-guide/,0,2,0.0%,46.5
賃貸 神戸 防音,https://bouon-lab.com/posts/kobe-soundproof-rental-guide/,0,2,0.0%,49.0
賃貸 防音 diy,https://bouon-lab.com/posts/diy-barrier-wall-hacks/,0,1,0.0%,59.0
賃貸 防音 大阪,https://bouon-lab.com/posts/osaka-soundproof-rental-guide/,0,2,0.0%,46.5
賃貸 防音 室,https://bouon-lab.com/categories/%E9%98%B2%E9%9F%B3%E8%B3%83%E8%B2%B8/,0,1,0.0%,81.0
賃貸 防音 室 許可,https://bouon-lab.com/posts/rental-proofroom-contractcheck/,0,11,0.0%,17.5
賃貸 防音 室 許可,https://bouon-lab.com/posts/rental-unit-soundproof-room/,0,2,0.0%,31.0
賃貸 防音 対策 ゲーム,https://bouon-lab.com/posts/rental-game-soundproof-booth-3man/,0,2,0.0%,27.0
賃貸 防音 神奈川,https://bouon-lab.com/posts/kanagawa-soundproof-rental-guide/,0,6,0.0%,48.3
賃貸 防音室 大阪,https://bouon-lab.com/posts/osaka-soundproof-rental-guide/,0,10,0.0%,42.1
賃貸 防音室 許可 なぜ,https://bouon-lab.com/posts/bourental-merit-demerit/,0,2,0.0%,36.5
遮音 吸音 違い,https://bouon-lab.com/posts/absorption-vs-soundproofing-materials/,0,2,0.0%,71.0
遮音値とは,https://bouon-lab.com/posts/bouon-dchiseinou-meyasu/,0,2,0.0%,95.0
遮音材 ホームセンター,https://bouon-lab.com/posts/soundproof-material-selection-purchase-guide/,0,1,0.0%,20.0
遮音材市場調査,https://bouon-lab.com/posts/acoustic-material-new-trend-2025/,0,3,0.0%,34.3
遮音材市場調査,https://bouon-lab.com/posts/grobal-soundproof-marketcheck/,0,1,0.0%,52.0
遮音材市場調査,https://bouon-lab.com/posts/soundproof-market-esg-trend/,0,1,0.0%,60.0
部屋 防音 ゲーム,https://bouon-lab.com/posts/rental-game-soundproof-booth-3man/,0,1,0.0%,99.0
部屋を防音室にしたい diy,https://bouon-lab.com/posts/diy-wall-soundproofing-room-guide/,0,1,0.0%,54.0
配信 者 防音 対策,https://bouon-lab.com/posts/one-room-streaming-soundproof/,0,1,0.0%,76.0
配信 部屋,https://bouon-lab.com/posts/streaming-room-layout-examples/,0,1,0.0%,40.0
配信 防音 自作,https://bouon-lab.com/posts/diy-led-acoustic-panels/,0,1,0.0%,70.0
配信環境 部屋,https://bouon-lab.com/posts/streaming-room-layout-examples/,0,1,0.0%,28.0
配信者 部屋,https://bouon-lab.com/posts/streamer-proofroom-setting/,0,2,0.0%,99.5
配信者 部屋,https://bouon-lab.com/posts/streaming-room-layout-examples/,0,1,0.0%,67.0
配信者 部屋 レイアウト,https://bouon-lab.com/posts/streaming-room-layout-examples/,0,3,0.0%,8.0
配信部屋,https://bouon-lab.com/posts/streaming-room-layout-examples/,0,3,0.0%,47.0
配信部屋 レイアウト,https://bouon-lab.com/posts/streaming-room-layout-examples/,0,3,0.0%,19.3
配信部屋 防音 賃貸,https://bouon-lab.com/posts/soundproof-rental-life-streamer/,0,3,0.0%,37.0
配信部屋レイアウト,https://bouon-lab.com/posts/streaming-room-layout-examples/,0,1,0.0%,17.0
防振床,https://bouon-lab.com/posts/vibration-isolation-technology-trend/,0,3,0.0%,72.3
防音 アパート 埼玉,https://bouon-lab.com/posts/saitama-soundproof-rental-guide/,0,5,0.0%,46.4
防音 テント ニトリ,https://bouon-lab.com/posts/nitori-soundproof-acoustic-guide/,0,1,0.0%,26.0
防音 ニトリ,https://bouon-lab.com/posts/nitori-soundproof-acoustic-guide/,0,2,0.0%,41.5
防音 ノウハウ,https://bouon-lab.com/posts/diy-soundproofing-tips/,0,1,0.0%,100.0
防音 パネル ニトリ,https://bouon-lab.com/posts/nitori-soundproof-acoustic-guide/,0,1,0.0%,44.0
防音 マスク 自作,https://bouon-lab.com/posts/diy-vocal-soundproof-mask/,0,1,0.0%,31.0
防音 マスク 自作,https://bouon-lab.com/tags/%E8%87%AA%E4%BD%9C/,0,1,0.0%,36.0
防音 マット ニトリ 効果,https://bouon-lab.com/posts/nitori-soundproof-acoustic-guide/,0,6,0.0%,39.5
防音 マンション 神奈川,https://bouon-lab.com/posts/kanagawa-soundproof-rental-guide/,0,5,0.0%,49.6
防音 マンション 賃貸,https://bouon-lab.com/categories/%E9%98%B2%E9%9F%B3%E8%B3%83%E8%B2%B8/,0,1,0.0%,89.0
防音 リフォーム 補助金,https://bouon-lab.com/posts/soundproof-subsidy-system-list/,0,1,0.0%,86.0
防音 吸音 違い,https://bouon-lab.com/posts/absorption-vs-soundproofing-materials/,0,2,0.0%,69.5
防音 壁 工事,https://bouon-lab.com/posts/soundproof-wall-construction-guide/,0,2,0.0%,69.0
防音 壁 構造,https://bouon-lab.com/posts/soundproof-room-mechanism/,0,1,0.0%,68.0
防音 大阪,https://bouon-lab.com/posts/osaka-soundproof-rental-guide/,0,1,0.0%,80.0
防音 安価,https://bouon-lab.com/posts/diy-soundproofing-tips/,0,1,0.0%,30.0
防音 室 ドラム,https://bouon-lab.com/posts/drum-soundproof-room/,0,3,0.0%,75.0
防音 室 ピアノ,https://bouon-lab.com/posts/piano-proofroom-select-guide/,0,2,0.0%,72.5
防音 室 レンタル 賃貸,https://bouon-lab.com/categories/%E9%98%B2%E9%9F%B3%E8%B3%83%E8%B2%B8/,0,1,0.0%,78.0
防音 室 価格,https://bouon-lab.com/posts/bouon-price-souba/,0,1,0.0%,35.0
防音 室 価格,https://bouon-lab.com/posts/soundproof-room-price/,0,1,0.0%,48.0
防音 室 値段,https://bouon-lab.com/posts/bouon-price-souba/,0,10,0.0%,46.5
防音 室 値段,https://bouon-lab.com/posts/soundproof-room-price-complete-guide-2025/,0,12,0.0%,47.8
防音 室 値段,https://bouon-lab.com/posts/soundproof-room-price-complete-guide/,0,1,0.0%,71.0
防音 室 値段,https://bouon-lab.com/posts/soundproof-room-price-market/,0,3,0.0%,66.7
防音 室 値段,https://bouon-lab.com/posts/soundproof-room-price/,0,25,0.0%,47.0
防音 室 値段,https://bouon-lab.com/tags/%E9%98%B2%E9%9F%B3%E5%AE%A4%E7%9B%B8%E5%A0%B4/,0,1,0.0%,79.0
防音 室 値段 6 畳,https://bouon-lab.com/posts/soundproof-room-price-complete-guide-2025/,0,1,0.0%,57.0
防音 室 壁 構造,https://bouon-lab.com/posts/soundproof-room-mechanism/,0,1,0.0%,98.0
防音 室 構造,https://bouon-lab.com/posts/soundproof-room-mechanism/,0,3,0.0%,46.0
防音 室 構造,https://bouon-lab.com/tags/%E9%98%B2%E9%9F%B3%E5%AE%A4%E4%BB%95%E7%B5%84%E3%81%BF/,0,3,0.0%,97.0
防音 室 自作,https://bouon-lab.com/posts/soundproof-room-diy-complete-manual/,0,2,0.0%,72.5
防音 工事 補助 金,https://bouon-lab.com/posts/soundproof-subsidy-check-guide/,0,1,0.0%,66.0
防音 工事 補助 金,https://bouon-lab.com/posts/soundproof-subsidy-system-list/,0,1,0.0%,58.0
防音 工事 補助 金,https://bouon-lab.com/posts/soundproof-subsidy-three-cases/,0,1,0.0%,61.0
防音 工事 補助 金,https://bouon-lab.com/posts/soundproof-subsidy-tokyo-osaka/,0,1,0.0%,68.0
防音 工事 補助 金,https://bouon-lab.com/posts/soundproof-subsidy-zero-cost/,0,1,0.0%,64.0
防音 工事 補助 金,https://bouon-lab.com/tags/%E4%BD%8F%E5%AE%85%E9%98%B2%E9%9F%B3%E5%B7%A5%E4%BA%8B/,0,1,0.0%,70.0
防音 性能表記,https://bouon-lab.com/posts/bouon-dchiseinou-meyasu/,0,2,0.0%,73.0
防音 物件 賃貸,https://bouon-lab.com/categories/%E9%98%B2%E9%9F%B3%E8%B3%83%E8%B2%B8/,0,1,0.0%,86.0
防音 自作 賃貸,https://bouon-lab.com/posts/diy-barrier-wall-hacks/,0,1,0.0%,49.0
防音 賃貸,https://bouon-lab.com/categories/%E9%98%B2%E9%9F%B3%E8%B3%83%E8%B2%B8/,0,2,0.0%,41.5
防音 賃貸 diy,https://bouon-lab.com/posts/diy-barrier-wall-hacks/,0,1,0.0%,60.0
防音 賃貸 京都,https://bouon-lab.com/posts/kyoto-soundproof-rental-guide/,0,6,0.0%,46.0
防音 賃貸 千葉,https://bouon-lab.com/posts/chiba-soundproof-rental-guide/,0,8,0.0%,44.3
防音 賃貸 埼玉,https://bouon-lab.com/posts/saitama-soundproof-rental-guide/,0,4,0.0%,43.5
防音 賃貸 大阪,https://bouon-lab.com/posts/osaka-soundproof-rental-guide/,0,8,0.0%,48.6
防音 賃貸 神奈川,https://bouon-lab.com/posts/kanagawa-soundproof-rental-guide/,0,1,0.0%,44.0
防音 賃貸 福岡,https://bouon-lab.com/posts/fukuoka-soundproof-rental-guide/,0,7,0.0%,45.7
防音 賃貸 関西,https://bouon-lab.com/posts/osaka-soundproof-rental-guide/,0,1,0.0%,43.0
防音 賃貸マンション 神奈川,https://bouon-lab.com/posts/kanagawa-soundproof-rental-guide/,0,1,0.0%,50.0
防音 部屋 値段,https://bouon-lab.com/posts/soundproof-room-price/,0,1,0.0%,85.0
防音 配信,https://bouon-lab.com/posts/one-room-streaming-soundproof/,0,1,0.0%,99.0
防音 配信,https://bouon-lab.com/posts/streamer-proofroom-setting/,0,1,0.0%,93.0
防音シート 壁 ニトリ,https://bouon-lab.com/posts/nitori-soundproof-acoustic-guide/,0,3,0.0%,42.0
防音シート 壁 ニトリ 効果,https://bouon-lab.com/posts/nitori-soundproof-acoustic-guide/,0,4,0.0%,13.0
防音シート 窓 ニトリ 効果,https://bouon-lab.com/posts/nitori-soundproof-acoustic-guide/,0,3,0.0%,24.7
防音テント ニトリ,https://bouon-lab.com/posts/nitori-soundproof-acoustic-guide/,0,1,0.0%,22.0
防音ニトリ,https://bouon-lab.com/posts/nitori-soundproof-acoustic-guide/,0,1,0.0%,41.0
防音マスク ゲーム 自作,https://bouon-lab.com/tags/%E8%87%AA%E4%BD%9C/,0,3,0.0%,38.0
防音マスク 作り方,https://bouon-lab.com/posts/diy-vocal-soundproof-mask/,0,1,0.0%,18.0
防音マスク 自作,https://bouon-lab.com/tags/%E8%87%AA%E4%BD%9C/,0,1,0.0%,57.0
防音マット ニトリ 効果,https://bouon-lab.com/posts/nitori-soundproof-acoustic-guide/,0,3,0.0%,27.7
防音ラボ,https://bouon-lab.com/,0,1,0.0%,5.0
防音リフォーム 神戸,https://bouon-lab.com/posts/kobe-soundproof-rental-guide/,0,1,0.0%,69.0
防音壁 工事,https://bouon-lab.com/posts/soundproof-wall-construction-guide/,0,2,0.0%,63.0
防音壁工事,https://bouon-lab.com/posts/soundproof-wall-construction-guide/,0,1,0.0%,65.0
防音室 100万,https://bouon-lab.com/ja/solutions/unit-rooms/bouon-osusume-hikaku/,0,1,0.0%,45.0
防音室 100万,https://bouon-lab.com/posts/million-yen-soundproof-room-professional/,0,11,0.0%,15.2
防音室 100万,https://bouon-lab.com/posts/soundproof-room-budget-selection-guide/,0,16,0.0%,34.6
防音室 100万,https://bouon-lab.com/posts/soundproof-room-price/,0,5,0.0%,43.6
防音室 10畳,https://bouon-lab.com/posts/soundproof-room-price-complete-guide-2025/,0,1,0.0%,47.0
防音室 400万,https://bouon-lab.com/posts/soundproof-room-price-complete-guide-2025/,0,1,0.0%,16.0
防音室 4畳 値段,https://bouon-lab.com/posts/soundproof-room-price-market/,0,1,0.0%,20.0
防音室 6畳 自作,https://bouon-lab.com/posts/soundproof-room-diy-complete-manual/,0,2,0.0%,50.5
防音室 diy,https://bouon-lab.com/posts/soundproof-room-diy-complete-manual/,0,6,0.0%,53.2
防音室 wifi,https://bouon-lab.com/posts/soundproof-room-internet-lan-guide/,0,2,0.0%,15.5
防音室 wifi,https://bouon-lab.com/posts/soundproof-room-wifi-guide/,0,5,0.0%,11.4
防音室 いくら,https://bouon-lab.com/posts/soundproof-room-price-complete-guide-2025/,0,1,0.0%,63.0
防音室 いくら,https://bouon-lab.com/posts/soundproof-room-price-market/,0,1,0.0%,86.0
防音室 いくら,https://bouon-lab.com/posts/soundproof-room-price/,0,1,0.0%,92.0
防音室 エアコン 換気扇,https://bouon-lab.com/posts/bouon-kanki-taisaku/,0,4,0.0%,46.5
防音室 エアコン 換気扇,https://bouon-lab.com/posts/proofroom-aircondition-select/,0,3,0.0%,16.0
防音室 エアコン 換気扇,https://bouon-lab.com/posts/proofroom-humidity-airconditionlist/,0,2,0.0%,77.5
防音室 エアコン 換気扇,https://bouon-lab.com/posts/proofroom-lowsound-windsoundnone/,0,4,0.0%,40.0
防音室 エアコン 換気扇,https://bouon-lab.com/posts/self-built-booth-ventilation/,0,2,0.0%,80.5
防音室 エアコン 換気扇,https://bouon-lab.com/tags/%E6%8F%9B%E6%B0%97%E6%89%87%E9%9D%99%E9%9F%B3%E5%8C%96/,0,4,0.0%,86.3
防音室 エアコン 換気扇,https://bouon-lab.com/tags/%E7%A9%BA%E8%AA%BF%E8%A8%AD%E5%82%99/,0,3,0.0%,81.7
防音室 エアコンなし,https://bouon-lab.com/posts/spot-cooler-gaming-streamer/,0,1,0.0%,16.0
防音室 ギター,https://bouon-lab.com/posts/guitar-soundproof-room-selection-guide/,0,1,0.0%,73.0
防音室 クローゼット,https://bouon-lab.com/posts/closet-diy-soundproof-room/,0,1,0.0%,56.0
防音室 ゲーム 安い,https://bouon-lab.com/posts/rental-game-soundproof-booth-3man/,0,1,0.0%,58.0
防音室 ゲーム配信,https://bouon-lab.com/posts/streamer-proofroom-setting/,0,1,0.0%,43.0
防音室 サイズ,https://bouon-lab.com/posts/soundproof-room-price/,0,1,0.0%,28.0
防音室 サックス,https://bouon-lab.com/posts/saxophone-practice-apartment/,0,3,0.0%,60.7
防音室 サブスク,https://bouon-lab.com/posts/soundproof-room-rental-cost/,0,2,0.0%,18.5
防音室 ドラム,https://bouon-lab.com/posts/drum-soundproof-room/,0,5,0.0%,56.0
防音室 ピアノ,https://bouon-lab.com/posts/piano-proofroom-select-guide/,0,1,0.0%,68.0
防音室 マンション 設置,https://bouon-lab.com/posts/bouon-setti-checkpoint/,0,2,0.0%,43.0
防音室 ローン,https://bouon-lab.com/posts/soundproof-room-loan/,0,3,0.0%,11.0
防音室 予算,https://bouon-lab.com/posts/soundproof-room-price/,0,1,0.0%,46.0
防音室 仕組み,https://bouon-lab.com/posts/soundproof-room-mechanism/,0,2,0.0%,24.0
防音室 価格,https://bouon-lab.com/posts/bouon-price-souba/,0,4,0.0%,53.3
防音室 価格,https://bouon-lab.com/posts/soundproof-room-price-complete-guide-2025/,0,4,0.0%,44.0
防音室 価格,https://bouon-lab.com/posts/soundproof-room-price/,0,7,0.0%,61.3
防音室 値段,https://bouon-lab.com/posts/bouon-price-souba/,0,11,0.0%,45.0
防音室 値段,https://bouon-lab.com/posts/soundproof-room-price-complete-guide-2025/,0,13,0.0%,41.0
防音室 値段,https://bouon-lab.com/posts/soundproof-room-price-complete-guide/,0,6,0.0%,69.8
防音室 値段,https://bouon-lab.com/posts/soundproof-room-price-market/,0,9,0.0%,56.6
防音室 値段,https://bouon-lab.com/posts/soundproof-room-price/,0,38,0.0%,45.7
防音室 値段,https://bouon-lab.com/tags/%E9%98%B2%E9%9F%B3%E5%AE%A4%E7%9B%B8%E5%A0%B4/,0,8,0.0%,75.8
防音室 埼玉,https://bouon-lab.com/posts/saitama-soundproof-rental-guide/,0,6,0.0%,44.0
防音室 安い,https://bouon-lab.com/posts/soundproof-room-cheapest/,0,2,0.0%,26.5
防音室 工事 見積もり,https://bouon-lab.com/posts/soundproof-room-price-complete-guide-2025/,0,3,0.0%,92.7
防音室 工事 見積もり,https://bouon-lab.com/posts/soundproof-room-price-complete-guide/,0,2,0.0%,99.5
防音室 工事 賃貸,https://bouon-lab.com/posts/rental-unit-soundproof-room/,0,8,0.0%,81.4
防音室 引越し,https://bouon-lab.com/posts/soundproof-room-moving/,0,1,0.0%,14.0
防音室 暑い,https://bouon-lab.com/posts/bouon-kanki-taisaku/,0,4,0.0%,29.8
防音室 暑い,https://bouon-lab.com/posts/proofroom-humidity-airconditionlist/,0,1,0.0%,45.0
防音室 有線lan,https://bouon-lab.com/posts/soundproof-room-internet-lan-guide/,0,3,0.0%,11.7
防音室 構造,https://bouon-lab.com/posts/soundproof-room-mechanism/,0,3,0.0%,47.0
防音室 構造,https://bouon-lab.com/tags/%E9%98%B2%E9%9F%B3%E5%AE%A4%E4%BB%95%E7%B5%84%E3%81%BF/,0,2,0.0%,95.0
防音室 物件 大阪,https://bouon-lab.com/posts/osaka-soundproof-rental-guide/,0,3,0.0%,46.3
防音室 移設 費用,https://bouon-lab.com/posts/soundproof-room-moving/,0,2,0.0%,25.0
防音室 自作,https://bouon-lab.com/posts/soundproof-room-diy-complete-manual/,0,11,0.0%,66.1
防音室 自作 おすすめ 素材,https://bouon-lab.com/posts/soundproof-material-selection-purchase-guide/,0,2,0.0%,48.0
防音室 自作 キット,https://bouon-lab.com/posts/soundproof-room-diy-complete-manual/,0,2,0.0%,38.0
防音室 自作 キット,https://bouon-lab.com/tags/%E3%82%AD%E3%83%83%E3%83%88/,0,2,0.0%,40.5
防音室 自作 ゲーム,https://bouon-lab.com/posts/rental-game-soundproof-booth-3man/,0,2,0.0%,27.0
防音室 自作 効果なし,https://bouon-lab.com/posts/diy-soundproof-room-failures-solutions/,0,7,0.0%,34.4
防音室 自作 失敗,https://bouon-lab.com/posts/diy-soundproof-room-failures-solutions/,0,2,0.0%,32.5
防音室 自作 失敗,https://bouon-lab.com/posts/diy-wall-soundproofing-room-guide/,0,2,0.0%,65.5
防音室 自作 失敗,https://bouon-lab.com/posts/soundproof-room-diy-complete-manual/,0,1,0.0%,56.0
防音室 自作 費用,https://bouon-lab.com/posts/soundproof-room-diy-cost/,0,1,0.0%,23.0
防音室 自作 遮音シート 効果,https://bouon-lab.com/posts/diy-limitation-low-frequency-noise/,0,2,0.0%,29.0
防音室 見積もり,https://bouon-lab.com/posts/soundproof-room-price-complete-guide-2025/,0,2,0.0%,50.0
防音室 見積もり,https://bouon-lab.com/posts/soundproof-room-price-complete-guide/,0,1,0.0%,94.0
防音室 見積もり,https://bouon-lab.com/posts/soundproof-room-price/,0,4,0.0%,81.5
防音室 買取,https://bouon-lab.com/posts/soundproof-room-purchase-price/,0,10,0.0%,47.9
防音室 賃貸 千葉,https://bouon-lab.com/posts/chiba-soundproof-rental-guide/,0,8,0.0%,36.5
防音室 賃貸 埼玉,https://bouon-lab.com/posts/saitama-soundproof-rental-guide/,0,8,0.0%,36.0
防音室 賃貸 大阪,https://bouon-lab.com/posts/osaka-soundproof-rental-guide/,0,6,0.0%,38.2
防音室 賃貸 横浜,https://bouon-lab.com/posts/kanagawa-soundproof-rental-guide/,0,2,0.0%,46.0
防音室 賃貸 神奈川,https://bouon-lab.com/posts/kanagawa-soundproof-rental-guide/,0,6,0.0%,39.5
防音室 賃貸 神戸,https://bouon-lab.com/posts/kobe-soundproof-rental-guide/,0,10,0.0%,35.1
防音室 賃貸 福岡,https://bouon-lab.com/posts/fukuoka-soundproof-rental-guide/,0,8,0.0%,42.1
防音室 賃貸 関西,https://bouon-lab.com/posts/osaka-soundproof-rental-guide/,0,7,0.0%,42.7
防音室 電子ドラム,https://bouon-lab.com/tags/%E9%9B%BB%E5%AD%90%E3%83%89%E3%83%A9%E3%83%A0/,0,1,0.0%,46.0
防音室レンタル 月額,https://bouon-lab.com/posts/soundproof-room-rental-cost/,0,1,0.0%,26.0
防音室付き 賃貸 神奈川,https://bouon-lab.com/posts/kanagawa-soundproof-rental-guide/,0,1,0.0%,35.0
防音室値段,https://bouon-lab.com/posts/bouon-price-souba/,0,1,0.0%,32.0
防音室値段,https://bouon-lab.com/posts/soundproof-room-price-complete-guide-2025/,0,1,0.0%,43.0
防音室値段,https://bouon-lab.com/posts/soundproof-room-price-market/,0,1,0.0%,52.0
防音室値段,https://bouon-lab.com/posts/soundproof-room-price/,0,1,0.0%,60.0
防音室値段,https://bouon-lab.com/tags/%E9%98%B2%E9%9F%B3%E5%AE%A4%E7%9B%B8%E5%A0%B4/,0,1,0.0%,73.0
防音室自作,https://bouon-lab.com/posts/soundproof-room-diy-complete-manual/,0,1,0.0%,51.0
防音室買取,https://bouon-lab.com/posts/soundproof-room-purchase-price/,0,1,0.0%,52.0
防音室買取 九州,https://bouon-lab.com/posts/soundproof-room-purchase-price/,0,1,0.0%,42.0
防音室買取 東京,https://bouon-lab.com/posts/soundproof-room-purchase-price/,0,1,0.0%,61.0
防音工事 デメリット,https://bouon-lab.com/posts/soundproof-room-merit-demerit/,0,1,0.0%,40.0
防音工事 埼玉,https://bouon-lab.com/posts/saitama-soundproof-rental-guide/,0,1,0.0%,72.0
防音工事 神戸,https://bouon-lab.com/posts/kobe-soundproof-rental-guide/,0,7,0.0%,70.9
防音工事 種類,https://bouon-lab.com/posts/soundproof-room-types/,0,24,0.0%,92.4
防音工事 補助金,https://bouon-lab.com/posts/soundproof-subsidy-check-guide/,0,5,0.0%,75.4
防音工事 補助金,https://bouon-lab.com/posts/soundproof-subsidy-system-list/,0,5,0.0%,65.6
防音工事 補助金,https://bouon-lab.com/posts/soundproof-subsidy-three-cases/,0,3,0.0%,66.7
防音工事 補助金,https://bouon-lab.com/posts/soundproof-subsidy-zero-cost/,0,3,0.0%,63.3
防音工事 補助金,https://bouon-lab.com/tags/%E4%BD%8F%E5%AE%85%E9%98%B2%E9%9F%B3%E5%B7%A5%E4%BA%8B/,0,4,0.0%,72.8
防音工事補助金,https://bouon-lab.com/posts/soundproof-subsidy-check-guide/,0,1,0.0%,69.0
防音工事補助金,https://bouon-lab.com/posts/soundproof-subsidy-system-list/,0,1,0.0%,54.0
防音工事補助金,https://bouon-lab.com/posts/soundproof-subsidy-three-cases/,0,1,0.0%,63.0
防音工事補助金,https://bouon-lab.com/posts/soundproof-subsidy-tokyo-osaka/,0,1,0.0%,65.0
防音工事補助金,https://bouon-lab.com/posts/soundproof-subsidy-zero-cost/,0,1,0.0%,60.0
防音工事補助金,https://bouon-lab.com/tags/%E4%BD%8F%E5%AE%85%E9%98%B2%E9%9F%B3%E5%B7%A5%E4%BA%8B/,0,1,0.0%,67.0
防音市場,https://bouon-lab.com/posts/soundproof-market-esg-trend/,0,2,0.0%,26.0
防音材市場,https://bouon-lab.com/posts/acoustic-material-new-trend-2025/,0,1,0.0%,28.0
防音賃貸 横浜 防音室,https://bouon-lab.com/posts/kanagawa-soundproof-rental-guide/,0,1,0.0%,48.0
隣人 楽器 演奏 時間帯,https://bouon-lab.com/posts/bourental-music-ensoutaime/,0,3,0.0%,21.3
電子 ドラム 騒音,https://bouon-lab.com/posts/electronic-drum-vibration/,0,2,0.0%,62.0
電子ドラム 防音室,https://bouon-lab.com/tags/%E9%9B%BB%E5%AD%90%E3%83%89%E3%83%A9%E3%83%A0/,0,2,0.0%,87.5
電子ピアノ カタカタ音 なくす,https://bouon-lab.com/posts/electronic-piano-vibration-solution/,0,1,0.0%,28.0
電子ピアノ 打鍵音 静か,https://bouon-lab.com/posts/electronic-piano-vibration-solution/,0,1,0.0%,56.0
静音リング 100 均,https://bouon-lab.com/posts/streamer-keyboard-silence/,0,1,0.0%,11.0
音の自由区 価格,https://bouon-lab.com/posts/soundproof-room-price-complete-guide-2025/,0,1,0.0%,10.0
音楽教室 防音室,https://bouon-lab.com/posts/kids-practice-soundproof-room-guide/,0,2,0.0%,90.5
音過敏症,https://bouon-lab.com/posts/sound-sensitivity-misophonia-coping-guide/,0,2,0.0%,88.0
音響材料市場,https://bouon-lab.com/posts/acoustic-material-new-trend-2025/,0,1,0.0%,55.0
騒音モニタリング市場,https://bouon-lab.com/posts/grobal-soundproof-marketcheck/,0,2,0.0%,75.0
騒音対策 科学的な遮音・吸音の使い分け,https://bouon-lab.com/posts/sound-insulation-vs-absorption/,0,3,0.0%,41.3