上位のページ,クリック数,表示回数,CTR,掲載順位
https://bouon-lab.com/posts/soundproof-room-humidifier-guide/,24,169,14.20%,7.04
https://bouon-lab.com/posts/rental-proofroom-contractcheck/,16,972,1.65%,7.17
https://bouon-lab.com/posts/bass-trap-installation-guide/,15,182,8.24%,13.97
https://bouon-lab.com/posts/closet-diy-soundproof-room/,14,299,4.68%,14.31
https://bouon-lab.com/posts/diy-vocal-soundproof-mask/,14,97,14.43%,10.26
https://bouon-lab.com/posts/soundproof-room-wifi-guide/,11,336,3.27%,7.55
https://bouon-lab.com/posts/gaming-streaming-floor-noise-control/,11,193,5.70%,7.31
https://bouon-lab.com/posts/thunder-bouon-stopnoise-knowlkefge/,11,115,9.57%,6.33
https://bouon-lab.com/posts/rt60-reverberation-measurement-guide/,9,106,8.49%,5.99
https://bouon-lab.com/posts/soundproof-room-internet-lan-guide/,8,306,2.61%,6.98
https://bouon-lab.com/posts/streaming-room-layout-examples/,8,287,2.79%,10.78
https://bouon-lab.com/posts/soundproof-room-cheapest/,8,143,5.59%,9.55
https://bouon-lab.com/posts/asmr-proofroom-guide/,8,102,7.84%,8.04
https://bouon-lab.com/posts/noise-regulation-update-2025/,7,222,3.15%,4.94
https://bouon-lab.com/posts/hsp-soundproof-room-guide/,7,32,21.88%,9.28
https://bouon-lab.com/posts/keyboard-sound-streaming-soundproof-guide/,6,390,1.54%,11.32
https://bouon-lab.com/posts/bouon-osusume-hikaku/,6,275,2.18%,12.26
https://bouon-lab.com/posts/soundproof-room-gap-caulking/,6,77,7.79%,10.52
https://bouon-lab.com/posts/sendai-soundproof-rental-guide/,6,52,11.54%,13.75
https://bouon-lab.com/posts/rental-unit-soundproof-room/,5,281,1.78%,13.85
https://bouon-lab.com/posts/soundproof-performance-dr-standard/,5,182,2.75%,8.45
https://bouon-lab.com/posts/musision-soundproof-rental-review/,5,172,2.91%,8.04
https://bouon-lab.com/posts/acoustic-panel-placement/,5,128,3.91%,9.22
https://bouon-lab.com/posts/soundproof-room-rental-cost/,5,85,5.88%,14.81
https://bouon-lab.com/posts/soundproof-room-tax-guide/,5,68,7.35%,5.59
https://bouon-lab.com/posts/soundproof-room-loan/,5,68,7.35%,24.01
https://bouon-lab.com/posts/soundproof-room-standard-size/,5,32,15.62%,14.97
https://bouon-lab.com/posts/vtuber-heat-noise-management/,5,31,16.13%,9
https://bouon-lab.com/en/posts/budget-soundproof-booth-comparison/,4,353,1.13%,5.27
https://bouon-lab.com/posts/bourental-music-ensoutaime/,4,273,1.47%,8.67
https://bouon-lab.com/posts/osaka-soundproof-rental-guide/,4,234,1.71%,19.49
https://bouon-lab.com/posts/streamer-proofroom-choicetech/,4,152,2.63%,21.99
https://bouon-lab.com/posts/soundproof-room-effectiveness/,4,133,3.01%,10.11
https://bouon-lab.com/posts/nitori-soundproof-acoustic-guide/,4,127,3.15%,18.01
https://bouon-lab.com/posts/streamer-trouble-rule/,4,107,3.74%,11.01
https://bouon-lab.com/posts/airport-soundproof-subsidy/,4,82,4.88%,11.4
https://bouon-lab.com/en/posts/vtuber-soundproof-environment-complete-guide/,4,79,5.06%,7.33
https://bouon-lab.com/posts/rental-game-soundproof-booth-3man/,4,49,8.16%,20.61
https://bouon-lab.com/posts/cello-vibration-proof/,4,10,40%,5.6
https://bouon-lab.com/posts/cable-noise-ground-loop-prevention/,3,579,0.52%,53.83
https://bouon-lab.com/posts/soundproof-room-diy-complete-manual/,3,182,1.65%,30.92
https://bouon-lab.com/posts/soundproof-room-price-market/,3,138,2.17%,16.91
https://bouon-lab.com/posts/ontouch-soundproof-panel-effective/,3,131,2.29%,14.89
https://bouon-lab.com/posts/one-room-streaming-soundproof/,3,120,2.50%,21.86
https://bouon-lab.com/posts/gamesteram-proofroom-soudflash/,3,119,2.52%,13.72
https://bouon-lab.com/posts/streaming-asmr-vtuber-soundproof-boom/,3,117,2.56%,5.62
https://bouon-lab.com/posts/million-yen-soundproof-room-professional/,3,96,3.12%,12.73
https://bouon-lab.com/posts/bouon-dchiseinou-meyasu/,3,94,3.19%,13.26
https://bouon-lab.com/posts/lossnay-ventilation-soundproof-room/,3,91,3.30%,7.62
https://bouon-lab.com/posts/bourental-syaouseid-choiceindi/,3,90,3.33%,10.01
https://bouon-lab.com/posts/asmr-soundproof-environment-guide/,3,85,3.53%,8.11
https://bouon-lab.com/posts/budget-soundproof-booth-comparison/,3,83,3.61%,7.31
https://bouon-lab.com/posts/vtuber-family-privacy-rules/,3,80,3.75%,4.61
https://bouon-lab.com/posts/diy-wall-soundproofing-room-guide/,3,72,4.17%,38.22
https://bouon-lab.com/en/,3,58,5.17%,4.36
https://bouon-lab.com/posts/bouonrental-market-research2025/,3,55,5.45%,9.58
https://bouon-lab.com/posts/road-soundproof-subsidy-guide/,3,29,10.34%,6.31
https://bouon-lab.com/en/posts/diy-vocal-soundproof-mask/,3,18,16.67%,9.44
https://bouon-lab.com/posts/rental-telework-soundproof-floor/,3,16,18.75%,10.06
https://bouon-lab.com/posts/rental-caution-cello/,3,8,37.50%,16.38
https://bouon-lab.com/en/posts/soundproof-room-price-complete-guide-2025/,2,913,0.22%,4.63
https://bouon-lab.com/posts/soundproof-culture-japan-vs-america/,2,387,0.52%,2.82
https://bouon-lab.com/en/posts/yamaha-avitecs-cefine-ns-guide/,2,177,1.13%,4.52
https://bouon-lab.com/posts/diy-soundproofing-tips/,2,159,1.26%,18.03
https://bouon-lab.com/posts/building-code-reform-2025-soundproof/,2,104,1.92%,6.21
https://bouon-lab.com/posts/soundproof-room-types/,2,77,2.60%,53.62
https://bouon-lab.com/posts/drum-soundproof-room/,2,75,2.67%,40.04
https://bouon-lab.com/posts/streaming-noise-appliance-soundproof-guide/,2,66,3.03%,8.11
https://bouon-lab.com/posts/bouoproof-maintnace/,2,65,3.08%,7.97
https://bouon-lab.com/posts/soundproof-subsidy-news-2025/,2,64,3.12%,14.05
https://bouon-lab.com/posts/gamer-acoustic-placement/,2,52,3.85%,12.88
https://bouon-lab.com/posts/yamaha-avitecs-cefine-ns-guide/,2,49,4.08%,7.96
https://bouon-lab.com/posts/piano-proofroom-select-guide/,2,47,4.26%,27.98
https://bouon-lab.com/posts/gamer-bouon-room-select/,2,44,4.55%,22.14
https://bouon-lab.com/posts/rental-vs-purchase-soundproof-room/,2,43,4.65%,9.02
https://bouon-lab.com/en/posts/soundproof-performance-dr-standard/,2,38,5.26%,6.03
https://bouon-lab.com/posts/workbooth-office-soundproof-trend/,2,37,5.41%,12.32
https://bouon-lab.com/posts/bouon-size-choice/,2,37,5.41%,17.89
https://bouon-lab.com/posts/saxophone-practice-apartment/,2,37,5.41%,20.76
https://bouon-lab.com/posts/kawai-nasal-soundproof-room-guide/,2,33,6.06%,9.67
https://bouon-lab.com/posts/guitar-soundproof-room-selection-guide/,2,30,6.67%,15.9
https://bouon-lab.com/posts/podcast-bouonproof-bestpracti/,2,28,7.14%,6.96
https://bouon-lab.com/,2,24,8.33%,7.83
https://bouon-lab.com/posts/soundproof-rental-market-october-2025/,2,20,10%,5.1
https://bouon-lab.com/posts/news-ryutubaibai-cyuko/,2,18,11.11%,11.11
https://bouon-lab.com/posts/telework-ambulance-siren-noisy/,2,15,13.33%,6.67
https://bouon-lab.com/posts/soundproof-performance-drum/,2,15,13.33%,14.33
https://bouon-lab.com/posts/co2-concentration-lossnay-productivity/,2,11,18.18%,7.36
https://bouon-lab.com/posts/diy-led-acoustic-panels/,2,9,22.22%,12.56
https://bouon-lab.com/posts/proofrental-marketprice-trend/,2,5,40%,5.6
https://bouon-lab.com/posts/soundproof-room-price-complete-guide-2025/,1,598,0.17%,17.78
https://bouon-lab.com/posts/bouon-rental-yatinsouba/,1,373,0.27%,6.39
https://bouon-lab.com/posts/bouon-kujyou-taisaku/,1,280,0.36%,20.79
https://bouon-lab.com/en/posts/noise-regulation-update-2025/,1,214,0.47%,4.25
https://bouon-lab.com/en/posts/bouon-kujyou-taisaku/,1,124,0.81%,11.39
https://bouon-lab.com/en/posts/soundproof-room-cheapest/,1,118,0.85%,63.98
https://bouon-lab.com/posts/soundproof-room-price/,1,97,1.03%,46.72
https://bouon-lab.com/posts/bouon-kanki-taisaku/,1,96,1.04%,20.01
https://bouon-lab.com/en/posts/soundproof-room-humidifier-guide/,1,94,1.06%,11.81
https://bouon-lab.com/posts/streamer-proofroom-setting/,1,89,1.12%,31.7
https://bouon-lab.com/posts/bourentakl-streamer-settingsetubi/,1,87,1.15%,10.87
https://bouon-lab.com/posts/proofroom-humidity-airconditionlist/,1,87,1.15%,16.69
https://bouon-lab.com/posts/treadmill-soundproofing-vibration-control/,1,82,1.22%,9.65
https://bouon-lab.com/en/posts/soundproof-room-rental-cost/,1,82,1.22%,68.68
https://bouon-lab.com/posts/saitama-soundproof-rental-guide/,1,81,1.23%,34.22
https://bouon-lab.com/posts/bourental-ippanrantal/,1,76,1.32%,5.49
https://bouon-lab.com/en/posts/bouon-osusume-hikaku/,1,76,1.32%,5.95
https://bouon-lab.com/posts/soundproof-app-review-2026/,1,76,1.32%,8.28
https://bouon-lab.com/posts/apartment-soundproof-room-floor-weight/,1,74,1.35%,7.31
https://bouon-lab.com/posts/shared-streaming-studio-growth-pricing-utilization/,1,74,1.35%,8.09
https://bouon-lab.com/posts/kobe-soundproof-rental-guide/,1,73,1.37%,43.92
https://bouon-lab.com/posts/vtuber-soundproof-environment-complete-guide/,1,72,1.39%,9.18
https://bouon-lab.com/posts/soundproof-room-diy-cost/,1,68,1.47%,10.04
https://bouon-lab.com/posts/tokyo-soundproof-rental-summary/,1,62,1.61%,9.03
https://bouon-lab.com/posts/soundproof-room-budget-selection-guide/,1,60,1.67%,22.12
https://bouon-lab.com/en/tags/,1,57,1.75%,7.25
https://bouon-lab.com/posts/music-school-area-soundproof-rental-competition/,1,50,2%,6.12
https://bouon-lab.com/posts/streaming-room-layout-guide/,1,50,2%,8.8
https://bouon-lab.com/posts/voice-only-streaming-optimization/,1,50,2%,14.28
https://bouon-lab.com/posts/vtuber-rental-apartment-guide/,1,46,2.17%,6
https://bouon-lab.com/posts/soundproof-performance-measurement/,1,44,2.27%,13.05
https://bouon-lab.com/posts/rental-soundproofing-wall-diy-guide/,1,38,2.63%,8
https://bouon-lab.com/posts/music-school-soundproof-rental-boom/,1,36,2.78%,5
https://bouon-lab.com/posts/streamer-lowbudget-simula/,1,35,2.86%,6.8
https://bouon-lab.com/posts/soundproof-room-demolition-guide/,1,34,2.94%,9.29
https://bouon-lab.com/en/posts/nitori-soundproof-acoustic-guide/,1,27,3.70%,4.67
https://bouon-lab.com/posts/bouontech-trendnews2025/,1,25,4%,9.84
https://bouon-lab.com/posts/kids-practice-soundproof-room-guide/,1,21,4.76%,59.86
https://bouon-lab.com/posts/otodasu-reviews-2026/,1,20,5%,4.75
https://bouon-lab.com/posts/d-value-truth-and-myths/,1,19,5.26%,6.05
https://bouon-lab.com/posts/treadmill-apartment-soundproofing-layering/,1,19,5.26%,17.16
https://bouon-lab.com/posts/spot-cooler-gaming-streamer/,1,17,5.88%,10.88
https://bouon-lab.com/posts/neighborhood-noise-seasonal-pattern-statistics/,1,16,6.25%,8.12
https://bouon-lab.com/en/posts/soundproof-room-large-size/,1,16,6.25%,10.25
https://bouon-lab.com/posts/diy-soundproof-room-limit/,1,16,6.25%,20.31
https://bouon-lab.com/posts/vtuber-proofroom-heat-control/,1,15,6.67%,4.87
https://bouon-lab.com/posts/noise-canceling-headphones-sleep/,1,15,6.67%,7.27
https://bouon-lab.com/posts/self-built-booth-ventilation/,1,15,6.67%,17.07
https://bouon-lab.com/tags/,1,14,7.14%,12
https://bouon-lab.com/en/posts/remote-work-family-harmony-soundproof/,1,13,7.69%,11.23
https://bouon-lab.com/posts/soundproof-room-large-size/,1,13,7.69%,26.92
https://bouon-lab.com/posts/office-sound-masking-security/,1,12,8.33%,12.42
https://bouon-lab.com/posts/remote-work-family-harmony-soundproof/,1,12,8.33%,16.83
https://bouon-lab.com/posts/soundproof-room-pollen-protection/,1,11,9.09%,7.09
https://bouon-lab.com/en/posts/floor-soundproofing-kids-exercise-layering/,1,10,10%,9.7
https://bouon-lab.com/en/posts/vtuber-proofroom-knowledge/,1,9,11.11%,8
https://bouon-lab.com/posts/thunder-noise-reflect/,1,8,12.50%,8.88
https://bouon-lab.com/posts/soundproof-room-buyback-guide/,1,8,12.50%,16.88
https://bouon-lab.com/en/tags/kawai-nasal/,1,5,20%,4.2
https://bouon-lab.com/posts/hiroshima-soundproof-rental-guide/,1,5,20%,6.4
https://bouon-lab.com/ja/knowledge/diy-vocal-soundproof-mask/,1,4,25%,11
https://bouon-lab.com/en/posts/fukuoka-soundproof-rental-guide/,1,2,50%,1.5
https://bouon-lab.com/en/posts/vtuber-rental-apartment-guide/,1,2,50%,8.5
https://bouon-lab.com/simulator/,1,2,50%,19
https://bouon-lab.com/posts/bouon-price-souba/,0,276,0%,22.04
https://bouon-lab.com/en/posts/soundproof-room-diy-cost/,0,240,0%,53.13
https://bouon-lab.com/en/posts/building-code-reform-2025-soundproof/,0,216,0%,7.44
https://bouon-lab.com/posts/vtuber-proofroom-knowledge/,0,204,0%,6.21
https://bouon-lab.com/posts/grobal-soundproof-marketcheck/,0,195,0%,19.04
https://bouon-lab.com/en/posts/musision-soundproof-rental-review/,0,171,0%,7.4
https://bouon-lab.com/en/posts/bouontech-trendnews2025/,0,153,0%,17.96
https://bouon-lab.com/posts/soundproof-room-price-complete-guide/,0,150,0%,13.04
https://bouon-lab.com/en/posts/soundproof-room-price-market/,0,123,0%,16.37
https://bouon-lab.com/posts/acoustic-material-new-trend-2025/,0,123,0%,17.94
https://bouon-lab.com/en/posts/kanagawa-soundproof-rental-guide/,0,122,0%,6.89
https://bouon-lab.com/en/posts/bouon-price-souba/,0,111,0%,8.16
https://bouon-lab.com/en/posts/inner-window-double-window-market-news/,0,108,0%,5.54
https://bouon-lab.com/en/posts/soundproof-room-price-complete-guide/,0,106,0%,4.72
https://bouon-lab.com/en/posts/soundproof-subsidy-three-cases/,0,99,0%,4.99
https://bouon-lab.com/en/posts/soundproof-room-budget-selection-guide/,0,94,0%,6.87
https://bouon-lab.com/posts/bouon-setti-checkpoint/,0,87,0%,24.89
https://bouon-lab.com/posts/soundproof-room-seasonal-maintenance/,0,82,0%,9.4
https://bouon-lab.com/en/posts/soundproof-subsidy-tokyo-osaka/,0,78,0%,5.4
https://bouon-lab.com/posts/soundproof-room-complete-guide-2025/,0,78,0%,7.69
https://bouon-lab.com/en/posts/soundproof-room-wifi-guide/,0,78,0%,9.4
https://bouon-lab.com/posts/sound-insulation-vs-absorption/,0,76,0%,26.97
https://bouon-lab.com/en/posts/soundproof-materials-selection-guide/,0,75,0%,6.75
https://bouon-lab.com/posts/vibration-isolation-technology-trend/,0,75,0%,13.53
https://bouon-lab.com/posts/weekly-soundproof-news-20251202/,0,73,0%,37.59
https://bouon-lab.com/en/posts/soundproof-subsidy-news-2025/,0,71,0%,6.1
https://bouon-lab.com/posts/proofroom-aircondition-select/,0,70,0%,30.17
https://bouon-lab.com/posts/kanagawa-soundproof-rental-guide/,0,70,0%,36.67
https://bouon-lab.com/posts/chiba-soundproof-rental-guide/,0,69,0%,32.64
https://bouon-lab.com/posts/proof-doorchoice-setting/,0,65,0%,16.89
https://bouon-lab.com/posts/diy-soundproof-room-failures-solutions/,0,64,0%,18.23
https://bouon-lab.com/posts/proofroom-lowsound-windsoundnone/,0,62,0%,14.97
https://bouon-lab.com/en/categories/soundproof-room/,0,61,0%,7.39
https://bouon-lab.com/posts/absorption-vs-soundproofing-materials/,0,57,0%,35.6
https://bouon-lab.com/en/posts/soundproof-room-standard-size/,0,53,0%,7.98
https://bouon-lab.com/en/posts/kawai-nasal-soundproof-room-guide/,0,52,0%,5.4
https://bouon-lab.com/en/posts/soundproof-room-small-size/,0,52,0%,7.88
https://bouon-lab.com/posts/footstep-vibration-soundproof-mat-guide/,0,52,0%,9.5
https://bouon-lab.com/posts/soundproof-room-mechanism/,0,52,0%,42.38
https://bouon-lab.com/posts/japan-bouonproof-marketnextasia/,0,51,0%,16.86
https://bouon-lab.com/en/posts/soundproof-subsidy-check-guide/,0,49,0%,5.39
https://bouon-lab.com/en/posts/soundproof-room-types/,0,49,0%,6.63
https://bouon-lab.com/posts/inner-window-double-window-market-news/,0,49,0%,10.14
https://bouon-lab.com/posts/utau-te-mita-vocal-booth-design/,0,47,0%,11.3
https://bouon-lab.com/posts/soundproof-room-small-size/,0,45,0%,17.78
https://bouon-lab.com/posts/fukuoka-soundproof-rental-guide/,0,45,0%,40.71
https://bouon-lab.com/ja/solutions/unit-rooms/bouon-osusume-hikaku/,0,43,0%,7.72
https://bouon-lab.com/posts/wooden-apartment-soundproof-guide/,0,43,0%,20.77
https://bouon-lab.com/posts/instrument-allowed-rental-complaint-trap/,0,43,0%,22.07
https://bouon-lab.com/posts/steram-soudncondition-check/,0,42,0%,9.02
https://bouon-lab.com/posts/soundproof-material-selection-purchase-guide/,0,42,0%,13.55
https://bouon-lab.com/posts/podcast-casterproof-micsetting/,0,41,0%,14.61
https://bouon-lab.com/posts/soundproof-subsidy-tokyo-osaka/,0,40,0%,16.2
https://bouon-lab.com/en/posts/news-rentalmarket-musissiondoukou/,0,39,0%,5.67
https://bouon-lab.com/en/posts/soundproof-performance-measurement/,0,39,0%,25.51
https://bouon-lab.com/posts/telework-family-stress-soundproof-solution/,0,37,0%,30.08
https://bouon-lab.com/en/posts/streaming-mic-soundproof-guide/,0,35,0%,8.89
https://bouon-lab.com/posts/soundproof-subsidy-check-guide/,0,34,0%,35.32
https://bouon-lab.com/en/posts/soundproof-wall-construction-guide/,0,33,0%,6.33
https://bouon-lab.com/posts/proofroom-soudmore-manual/,0,33,0%,9.52
https://bouon-lab.com/en/posts/bouon-dchiseinou-meyasu/,0,32,0%,6.97
https://bouon-lab.com/en/knowledge/soundproof-room-rental-cost/,0,32,0%,43.81
https://bouon-lab.com/posts/bourenatal-sinsa-imagipoint/,0,31,0%,9.16
https://bouon-lab.com/posts/kyoto-soundproof-rental-guide/,0,31,0%,28.1
https://bouon-lab.com/posts/soundproof-subsidy-system-list/,0,31,0%,39.97
https://bouon-lab.com/posts/diy-soundproof-ventilation-heat-exhaust/,0,30,0%,10.37
https://bouon-lab.com/posts/soundproof-rental-life-streamer/,0,30,0%,11
https://bouon-lab.com/en/posts/soundproof-performance-piano/,0,30,0%,20.73
https://bouon-lab.com/en/categories/market--news/,0,30,0%,43.1
https://bouon-lab.com/en/posts/kids-practice-soundproof-room-guide/,0,29,0%,5.86
https://bouon-lab.com/posts/soundproof-rental-vs-instrument-allowed/,0,29,0%,9.86
https://bouon-lab.com/posts/soundproof-room-moving/,0,28,0%,10.57
https://bouon-lab.com/en/posts/styrofoam-soundproof-merit/,0,28,0%,37.93
https://bouon-lab.com/posts/musision-comprehensive-guide/,0,27,0%,8.11
https://bouon-lab.com/en/posts/streaming-noise-appliance-soundproof-guide/,0,26,0%,6.92
https://bouon-lab.com/en/posts/bouonroom-tettei-kaisetsu/,0,26,0%,16.42
https://bouon-lab.com/en/categories/soundproof-rental/,0,25,0%,7.96
https://bouon-lab.com/en/posts/sound-sensitivity-misophonia-coping-guide/,0,25,0%,10.48
https://bouon-lab.com/posts/soundproof-wall-construction-guide/,0,25,0%,52.36
https://bouon-lab.com/en/posts/bouon-size-choice/,0,24,0%,7.88
https://bouon-lab.com/posts/soundproof-room-daily-maintenance/,0,24,0%,10.38
https://bouon-lab.com/posts/sound-sensitivity-misophonia-coping-guide/,0,24,0%,55
https://bouon-lab.com/posts/bouonroom-tettei-kaisetsu/,0,23,0%,14.39
https://bouon-lab.com/en/posts/soundproof-subsidy-system-list/,0,22,0%,6.64
https://bouon-lab.com/en/posts/soundproof-room-diy-complete-manual/,0,22,0%,7.09
https://bouon-lab.com/posts/soundproof-school-news/,0,22,0%,7.41
https://bouon-lab.com/en/posts/soundproof-rental-life-streamer/,0,22,0%,7.5
https://bouon-lab.com/posts/streamer-keyboard-silence/,0,22,0%,14.14
https://bouon-lab.com/posts/oshiire-diy-soundproof-room-guide/,0,21,0%,4.38
https://bouon-lab.com/en/posts/streamer-proofroom-setting/,0,21,0%,18.48
https://bouon-lab.com/en/posts/streamer-rental-selection-guide/,0,20,0%,6.9
https://bouon-lab.com/en/posts/soundproof-room-ventilation-aircondition/,0,20,0%,22.25
https://bouon-lab.com/en/posts/shared-streaming-studio-growth-pricing-utilization/,0,19,0%,6.26
https://bouon-lab.com/posts/electronic-piano-vibration-solution/,0,19,0%,32.11
https://bouon-lab.com/posts/soundproof-room-purchase-price/,0,19,0%,40.37
https://bouon-lab.com/en/posts/acoustic-material-new-trend-2025/,0,18,0%,7.28
https://bouon-lab.com/posts/soundproof-rental-restoration-trouble-management/,0,18,0%,7.83
https://bouon-lab.com/en/posts/rental-soundproofing-wall-diy-guide/,0,18,0%,12.83
https://bouon-lab.com/en/posts/telework-privacy-anxiety-soundproof-room/,0,17,0%,5.65
https://bouon-lab.com/en/posts/utau-te-mita-vocal-booth-design/,0,17,0%,6.82
https://bouon-lab.com/posts/asmr-silence-ventilation/,0,17,0%,7.47
https://bouon-lab.com/en/posts/streaming-asmr-vtuber-soundproof-boom/,0,17,0%,9.18
https://bouon-lab.com/en/posts/proofroom-price2025-research/,0,17,0%,9.53
https://bouon-lab.com/en/posts/diy-soundproof-room-failures-solutions/,0,17,0%,10.53
https://bouon-lab.com/en/posts/treadmill-apartment-soundproofing-layering/,0,17,0%,11.29
https://bouon-lab.com/posts/bourental-musicacespt-choice/,0,17,0%,25.24
https://bouon-lab.com/posts/soundproof-room-merit-demerit/,0,17,0%,30.06
https://bouon-lab.com/posts/electronic-drum-vibration/,0,17,0%,36.18
https://bouon-lab.com/categories/防音賃貸/,0,17,0%,45.18
https://bouon-lab.com/categories/市場ニュース/,0,17,0%,68.41
https://bouon-lab.com/en/posts/tokyo-soundproof-rental-summary/,0,16,0%,4.31
https://bouon-lab.com/en/posts/million-yen-soundproof-room-professional/,0,16,0%,6.69
https://bouon-lab.com/en/posts/wooden-apartment-soundproof-guide/,0,16,0%,8.38
https://bouon-lab.com/posts/floor-soundproofing-kids-exercise-layering/,0,16,0%,12.19
https://bouon-lab.com/en/posts/soundproof-room-gap-caulking/,0,16,0%,17.69
https://bouon-lab.com/posts/soundproof-subsidy-three-cases/,0,16,0%,28.19
https://bouon-lab.com/posts/soundproof-market-esg-trend/,0,16,0%,34.69
https://bouon-lab.com/en/posts/saxophone-practice-apartment/,0,15,0%,8.07
https://bouon-lab.com/en/posts/soundproof-performance-drum/,0,15,0%,16.47
https://bouon-lab.com/posts/diy-barrier-wall-hacks/,0,15,0%,34.93
https://bouon-lab.com/en/posts/remote-work-noisy-solution-soundproof/,0,14,0%,4.5
https://bouon-lab.com/en/posts/gamesteram-proofroom-soudflash/,0,14,0%,6.79
https://bouon-lab.com/en/posts/telework-family-stress-soundproof-solution/,0,14,0%,7.07
https://bouon-lab.com/posts/apartment-vibration-trouble-prevention/,0,14,0%,7.79
https://bouon-lab.com/posts/wind-instrument-soundproof-room-guide/,0,14,0%,10.5
https://bouon-lab.com/en/posts/hsp-soundproof-room-guide/,0,14,0%,14.21
https://bouon-lab.com/en/posts/,0,14,0%,21.64
https://bouon-lab.com/tags/防音室相場/,0,14,0%,71.86
https://bouon-lab.com/en/posts/bourental-syaouseid-choiceindi/,0,13,0%,8.62
https://bouon-lab.com/en/posts/thunder-noise-reflect/,0,13,0%,8.92
https://bouon-lab.com/en/posts/streamer-keyboard-silence/,0,13,0%,9.15
https://bouon-lab.com/en/posts/diy-led-acoustic-panels/,0,13,0%,10.62
https://bouon-lab.com/posts/soundproof-subsidy-zero-cost/,0,13,0%,35.92
https://bouon-lab.com/en/posts/sendai-soundproof-rental-guide/,0,12,0%,5
https://bouon-lab.com/en/posts/bouon-bouonteisyu-taisaku/,0,12,0%,6.83
https://bouon-lab.com/en/posts/rental-vs-purchase-soundproof-room/,0,12,0%,7.42
https://bouon-lab.com/posts/flute-practice-room/,0,12,0%,8.08
https://bouon-lab.com/posts/remote-work-noisy-solution-soundproof/,0,12,0%,18.08
https://bouon-lab.com/posts/violin-soundproof-room-guide/,0,12,0%,19.92
https://bouon-lab.com/en/categories/streaming--creators/,0,12,0%,28.75
https://bouon-lab.com/en/posts/office-sound-masking-security/,0,12,0%,29.42
https://bouon-lab.com/en/posts/asmr-proofroom-guide/,0,11,0%,3.73
https://bouon-lab.com/posts/soundproof-window-subsidy-2025-guide/,0,11,0%,4.18
https://bouon-lab.com/en/posts/cable-noise-ground-loop-prevention/,0,11,0%,5.55
https://bouon-lab.com/en/posts/soundproof-room-lighting-led-guide/,0,11,0%,6.45
https://bouon-lab.com/posts/bourenatal-naikencheck/,0,11,0%,7.91
https://bouon-lab.com/posts/soundproof-performance-piano/,0,11,0%,8.45
https://bouon-lab.com/posts/diy-limitation-low-frequency-noise/,0,11,0%,10.64
https://bouon-lab.com/posts/soundproof-materials-selection-guide/,0,11,0%,11.45
https://bouon-lab.com/posts/telework-privacy-anxiety-soundproof-room/,0,11,0%,23.27
https://bouon-lab.com/posts/renter-parent-house-soundproofing/,0,10,0%,7.2
https://bouon-lab.com/posts/soundproof-room-rental-lease/,0,10,0%,7.5
https://bouon-lab.com/en/posts/piano-proofroom-select-guide/,0,10,0%,8.9
https://bouon-lab.com/en/posts/oshiire-diy-soundproof-room-guide/,0,10,0%,11.9
https://bouon-lab.com/en/posts/free-cardboard-soundproof-tech/,0,10,0%,15.5
https://bouon-lab.com/en/posts/proofroom-lowsound-windsoundnone/,0,10,0%,16
https://bouon-lab.com/posts/vtuber-low-budget-soundproof/,0,9,0%,7.67
https://bouon-lab.com/en/posts/small-soundproof-room-streaming-guide/,0,9,0%,9.89
https://bouon-lab.com/en/posts/soundproof-room-effectiveness/,0,9,0%,12.67
https://bouon-lab.com/posts/web-meeting-voice-soundleak-prevention/,0,9,0%,32.33
https://bouon-lab.com/posts/trumpet-soundproof-room/,0,8,0%,3.75
https://bouon-lab.com/en/tags/tokyo/,0,8,0%,4.38
https://bouon-lab.com/en/posts/apartment-soundproof-room-floor-weight/,0,8,0%,5.5
https://bouon-lab.com/en/knowledge/soundproof-subsidy-zero-cost/,0,8,0%,5.75
https://bouon-lab.com/posts/streamer-rental-selection-guide/,0,8,0%,7.38
https://bouon-lab.com/en/posts/closet-diy-soundproof-room/,0,8,0%,8.25
https://bouon-lab.com/en/posts/web-meeting-voice-soundleak-prevention/,0,8,0%,9.25
https://bouon-lab.com/en/posts/rental-game-soundproof-booth-3man/,0,8,0%,10.75
https://bouon-lab.com/posts/temperature-humidity-management/,0,8,0%,14.12
https://bouon-lab.com/en/posts/gamer-acoustic-placement/,0,8,0%,23
https://bouon-lab.com/en/posts/vibration-isolation-technology-trend/,0,8,0%,36.38
https://bouon-lab.com/en/posts/weekly-soundproof-news-20251202/,0,7,0%,5.57
https://bouon-lab.com/posts/smart-air-con-installation-small-rooms/,0,7,0%,6
https://bouon-lab.com/posts/asmr-soundproof-sanctuary/,0,7,0%,6.29
https://bouon-lab.com/en/posts/bouon-rental-yatinsouba/,0,7,0%,7.14
https://bouon-lab.com/en/posts/soundproof-room-merit-demerit/,0,7,0%,9.14
https://bouon-lab.com/posts/proofroom-maker-2025productcheck/,0,7,0%,17.43
https://bouon-lab.com/tags/住宅防音工事/,0,7,0%,71.14
https://bouon-lab.com/en/posts/news-ryutubaibai-cyuko/,0,6,0%,3.83
https://bouon-lab.com/posts/soundproof-room-maintenance-cost-tools/,0,6,0%,5.33
https://bouon-lab.com/posts/soundproof-room-sell-personal/,0,6,0%,7.5
https://bouon-lab.com/posts/nagoya-soundproof-rental-guide/,0,6,0%,7.67
https://bouon-lab.com/en/tags/kawai/,0,6,0%,8.33
https://bouon-lab.com/en/posts/bouoproof-maintnace/,0,6,0%,10.67
https://bouon-lab.com/en/posts/one-room-streaming-soundproof/,0,6,0%,11
https://bouon-lab.com/posts/subsidy-soundproof-window-combo/,0,6,0%,12.83
https://bouon-lab.com/posts/bourental-merit-demerit/,0,6,0%,17.17
https://bouon-lab.com/posts/soundproof-window-merit-demerit/,0,6,0%,19.83
https://bouon-lab.com/ja/solutions/100yen-gap-tape-door-soundproofing/,0,6,0%,40.5
https://bouon-lab.com/categories/diy防音/,0,6,0%,48.67
https://bouon-lab.com/tags/防音室仕組み/,0,6,0%,90.17
https://bouon-lab.com/en/posts/bouon-cyuko-isetu/,0,5,0%,5.4
https://bouon-lab.com/en/posts/soundproof-room-maintenance-cost-tools/,0,5,0%,6
https://bouon-lab.com/en/tags/guide/,0,5,0%,6
https://bouon-lab.com/posts/sapporo-soundproof-rental-guide/,0,5,0%,7.6
https://bouon-lab.com/posts/vtuber-mic-acoustic-setup/,0,5,0%,8
https://bouon-lab.com/en/posts/diy-wall-soundproofing-room-guide/,0,5,0%,8.4
https://bouon-lab.com/tags/自作/,0,5,0%,41.4
https://bouon-lab.com/tags/電子ドラム/,0,5,0%,63
https://bouon-lab.com/categories/楽器演奏者向け/,0,5,0%,79.8
https://bouon-lab.com/en/tags/cause-identification/,0,4,0%,1
https://bouon-lab.com/en/posts/proofroom-choice-checklist/,0,4,0%,1.25
https://bouon-lab.com/en/tags/selection-guide/,0,4,0%,2
https://bouon-lab.com/en/tags/rental/,0,4,0%,3.5
https://bouon-lab.com/categories/配信クリエイター向け/,0,4,0%,5.25
https://bouon-lab.com/en/posts/soundproof-sheet-heavy-diy-tips/,0,4,0%,5.25
https://bouon-lab.com/posts/noise-complaint-solution/,0,4,0%,5.25
https://bouon-lab.com/en/tags/sound-leaks/,0,4,0%,7
https://bouon-lab.com/en/categories/soundproof-rooms/,0,4,0%,7.5
https://bouon-lab.com/en/categories/,0,4,0%,8.25
https://bouon-lab.com/en/tags/d-value/,0,4,0%,8.75
https://bouon-lab.com/en/tags/yamaha/,0,4,0%,9
https://bouon-lab.com/posts/telework-concentration-noise-soundproof/,0,4,0%,13.25
https://bouon-lab.com/en/posts/bourental-music-ensoutaime/,0,4,0%,15.75
https://bouon-lab.com/en/posts/self-built-booth-ventilation/,0,4,0%,15.75
https://bouon-lab.com/en/posts/drum-soundproof-room/,0,4,0%,21.75
https://bouon-lab.com/ja/,0,4,0%,22
https://bouon-lab.com/en/posts/soundproof-room-mechanism/,0,4,0%,29.25
https://bouon-lab.com/tags/親フラ/,0,4,0%,35.5
https://bouon-lab.com/tags/ハムノイズ/,0,4,0%,80.25
https://bouon-lab.com/tags/空調設備/,0,4,0%,84.5
https://bouon-lab.com/tags/換気扇静音化/,0,4,0%,86.25
https://bouon-lab.com/en/tags/soundproof-mask/,0,3,0%,1.33
https://bouon-lab.com/en/tags/troubleshooting/,0,3,0%,3
https://bouon-lab.com/en/posts/workbooth-office-soundproof-trend/,0,3,0%,3.33
https://bouon-lab.com/en/posts/page/2/,0,3,0%,3.67
https://bouon-lab.com/en/categories/practical-guide/,0,3,0%,5
https://bouon-lab.com/en/posts/japan-bouonproof-marketnextasia/,0,3,0%,5.67
https://bouon-lab.com/en/posts/soundproof-room-seasonal-maintenance/,0,3,0%,6.33
https://bouon-lab.com/en/tags/soundproof-rental-japan/,0,3,0%,6.33
https://bouon-lab.com/posts/shimamura-music-soundproof-room-guide/,0,3,0%,7.33
https://bouon-lab.com/en/posts/soundproof-room-life-musician/,0,3,0%,7.67
https://bouon-lab.com/tags/埼玉/,0,3,0%,8.33
https://bouon-lab.com/tags/コメリ/,0,3,0%,8.67
https://bouon-lab.com/en/posts/diy-soundproof-truth/,0,3,0%,9
https://bouon-lab.com/en/posts/lossnay-ventilation-soundproof-room/,0,3,0%,9
https://bouon-lab.com/en/posts/proofroom-maker-2025productcheck/,0,3,0%,10.67
https://bouon-lab.com/en/posts/rental-proofroom-contractcheck/,0,3,0%,12.67
https://bouon-lab.com/posts/,0,3,0%,22.33
https://bouon-lab.com/en/posts/steram-soudncondition-check/,0,3,0%,24
https://bouon-lab.com/en/posts/noise-canceling-headphones-sleep/,0,3,0%,24.33
https://bouon-lab.com/en/posts/bass-trap-installation-guide/,0,3,0%,25.67
https://bouon-lab.com/tags/遮音等級/,0,3,0%,34.33
https://bouon-lab.com/ja/knowledge/absorption-vs-soundproofing-materials/,0,3,0%,35.67
https://bouon-lab.com/tags/キット/,0,3,0%,38
https://bouon-lab.com/tags/スポットクーラー/,0,3,0%,56.33
https://bouon-lab.com/tags/防音室-ドラム/,0,3,0%,93.67
https://bouon-lab.com/en/categories/soundproof-rentals/,0,2,0%,1
https://bouon-lab.com/tags/遮音性能/,0,2,0%,1
https://bouon-lab.com/en/tags/diy-soundproofing/,0,2,0%,1.5
https://bouon-lab.com/en/tags/mansion/,0,2,0%,1.5
https://bouon-lab.com/en/posts/trumpet-soundproof-room/,0,2,0%,2
https://bouon-lab.com/en/tags/diawall/,0,2,0%,2
https://bouon-lab.com/categories/近隣トラブル騒音苦情/,0,2,0%,2.5
https://bouon-lab.com/en/tags/vtuber/,0,2,0%,2.5
https://bouon-lab.com/posts/free-cardboard-soundproof-tech/,0,2,0%,2.5
https://bouon-lab.com/en/tags/soundproof-rental/,0,2,0%,3
https://bouon-lab.com/en/tags/soundproof-studio/,0,2,0%,3
https://bouon-lab.com/en/categories/basics/,0,2,0%,3.5
https://bouon-lab.com/en/posts/soundproof-room-monthly-inspection/,0,2,0%,4
https://bouon-lab.com/en/tags/soundproof-materials/,0,2,0%,4
https://bouon-lab.com/tags/防音基準/,0,2,0%,4
https://bouon-lab.com/en/posts/futon-cardboard-karaoke-booth/,0,2,0%,5.5
https://bouon-lab.com/tags/hsp/,0,2,0%,5.5
https://bouon-lab.com/en/posts/d-value-truth-and-myths/,0,2,0%,6
https://bouon-lab.com/posts/soundproof-room-life-musician/,0,2,0%,6
https://bouon-lab.com/tags/配信/,0,2,0%,6
https://bouon-lab.com/en/posts/bourental-merit-demerit/,0,2,0%,6.5
https://bouon-lab.com/privacy-policy/,0,2,0%,6.5
https://bouon-lab.com/en/posts/bouonproof-soundlevelmeter/,0,2,0%,7
https://bouon-lab.com/en/posts/soundproof-room-logistics-delivery/,0,2,0%,7
https://bouon-lab.com/posts/soundproof-room-relocation-cost/,0,2,0%,7
https://bouon-lab.com/tags/防音対策/,0,2,0%,7
https://bouon-lab.com/en/categories/practical-soundproofing-guide/,0,2,0%,7.5
https://bouon-lab.com/en/posts/bourental-ippanrantal/,0,2,0%,8
https://bouon-lab.com/en/posts/bourenatal-naikencheck/,0,2,0%,9
https://bouon-lab.com/en/posts/danbotchi-vs-diy-soundproof-room/,0,2,0%,9
https://bouon-lab.com/en/posts/vtuber-heat-noise-management/,0,2,0%,9
https://bouon-lab.com/posts/yamaha-avitex-showroom-alternative/,0,2,0%,9.5
https://bouon-lab.com/en/categories/for-streamers--creators/,0,2,0%,10.5
https://bouon-lab.com/posts/soundproof-room-monthly-inspection/,0,2,0%,12
https://bouon-lab.com/en/posts/proofroom-bousintaisaku-noize/,0,2,0%,16
https://bouon-lab.com/en/posts/bouonrental-areasec-newbusiness/,0,2,0%,16.5
https://bouon-lab.com/en/posts/podcast-casterproof-micsetting/,0,2,0%,19
https://bouon-lab.com/tags/isovox/,0,2,0%,45.5
https://bouon-lab.com/posts/telework-child-voice-noisy/,0,2,0%,50
https://bouon-lab.com/ja/knowledge/soundproof-subsidy-zero-cost/,0,2,0%,54
https://bouon-lab.com/en/posts/soundproof-room-trouble-solutions/,0,1,0%,1
https://bouon-lab.com/en/tags/1.5-tatami/,0,1,0%,1
https://bouon-lab.com/en/tags/noise-troubles/,0,1,0%,1
https://bouon-lab.com/en/tags/smartphone-app/,0,1,0%,1
https://bouon-lab.com/en/privacy-policy/,0,1,0%,2
https://bouon-lab.com/en/tags/1.5-tatami-soundproof-room/,0,1,0%,2
https://bouon-lab.com/en/tags/nagoya/,0,1,0%,2
https://bouon-lab.com/en/tags/sound-masking/,0,1,0%,2
https://bouon-lab.com/en/tags/soundproof-room-air-conditioning/,0,1,0%,2
https://bouon-lab.com/tags/musision/,0,1,0%,2
https://bouon-lab.com/en/knowledge/acoustic-panel-placement/,0,1,0%,3
https://bouon-lab.com/en/tags/america/,0,1,0%,3
https://bouon-lab.com/en/tags/soundproof-room-price-in-japan/,0,1,0%,3
https://bouon-lab.com/en/tags/subsidy-application/,0,1,0%,3
https://bouon-lab.com/tags/チェロ/,0,1,0%,3
https://bouon-lab.com/tags/新製品/,0,1,0%,3
https://bouon-lab.com/tags/注意点/,0,1,0%,3
https://bouon-lab.com/tags/静音化/,0,1,0%,3
https://bouon-lab.com/en/categories/diy-soundproofing/,0,1,0%,4
https://bouon-lab.com/en/posts/soundproof-room-pollen-protection/,0,1,0%,4
https://bouon-lab.com/en/tags/application/,0,1,0%,4
https://bouon-lab.com/en/tags/audio/,0,1,0%,4
https://bouon-lab.com/en/tags/check/,0,1,0%,4
https://bouon-lab.com/en/tags/danbochi/,0,1,0%,4
https://bouon-lab.com/en/tags/noise/,0,1,0%,4
https://bouon-lab.com/en/tags/panel/,0,1,0%,4
https://bouon-lab.com/en/tags/used/,0,1,0%,4
https://bouon-lab.com/tags/引越し/,0,1,0%,4
https://bouon-lab.com/tags/排熱/,0,1,0%,4
https://bouon-lab.com/tags/神戸市/,0,1,0%,4
https://bouon-lab.com/tags/24時間演奏/,0,1,0%,4
https://bouon-lab.com/en/posts/proofroom-soudmore-manual/,0,1,0%,5
https://bouon-lab.com/en/posts/telework-concentration-noise-soundproof/,0,1,0%,5
https://bouon-lab.com/en/tags/acoustics/,0,1,0%,5
https://bouon-lab.com/en/tags/model-updates/,0,1,0%,5
https://bouon-lab.com/en/tags/programs/,0,1,0%,5
https://bouon-lab.com/tags/家事按分/,0,1,0%,5
https://bouon-lab.com/tags/防音室-費用/,0,1,0%,5
https://bouon-lab.com/en/tags/full/,0,1,0%,6
https://bouon-lab.com/en/tags/personal-use/,0,1,0%,6
https://bouon-lab.com/tags/防音室-価格/,0,1,0%,6
https://bouon-lab.com/tags/音響測定/,0,1,0%,6
https://bouon-lab.com/en/posts/bouon-kanki-taisaku/,0,1,0%,7
https://bouon-lab.com/en/posts/podcast-bouonproof-bestpracti/,0,1,0%,7
https://bouon-lab.com/en/tags/homerenovation/,0,1,0%,7
https://bouon-lab.com/en/tags/humidity-control/,0,1,0%,7
https://bouon-lab.com/en/tags/noisepollution/,0,1,0%,7
https://bouon-lab.com/en/tags/product-review/,0,1,0%,7
https://bouon-lab.com/en/tags/treatment/,0,1,0%,7
https://bouon-lab.com/posts/why-your-80-percent-rug-rule-fails/,0,1,0%,7
https://bouon-lab.com/tags/設計図/,0,1,0%,7
https://bouon-lab.com/tags/配信実況/,0,1,0%,7
https://bouon-lab.com/categories/楽器別防音/,0,1,0%,8
https://bouon-lab.com/en/tags/structure/,0,1,0%,8
https://bouon-lab.com/en/tags/total/,0,1,0%,8
https://bouon-lab.com/tags/防音室/page/2/,0,1,0%,8
https://bouon-lab.com/tags/2026年トレンド/,0,1,0%,8
https://bouon-lab.com/categories/vtuber/,0,1,0%,9
https://bouon-lab.com/en/posts/noise-complaint-legal-precedent-manual/,0,1,0%,9
https://bouon-lab.com/en/tags/how/,0,1,0%,9
https://bouon-lab.com/en/tags/soundproofing-construction/,0,1,0%,9
https://bouon-lab.com/en/tags/vibration-isolation/,0,1,0%,9
https://bouon-lab.com/en/tags/cefine-ns/,0,1,0%,10
https://bouon-lab.com/en/tags/game/,0,1,0%,10
https://bouon-lab.com/en/tags/piano-soundproof/,0,1,0%,10
https://bouon-lab.com/en/tags/used-soundproof-room/,0,1,0%,10
https://bouon-lab.com/en/tags/diy-soundproof/,0,1,0%,11
https://bouon-lab.com/en/tags/room-soundproofing/,0,1,0%,11
https://bouon-lab.com/posts/page/6/,0,1,0%,11
https://bouon-lab.com/posts/soundproof-room-ventilation-aircondition/,0,1,0%,11
https://bouon-lab.com/posts/podcast-conversation-room/,0,1,0%,12
https://bouon-lab.com/tags/トラブル防止/,0,1,0%,12
https://bouon-lab.com/tags/固定資産税/,0,1,0%,13
https://bouon-lab.com/tags/小規模事業者持続化補助金/,0,1,0%,25
https://bouon-lab.com/posts/acoustic-piano-soundproof-tips/,0,1,0%,27
https://bouon-lab.com/tags/台パン/,0,1,0%,27
https://bouon-lab.com/tags/酸欠/,0,1,0%,29
https://bouon-lab.com/tags/otodasu/,0,1,0%,31
https://bouon-lab.com/tags/asmr録音/,0,1,0%,33
https://bouon-lab.com/posts/web-conference-productivity/,0,1,0%,49
https://bouon-lab.com/tags/防音室-ローン/,0,1,0%,50
https://bouon-lab.com/tags/選び方/,0,1,0%,54
https://bouon-lab.com/en/tags/market/,0,1,0%,64
https://bouon-lab.com/tags/暑い/,0,1,0%,68
https://bouon-lab.com/tags/サックス/,0,1,0%,70
https://bouon-lab.com/tags/電子ピアノ/,0,1,0%,76
https://bouon-lab.com/tags/引っ越し/,0,1,0%,84