URL,前回のクロール
https://bouon-lab.com/ja/use-case/child-rearing-soundproof-pillar/,2026-08-24
https://bouon-lab.com/ja/knowledge/shanon-vs-bouon-window/,2026-08-24
https://bouon-lab.com/index.xml,2026-08-22
https://bouon-lab.com/categories/防音の実用ガイド/,2026-08-21
https://bouon-lab.com/en/categories/,2026-08-21
https://bouon-lab.com/en/categories/market--news/,2026-08-21
https://bouon-lab.com/en/categories/soundproof-room/,2026-08-19
https://bouon-lab.com/en/knowledge/soundproof-subsidy-news-2025/,2026-08-16
https://bouon-lab.com/tags/シェア型配信スタジオ/,2026-08-15
https://bouon-lab.com/tags/キーボード/,2026-08-11
https://bouon-lab.com/en/tags/typing-noise/,2026-08-11
https://bouon-lab.com/tags/防音室-vtuber-基礎/,2026-08-11
https://bouon-lab.com/tags/防音室-低周波/,2026-08-11
https://bouon-lab.com/tags/市場トレンド/,2026-08-11
https://bouon-lab.com/tags/防音室-配信-トラブル/,2026-08-11
https://bouon-lab.com/tags/防音室-賃貸-大阪/,2026-08-10
https://bouon-lab.com/categories/生活音騒音対策/,2026-08-10
https://bouon-lab.com/tags/格安防音室/,2026-08-09
https://bouon-lab.com/tags/重ね敷き/,2026-08-09
https://bouon-lab.com/tags/自己負担ゼロ/,2026-08-09
https://bouon-lab.com/ja/knowledge/owner-soundproof-renovation-strategy/,2026-08-09
https://bouon-lab.com/tags/供給戸数/,2026-08-09
https://bouon-lab.com/tags/先進的窓リノベ2025/,2026-08-09
https://bouon-lab.com/tags/市場速報/,2026-08-09
https://bouon-lab.com/en/tags/demerits-of-soundproof-room/,2026-08-09
https://bouon-lab.com/en/tags/rent-price/,2026-08-09
https://bouon-lab.com/tags/防音室-賃貸-チェックリスト/,2026-08-09
https://bouon-lab.com/tags/アパート/,2026-08-09
https://bouon-lab.com/en/tags/soundproof-room-mechanism/,2026-08-09
https://bouon-lab.com/tags/稼働率/,2026-08-09
https://bouon-lab.com/tags/サックス/,2026-08-09
https://bouon-lab.com/tags/防音室-メーカー/,2026-08-09
https://bouon-lab.com/tags/全額補助/,2026-08-09
https://bouon-lab.com/tags/季節パターン/,2026-08-09
https://bouon-lab.com/tags/metadox/,2026-08-09
https://bouon-lab.com/en/tags/remote-work/,2026-08-09
https://bouon-lab.com/tags/防音室-ゲーム/,2026-08-09
https://bouon-lab.com/tags/日常管理/,2026-08-09
https://bouon-lab.com/en/tags/office/,2026-08-09
https://bouon-lab.com/tags/防音室購入/,2026-08-09
https://bouon-lab.com/tags/一人暮らし配信/,2026-08-09
https://bouon-lab.com/tags/防音室-値段-ヤマハ/,2026-08-09
https://bouon-lab.com/tags/楽器可物件/,2026-08-09
https://bouon-lab.com/tags/トラブル/,2026-08-09
https://bouon-lab.com/en/tags/military/,2026-08-09
https://bouon-lab.com/tags/隙間テープ/,2026-08-09
https://bouon-lab.com/tags/防音室-値段/,2026-08-09
https://bouon-lab.com/tags/限界/,2026-08-09
https://bouon-lab.com/tags/防音室-配信-環境/,2026-08-09
https://bouon-lab.com/en/tags/stress/,2026-08-09
https://bouon-lab.com/tags/収録環境/,2026-08-09
https://bouon-lab.com/en/tags/sound-insulation/,2026-08-09
https://bouon-lab.com/en/tags/musicians/,2026-08-09
https://bouon-lab.com/tags/住環境/,2026-08-09
https://bouon-lab.com/tags/おすすめ地区/,2026-08-09
https://bouon-lab.com/tags/神戸市/,2026-08-09
https://bouon-lab.com/en/tags/soundproof-room-construction/,2026-08-09
https://bouon-lab.com/tags/anker/,2026-08-09
https://bouon-lab.com/tags/心理的安全性/,2026-08-09
https://bouon-lab.com/tags/掃除/,2026-08-09
https://bouon-lab.com/tags/狭い部屋/,2026-08-09
https://bouon-lab.com/en/tags/concentration-issues/,2026-08-09
https://bouon-lab.com/en/tags/lossnay/,2026-08-09
https://bouon-lab.com/tags/国際比較/,2026-08-09
https://bouon-lab.com/tags/防音室-おすすめ/,2026-08-09
https://bouon-lab.com/en/tags/soundproof-room-materials/,2026-08-09
https://bouon-lab.com/en/tags/japan-programs/,2026-08-07
https://bouon-lab.com/en/tags/soundproof-rental-lifestyle/,2026-08-07
https://bouon-lab.com/tags/e-sax/,2026-08-07
https://bouon-lab.com/tags/配信スタジオ/,2026-08-07
https://bouon-lab.com/tags/賃貸diy/,2026-08-07
https://bouon-lab.com/tags/家具配置/,2026-08-06
https://bouon-lab.com/tags/京都市/,2026-08-06
https://bouon-lab.com/tags/川崎/,2026-08-06
https://bouon-lab.com/tags/対処法/,2026-08-06
https://bouon-lab.com/tags/調べ方/,2026-08-06
https://bouon-lab.com/tags/hsp/,2026-08-06
https://bouon-lab.com/ja/solutions/soundproof-sheet-size-used-market-guide/,2026-08-06
https://bouon-lab.com/en/categories/soundproof-rentals/,2026-08-06
https://bouon-lab.com/tags/助成金/,2026-08-05
https://bouon-lab.com/en/index.xml,2026-08-05
https://bouon-lab.com/tags/スマホアプリ/,2026-08-05
https://bouon-lab.com/tags/dr-40/,2026-08-05
https://bouon-lab.com/categories/diy防音/,2026-08-05
https://bouon-lab.com/tags/フルート/,2026-08-05
https://bouon-lab.com/categories/楽器別防音/,2026-08-05
https://bouon-lab.com/tags/トロンボーン/,2026-08-04
https://bouon-lab.com/en/tags/sound-absorption-materials/,2026-08-04
https://bouon-lab.com/tags/営業/,2026-08-04
https://bouon-lab.com/tags/防音室-購入/,2026-08-04
https://bouon-lab.com/tags/防音室-ピアノ-選び方/,2026-08-04
https://bouon-lab.com/en/tags/focus/,2026-08-04
https://bouon-lab.com/tags/家賃/,2026-08-04
https://bouon-lab.com/tags/防音室-配信-賃貸/,2026-08-04
https://bouon-lab.com/tags/損益分岐点/,2026-08-04
https://bouon-lab.com/tags/壁防音/,2026-08-04
https://bouon-lab.com/tags/防音室-50万円/,2026-08-04
https://bouon-lab.com/tags/深夜練習/,2026-08-04
https://bouon-lab.com/tags/防音室-200万円/,2026-08-04
https://bouon-lab.com/en/tags/soundproof-room-budget/,2026-08-04
https://bouon-lab.com/categories/防音室グッズ/,2026-08-04
https://bouon-lab.com/en/tags/court-cases/,2026-08-04
https://bouon-lab.com/tags/耳栓/,2026-08-04
https://bouon-lab.com/en/tags/itami/,2026-08-04
https://bouon-lab.com/en/tags/unit-soundproof-room/,2026-08-04
https://bouon-lab.com/tags/二重窓/,2026-08-03
https://bouon-lab.com/tags/防音室-ドア/,2026-08-03
https://bouon-lab.com/en/tags/office-acoustics/,2026-08-03
https://bouon-lab.com/tags/個体伝搬音/,2026-08-02
https://bouon-lab.com/tags/防音室-賃貸/,2026-07-31
https://bouon-lab.com/tags/レイアウト/,2026-07-31
https://bouon-lab.com/tags/戸建て/,2026-07-31
https://bouon-lab.com/en/tags/sendai/,2026-07-31
https://bouon-lab.com/en/tags/danbochi/,2026-07-31
https://bouon-lab.com/tags/コメリ/,2026-07-30
https://bouon-lab.com/tags/照明/,2026-07-30
https://bouon-lab.com/tags/道路/,2026-07-30
https://bouon-lab.com/tags/アンプ/,2026-07-29
https://bouon-lab.com/tags/防音室-清掃/,2026-07-29
https://bouon-lab.com/tags/配信トラブル/,2026-07-29
https://bouon-lab.com/tags/防音効果-測定/,2026-07-28
https://bouon-lab.com/en/tags/airport-soundproofing/,2026-07-28
https://bouon-lab.com/posts/page/6/,2026-07-28
https://bouon-lab.com/tags/配信文化/,2026-07-28
https://bouon-lab.com/tags/騒音苦情-対応/,2026-07-28
https://bouon-lab.com/en/posts/shared-streaming-studio-growth-pricing-utilization/,2026-07-28
https://bouon-lab.com/en/tags/voice-recording/,2026-07-27
https://bouon-lab.com/tags/防音室-換気扇/,2026-07-26
https://bouon-lab.com/tags/防音室-賃貸-楽器可/,2026-07-26
https://bouon-lab.com/en/posts/sound-sensitivity-misophonia-coping-guide/,2026-07-26
https://bouon-lab.com/ja/knowledge/child-rearing-soundproof-pillar/,2026-07-26
https://bouon-lab.com/en/posts/streaming-asmr-vtuber-soundproof-boom/,2026-07-25
https://bouon-lab.com/en/tags/floating-floor/,2026-07-25
https://bouon-lab.com/tags/防音室-自作/,2026-07-25
https://bouon-lab.com/en/tags/road-soundproofing/,2026-07-25
https://bouon-lab.com/tags/パッキン/,2026-07-25
https://bouon-lab.com/tags/ホームセンター/,2026-07-25
https://bouon-lab.com/tags/web会議/,2026-07-25
https://bouon-lab.com/en/tags/subsidy-eligibility/,2026-07-24
https://bouon-lab.com/tags/防音室-diy/,2026-07-24
https://bouon-lab.com/tags/ユニット型防音室/,2026-07-24
https://bouon-lab.com/tags/ユーザーインタビュー/,2026-07-24
https://bouon-lab.com/tags/騒音/,2026-07-24
https://bouon-lab.com/tags/防音室-除湿/,2026-07-24
https://bouon-lab.com/tags/争奪戦/,2026-07-24
https://bouon-lab.com/tags/防音室-ユニット型/,2026-07-24
https://bouon-lab.com/en/tags/highway/,2026-07-24
https://bouon-lab.com/tags/防音室-vtuber/,2026-07-24
https://bouon-lab.com/tags/防音室-コスト/,2026-07-24
https://bouon-lab.com/en/tags/streaming-noise/,2026-07-24
https://bouon-lab.com/en/tags/hyperacusis/,2026-07-24
https://bouon-lab.com/tags/防音室-asmr-方法/,2026-07-24
https://bouon-lab.com/tags/防音室-賃貸-相場/,2026-07-23
https://bouon-lab.com/en/tags/streaming-environment/,2026-07-23
https://bouon-lab.com/tags/防音室-賃貸-マナー/,2026-07-23
https://bouon-lab.com/tags/防音室-チェックリスト/,2026-07-23
https://bouon-lab.com/tags/防音室-賃貸-東京/,2026-07-23
https://bouon-lab.com/tags/防音室-床振動/,2026-07-23
https://bouon-lab.com/tags/配信者-防音/,2026-07-23
https://bouon-lab.com/tags/防音室-賃貸-コスト/,2026-07-22
https://bouon-lab.com/tags/コスパ最強/,2026-07-22
https://bouon-lab.com/tags/防音室-温湿度/,2026-07-22
https://bouon-lab.com/en/tags/demand-forecast/,2026-07-22
https://bouon-lab.com/tags/防音室-賃貸-審査/,2026-07-22
https://bouon-lab.com/en/tags/tokyo/,2026-07-22
https://bouon-lab.com/tags/防音室-マンション/,2026-07-22
https://bouon-lab.com/en/tags/danbotchi/,2026-07-22
https://bouon-lab.com/tags/防音室-vtuber-機材/,2026-07-22
https://bouon-lab.com/tags/防音室-ピアノ/,2026-07-22
https://bouon-lab.com/tags/防音室-asmr/,2026-07-22
https://bouon-lab.com/tags/雷鳴/,2026-07-22
https://bouon-lab.com/tags/自作防音室/,2026-07-22
https://bouon-lab.com/tags/大阪/,2026-07-22
https://bouon-lab.com/tags/音質向上/,2026-07-22
https://bouon-lab.com/en/tags/diy-soundproof-room/,2026-07-22
https://bouon-lab.com/en/tags/structural-damping/,2026-07-22
https://bouon-lab.com/en/tags/vocal-booth/,2026-07-22
https://bouon-lab.com/en/tags/metadox/,2026-07-21
https://bouon-lab.com/en/tags/shared-streaming-studio/,2026-07-21
https://bouon-lab.com/en/tags/airports/,2026-07-21
https://bouon-lab.com/en/tags/acoustic-absorption/,2026-07-21
https://bouon-lab.com/en/tags/japanese-highways/,2026-07-21
https://bouon-lab.com/tags/防音材料/,2026-07-21
https://bouon-lab.com/tags/防音室-賃貸-デメリット/,2026-07-20
https://bouon-lab.com/en/tags/downstairs-neighbors/,2026-07-20
https://bouon-lab.com/tags/防音室-賃貸-一般賃貸/,2026-07-19
https://bouon-lab.com/en/tags/soundproof-room-price/,2026-07-19
https://bouon-lab.com/ja/solutions/soundproof-room-loan-guide/,2026-07-17
https://bouon-lab.com/ja/solutions/streamer-rental-selection-guide/,2026-07-15
https://bouon-lab.com/en/tags/acoustic-materials/,2026-07-14
https://bouon-lab.com/ja/solutions/bass-trap-installation-guide/,2026-07-14
https://bouon-lab.com/tags/防音室-エアコン/,2026-07-14
https://bouon-lab.com/en/tags/soundproof-subsidy/,2026-07-14
https://bouon-lab.com/ja/solutions/soundproof-room-effectiveness/,2026-07-14
https://bouon-lab.com/tags/低音/,2026-07-13
https://bouon-lab.com/tags/地方創生/,2026-07-13
https://bouon-lab.com/tags/名古屋/,2026-07-12
https://bouon-lab.com/tags/部屋防音/,2026-07-12
https://bouon-lab.com/tags/オフィス/,2026-07-12
https://bouon-lab.com/tags/防音室の価格/,2026-07-12
https://bouon-lab.com/tags/ユニット防音室/,2026-07-12
https://bouon-lab.com/tags/ゲーム配信/,2026-07-12
https://bouon-lab.com/en/categories/practical-guide/,2026-07-12
https://bouon-lab.com/tags/d-60/,2026-07-12
https://bouon-lab.com/tags/防音塗料/,2026-07-12
https://bouon-lab.com/tags/機密性/,2026-07-12
https://bouon-lab.com/en/posts/gamer-bouon-room-select/,2026-07-11
https://bouon-lab.com/en/tags/rental-apartment/,2026-07-11
https://bouon-lab.com/en/japan-soundproof-housing/,2026-07-10
https://bouon-lab.com/tags/船橋/,2026-07-10
https://bouon-lab.com/tags/道具/,2026-07-10
https://bouon-lab.com/en/tags/air/,2026-07-07
https://bouon-lab.com/ja/solutions/soundproof-room-resale-strategy/,2026-07-07
https://bouon-lab.com/posts/soundproof-room-loan-guide/,2026-07-07
https://bouon-lab.com/tags/防音構造/,2026-07-06
https://bouon-lab.com/en/privacy/,2026-07-06
https://bouon-lab.com/ja/solutions/chiba-soundproof-rental-guide/,2026-07-06
https://bouon-lab.com/en/posts/ontouch-soundproof-panel-effective/,2026-07-06
https://bouon-lab.com/tags/防音室-賃貸-遮音性能/,2026-07-06
https://bouon-lab.com/tags/尺八/,2026-07-06
https://bouon-lab.com/tags/レンタル/,2026-07-06
https://bouon-lab.com/tags/プレゼン/,2026-07-06
https://bouon-lab.com/tags/防音賃貸-暮らし/,2026-07-06
https://bouon-lab.com/tags/近所迷惑/,2026-07-06
https://bouon-lab.com/tags/diy-vs-工事/,2026-07-06
https://bouon-lab.com/tags/hiタイプ/,2026-07-06
https://bouon-lab.com/tags/音楽大学/,2026-07-06
https://bouon-lab.com/tags/練習場所/,2026-07-06
https://bouon-lab.com/tags/神戸/,2026-07-06
https://bouon-lab.com/posts/page/7/,2026-07-06
https://bouon-lab.com/tags/長時間配信/,2026-07-06
https://bouon-lab.com/tags/宅録/,2026-07-05
https://bouon-lab.com/en/tags/parts-replacement/,2026-07-05
https://bouon-lab.com/tags/資産価値/,2026-07-05
https://bouon-lab.com/en/tags/soundproof-mansion/,2026-07-05
https://bouon-lab.com/en/tags/circular-materials/,2026-07-05
https://bouon-lab.com/tags/スライド/,2026-07-05
https://bouon-lab.com/ja/use-case/remote-work-noise-solution-guide/,2026-07-05
https://bouon-lab.com/en/tags/desk-impact/,2026-07-05
https://bouon-lab.com/posts/free-cardboard-soundproof-tech/,2026-07-05
https://bouon-lab.com/en/solutions/bouonroom-tettei-kaisetsu/,2026-07-05
https://bouon-lab.com/tags/2026最新/,2026-07-05
https://bouon-lab.com/posts/japanese-instrument-soundproof/,2026-07-05
https://bouon-lab.com/en/knowledge/bouon-kanki-taisaku/,2026-07-05
https://bouon-lab.com/tags/静音化/,2026-07-05
https://bouon-lab.com/tags/wi-fi/,2026-07-04
https://bouon-lab.com/en/posts/page/5/,2026-07-04
https://bouon-lab.com/en/tags/disputes/,2026-07-04
https://bouon-lab.com/en/knowledge/office-sound-masking-security/,2026-07-04
https://bouon-lab.com/en/categories/practical-soundproofing-guide/,2026-07-04
https://bouon-lab.com/en/tags/soundproof-rental-japan/,2026-07-04
https://bouon-lab.com/en/posts/why-your-80-percent-rug-rule-fails/,2026-07-04
https://bouon-lab.com/tags/設備確認/,2026-07-04
https://bouon-lab.com/tags/手入れ/,2026-07-04
https://bouon-lab.com/ja/knowledge/diy-led-acoustic-panels/,2026-07-04
https://bouon-lab.com/en/solutions/shimamura-music-soundproof-room-guide/,2026-07-03
https://bouon-lab.com/ja/solutions/soundproof-room-rental-lease/,2026-07-02
https://bouon-lab.com/ja/solutions/100yen-gap-tape-door-soundproofing/,2026-07-01
https://bouon-lab.com/ja/solutions/owner-renovation-shibuya-shinjuku-vtuber-strategy/,2026-06-30
https://bouon-lab.com/tags/居住性/index.xml,2026-06-30
https://bouon-lab.com/en/tags/high-performance/,2026-06-30
https://bouon-lab.com/en/soundproof-room/solution/proofroom-humidity-airconditionlist/,2026-06-29
https://bouon-lab.com/en/tags/diy-soundproof-booth/,2026-06-29
https://bouon-lab.com/en/solutions/bouon-size-choice/,2026-06-29
https://bouon-lab.com/en/tags/forecast/,2026-06-28
https://bouon-lab.com/en/tags/desk-setup/,2026-06-28
https://bouon-lab.com/tags/ひとりカラオケ/,2026-06-27
https://bouon-lab.com/ja/use-case/wooden-apartment-soundproof-guide/,2026-06-26
https://bouon-lab.com/ja/use-case/streaming-mic-soundproof-guide/,2026-06-26
https://bouon-lab.com/ja/knowledge/japan-bouonproof-marketnextasia/,2026-06-26
https://bouon-lab.com/ja/use-case/trumpet-soundproof-room/,2026-06-26
https://bouon-lab.com/ja/use-case/vocal-recording-booth-guide/,2026-06-26
https://bouon-lab.com/en/knowledge/soundproof-room-relocation-cost/,2026-06-26
https://bouon-lab.com/en/use-case/gamer-bouon-room-select/,2026-06-25
https://bouon-lab.com/en/posts/treadmill-soundproofing-vibration-control/,2026-06-25
https://bouon-lab.com/en/about/,2026-06-25
https://bouon-lab.com/ja/use-case/gamer-acoustic-placement/,2026-06-25
https://bouon-lab.com/ja/solutions/diy-soundproofing-tips/,2026-06-25
https://bouon-lab.com/en/soundproof-rental/knowledge/streamer-rental-selection-guide/,2026-06-24
https://bouon-lab.com/ja/solutions/soundproof-room-resale-value-comparison/,2026-06-24
https://bouon-lab.com/en/solutions/soundproof-room-effectiveness/,2026-06-24
https://bouon-lab.com/en/posts/diy-soundproofing-tips/,2026-06-23
https://bouon-lab.com/ja/solutions/diy-soundproof-ventilation-heat-exhaust/,2026-06-23
https://bouon-lab.com/tags/埼玉/,2026-06-23
https://bouon-lab.com/en/tags/selection/,2026-06-23
https://bouon-lab.com/ja/solutions/musision-soundproof-rental-review/,2026-06-23
https://bouon-lab.com/tags/配信部屋/,2026-06-23
https://bouon-lab.com/tags/熱交換換気/,2026-06-23
https://bouon-lab.com/tags/激安防音/,2026-06-23
https://bouon-lab.com/tags/防音室-自作-材料/,2026-06-23
https://bouon-lab.com/en/knowledge/workbooth-office-soundproof-trend/,2026-06-23
https://bouon-lab.com/en/tags/soundproofing-products/,2026-06-23
https://bouon-lab.com/tags/防音室-静音化/,2026-06-23
https://bouon-lab.com/en/tags/earplugs/,2026-06-23
https://bouon-lab.com/en/tags/soundproof-room-cost/,2026-06-23
https://bouon-lab.com/tags/防音材料-購入先/,2026-06-23
https://bouon-lab.com/tags/防音測定/,2026-06-23
https://bouon-lab.com/tags/防音室の基礎知識/,2026-06-23
https://bouon-lab.com/tags/防音室-許可/,2026-06-23
https://bouon-lab.com/tags/防音室-賃貸-家賃/,2026-06-23
https://bouon-lab.com/tags/防音室-賃貸-契約/,2026-06-23
https://bouon-lab.com/tags/防音室-賃貸-探し方/,2026-06-23
https://bouon-lab.com/tags/防音室-原状回復/,2026-06-23
https://bouon-lab.com/en/tags/cleaning-methods/,2026-06-23
https://bouon-lab.com/en/tags/condensation/,2026-06-22
https://bouon-lab.com/tags/実家暮らし/,2026-06-22
https://bouon-lab.com/en/tags/配信/,2026-06-22
https://bouon-lab.com/ja/company/,2026-06-22
https://bouon-lab.com/tags/二重サッシ/,2026-06-22
https://bouon-lab.com/en/tags/home-center/,2026-06-22
https://bouon-lab.com/en/tags/in-japan/,2026-06-22
https://bouon-lab.com/en/tags/iwasemi/,2026-06-22
https://bouon-lab.com/tags/防音マスク/,2026-06-22
https://bouon-lab.com/tags/練習室/,2026-06-22
https://bouon-lab.com/tags/2026年/,2026-06-22
https://bouon-lab.com/tags/防音室サイズ/,2026-06-22
https://bouon-lab.com/tags/循環素材/,2026-06-22
https://bouon-lab.com/en/tags/yokohama/,2026-06-22
https://bouon-lab.com/tags/電磁波ノイズ/,2026-06-22
https://bouon-lab.com/tags/防音室価格/,2026-06-22
https://bouon-lab.com/tags/資金計画/index.xml,2026-06-22
https://bouon-lab.com/posts/danbotchi-diy-blueprints/,2026-06-22
https://bouon-lab.com/tags/防音室付き賃貸/,2026-06-22
https://bouon-lab.com/en/posts/danbotchi-diy-blueprints/,2026-06-22
https://bouon-lab.com/en/tags/footsteps/,2026-06-22
https://bouon-lab.com/en/tags/neighbor-disputes/,2026-06-22
https://bouon-lab.com/tags/計算式/,2026-06-22
https://bouon-lab.com/en/tags/musicians-apartments/,2026-06-22
https://bouon-lab.com/tags/ゲーム実況-防音/,2026-06-22
https://bouon-lab.com/tags/2025年改正/,2026-06-22
https://bouon-lab.com/tags/快適環境/,2026-06-22
https://bouon-lab.com/tags/格安防音/,2026-06-22
https://bouon-lab.com/en/tags/study/,2026-06-22
https://bouon-lab.com/en/tags/recording-environment/,2026-06-22
https://bouon-lab.com/tags/学習/,2026-06-22
https://bouon-lab.com/tags/床荷重/,2026-06-22
https://bouon-lab.com/tags/防音リフォーム/,2026-06-22
https://bouon-lab.com/tags/歌ってみた/,2026-06-22
https://bouon-lab.com/tags/熱管理/,2026-06-22
https://bouon-lab.com/tags/100万円/,2026-06-22
https://bouon-lab.com/tags/子ども/,2026-06-22
https://bouon-lab.com/tags/支援制度/,2026-06-22
https://bouon-lab.com/tags/東京/,2026-06-22
https://bouon-lab.com/tags/音質調整/,2026-06-22
https://bouon-lab.com/tags/ニトリ/,2026-06-22
https://bouon-lab.com/tags/防音換気扇/,2026-06-22
https://bouon-lab.com/tags/管楽器/,2026-06-22
https://bouon-lab.com/tags/ヤマハ/,2026-06-22
https://bouon-lab.com/en/tags/check-method/,2026-06-22
https://bouon-lab.com/tags/後悔しない選び方/,2026-06-22
https://bouon-lab.com/en/categories/streaming--creators/,2026-06-22
https://bouon-lab.com/posts/soundproof-rental-life-streamer/,2026-06-22
https://bouon-lab.com/en/tags/auditory-sensitivity/,2026-06-22
https://bouon-lab.com/posts/soundproof-room-relocation-cost/,2026-06-22
https://bouon-lab.com/en/tags/sound-masking/,2026-06-22
https://bouon-lab.com/ja/solutions/sound-reduction-simulation/,2026-06-22
https://bouon-lab.com/tags/福岡/,2026-06-22
https://bouon-lab.com/en/tags/focus-pods/,2026-06-22
https://bouon-lab.com/tags/musision/,2026-06-22
https://bouon-lab.com/en/tags/one-touch-soundproof-panel/,2026-06-22
https://bouon-lab.com/en/solutions/soundproof-room-types/,2026-06-22
https://bouon-lab.com/en/tags/work-booth/,2026-06-22
https://bouon-lab.com/en/solutions/bass-trap-installation-guide/,2026-06-22
https://bouon-lab.com/en/posts/soundproof-room-daily-maintenance/,2026-06-22
https://bouon-lab.com/ja/solutions/bourental-syaouseid-choiceindi/,2026-06-21
https://bouon-lab.com/en/tags/soundproof-materials-purchase/,2026-06-21
https://bouon-lab.com/ja/use-case/soundproof-solution-tier-map-streamer/,2026-06-20
https://bouon-lab.com/ja/solutions/soundproof-subsidy-zero-cost/,2026-06-18
https://bouon-lab.com/en/categories/musicians/,2026-06-18
https://bouon-lab.com/ja/solutions/acoustic-panel-placement/,2026-06-18
https://bouon-lab.com/en/tags/privacy/,2026-06-16
https://bouon-lab.com/en/tags/concentration/,2026-06-16
https://bouon-lab.com/en/tags/web-meetings/,2026-06-16
https://bouon-lab.com/en/tags/neighbor-disturbance/,2026-06-16
https://bouon-lab.com/en/tags/music-school/,2026-06-16
https://bouon-lab.com/en/tags/merits-of-soundproof-room/,2026-06-16
https://bouon-lab.com/en/tags/soundproof-materials/,2026-06-16
https://bouon-lab.com/categories/配信クリエイター向け/,2026-06-16
https://bouon-lab.com/tags/防音室-生活/,2026-06-16
https://bouon-lab.com/en/tags/glass-wool/,2026-06-16
https://bouon-lab.com/tags/ギター/,2026-06-16
https://bouon-lab.com/en/tags/mold-prevention/,2026-06-16
https://bouon-lab.com/tags/騒音苦情/,2026-06-16
https://bouon-lab.com/en/tags/sleep/,2026-06-16
https://bouon-lab.com/en/tags/noise-reduction/,2026-06-16
https://bouon-lab.com/tags/測定アプリ/,2026-06-16
https://bouon-lab.com/tags/ピアノ-防音室/,2026-06-16
https://bouon-lab.com/en/tags/cost-comparison/,2026-06-16
https://bouon-lab.com/en/solutions/musision-soundproof-rental-review/,2026-06-16
https://bouon-lab.com/en/tags/vtuber/,2026-06-16
https://bouon-lab.com/en/tags/osaka/,2026-06-16
https://bouon-lab.com/en/tags/issues/,2026-06-16
https://bouon-lab.com/tags/diy防音室/,2026-06-15
https://bouon-lab.com/en/tags/rental/,2026-06-15
https://bouon-lab.com/tags/挨拶マナー/,2026-06-15
https://bouon-lab.com/tags/遮音性能/,2026-06-15
https://bouon-lab.com/tags/トラブル防止/,2026-06-15
https://bouon-lab.com/ja/solutions/budget-soundproof-booth-comparison/,2026-06-15
https://bouon-lab.com/tags/防音工事/,2026-06-15
https://bouon-lab.com/categories/近隣トラブル騒音苦情/,2026-06-14
https://bouon-lab.com/tags/居住性/,2026-06-14
https://bouon-lab.com/tags/査定/,2026-06-14
https://bouon-lab.com/en/tags/co2-concentration/,2026-06-14
https://bouon-lab.com/posts/soundproof-room-demolition-guide/,2026-06-14
https://bouon-lab.com/en/tags/sound-absorption/,2026-06-14
https://bouon-lab.com/categories/コスト予算/,2026-06-13
https://bouon-lab.com/tags/楽器ローン/index.xml,2026-06-13
https://bouon-lab.com/en/posts/rental-proofroom-contractcheck/,2026-06-12
https://bouon-lab.com/en/tags/rental-friendly/,2026-06-10
https://bouon-lab.com/ja/solutions/streamer-soundproof-room-comprehensive-guide/,2026-06-10
https://bouon-lab.com/ja/solutions/bouon-rental-market-guide/,2026-06-09
https://bouon-lab.com/en/use-case/acoustic-piano-soundproof-tips/,2026-06-09
https://bouon-lab.com/en/soundproof-room/knowledge/vtuber-soundproof-environment-complete-guide/,2026-06-09
https://bouon-lab.com/ja/use-case/asmr-silence-ventilation/,2026-06-09
https://bouon-lab.com/tags/機材/,2026-06-09
https://bouon-lab.com/en/knowledge/styrofoam-soundproof-merit/,2026-06-08
https://bouon-lab.com/en/soundproof-room/diy/danbotchi-diy-blueprints/,2026-06-08
https://bouon-lab.com/ja/solutions/office-sound-masking-security/,2026-06-08
https://bouon-lab.com/en/tags/1.5-tatami-soundproof-room/,2026-06-08
https://bouon-lab.com/en/solutions/soundproof-window-subsidy-2025-guide/,2026-06-08
https://bouon-lab.com/en/knowledge/self-built-booth-ventilation/,2026-06-07
https://bouon-lab.com/ja/solutions/bourentakl-streamer-settingsetubi/,2026-06-07
https://bouon-lab.com/ja/solutions/absorption-vs-soundproofing-materials/,2026-06-07
https://bouon-lab.com/posts/vtuber-family-privacy-rules/,2026-06-07
https://bouon-lab.com/tags/音漏れ/,2026-06-07
https://bouon-lab.com/ja/solutions/soundproof-window-subsidy-2025-guide/,2026-06-06
https://bouon-lab.com/en/knowledge/soundproof-performance-dr-standard/,2026-06-06
https://bouon-lab.com/en/solutions/osaka-soundproof-rental-guide/,2026-06-06
https://bouon-lab.com/en/use-case/co2-concentration-lossnay-productivity/,2026-06-06
https://bouon-lab.com/ja/solutions/kawai-nasal-soundproof-room-guide/,2026-06-06
https://bouon-lab.com/en/posts/soundproof-room-ventilation-aircondition/,2026-06-06
https://bouon-lab.com/en/tags/kanagawa/,2026-06-05
https://bouon-lab.com/tags/足音/,2026-06-05
https://bouon-lab.com/en/tags/price-trends/,2026-06-05
https://bouon-lab.com/tags/音大生/,2026-06-05
https://bouon-lab.com/tags/無音/,2026-06-05
https://bouon-lab.com/en/tags/air-conditioning/,2026-06-05
https://bouon-lab.com/en/tags/performance-indicators/,2026-06-05
https://bouon-lab.com/en/tags/subsidies/,2026-06-05
https://bouon-lab.com/en/tags/floor-weight/,2026-06-05
https://bouon-lab.com/en/tags/noise-control/,2026-06-05
https://bouon-lab.com/en/posts/bouproof-roomchoice-price/,2026-06-05
https://bouon-lab.com/tags/防音スタジオ/,2026-06-05
https://bouon-lab.com/en/tags/2025/,2026-06-05
https://bouon-lab.com/ja/use-case/asmr-proofroom-guide/,2026-06-04
https://bouon-lab.com/tags/価格/,2026-06-04
https://bouon-lab.com/tags/防振対策/,2026-06-04
https://bouon-lab.com/tags/d値/,2026-06-04
https://bouon-lab.com/en/tags/network-connection/,2026-06-04
https://bouon-lab.com/en/tags/streaming/,2026-06-04
https://bouon-lab.com/en/tags/closet-soundproofing/,2026-06-04
https://bouon-lab.com/tags/ボーカルブース/,2026-06-04
https://bouon-lab.com/en/knowledge/soundproof-subsidy-tokyo-osaka/,2026-06-04
https://bouon-lab.com/tags/床振動/,2026-06-04
https://bouon-lab.com/en/tags/pricing/,2026-06-04
https://bouon-lab.com/en/posts/vtuber-proofroom-knowledge/,2026-06-04
https://bouon-lab.com/en/tags/keyboard-noise/,2026-06-04
https://bouon-lab.com/en/posts/gamesteram-proofroom-soudflash/,2026-06-04
https://bouon-lab.com/tags/法改正/,2026-06-04
https://bouon-lab.com/ja/solutions/osaka-soundproof-rental-guide/,2026-06-04
https://bouon-lab.com/en/tags/energy-efficiency/,2026-06-04
https://bouon-lab.com/ja/solutions/nitori-soundproof-acoustic-guide/,2026-06-04
https://bouon-lab.com/ja/knowledge/soundproof-solution-tier-map-streamer/,2026-06-04
https://bouon-lab.com/ja/solutions/rental-vs-purchase-soundproof-room/,2026-06-04
https://bouon-lab.com/en/tags/silence/,2026-06-04
https://bouon-lab.com/tags/点検/,2026-06-04
https://bouon-lab.com/en/japan-quiet-spaces/,2026-06-04
https://bouon-lab.com/ja/solutions/yamaha-avitecs-cefine-ns-guide/,2026-06-04
https://bouon-lab.com/en/tags/kawai-nasal/,2026-06-04
https://bouon-lab.com/en/tags/communication/,2026-06-04
https://bouon-lab.com/tags/温度管理/,2026-06-04
https://bouon-lab.com/tags/供給動向/,2026-06-04
https://bouon-lab.com/tags/マイク選び/,2026-06-04
https://bouon-lab.com/tags/vtuber/,2026-06-04
https://bouon-lab.com/ja/column/streamer-soundproof-lifestyle-timing/,2026-06-04
https://bouon-lab.com/tags/基礎知識/,2026-06-04
https://bouon-lab.com/en/tags/secondary-windows/,2026-06-04
https://bouon-lab.com/en/tags/sound-performance/,2026-06-04
https://bouon-lab.com/en/tags/weatherstripping/,2026-06-04
https://bouon-lab.com/en/posts/piano-proofroom-select-guide/,2026-06-04
https://bouon-lab.com/tags/クリエイター経済/,2026-06-04
https://bouon-lab.com/tags/モデルチェンジ/,2026-06-04
https://bouon-lab.com/tags/配信ノイズ/,2026-06-04
https://bouon-lab.com/tags/業界動向/,2026-06-04
https://bouon-lab.com/en/tags/humidification/,2026-06-04
https://bouon-lab.com/tags/コミュニケーション/,2026-06-04
https://bouon-lab.com/tags/ビジネス機会/,2026-06-04
https://bouon-lab.com/en/tags/yamaha-avitecs/,2026-06-03
https://bouon-lab.com/en/tags/wall-soundproofing/,2026-06-03
https://bouon-lab.com/en/tags/sound-isolation/,2026-06-03
https://bouon-lab.com/tags/運用ルール/,2026-06-03
https://bouon-lab.com/en/tags/audio-tuning/,2026-06-03
https://bouon-lab.com/en/tags/1-million-yen/,2026-06-03
https://bouon-lab.com/tags/価格動向/,2026-06-03
https://bouon-lab.com/tags/契約/,2026-06-03
https://bouon-lab.com/tags/音漏れ対策/,2026-06-03
https://bouon-lab.com/tags/テレワーク/,2026-06-03
https://bouon-lab.com/tags/ドンドン音/,2026-06-03
https://bouon-lab.com/en/posts/drum-soundproof-room/,2026-06-03
https://bouon-lab.com/tags/比較/,2026-06-03
https://bouon-lab.com/tags/演奏時間/,2026-06-03
https://bouon-lab.com/en/tags/mechanism/,2026-06-02
https://bouon-lab.com/tags/コスパ比較/,2026-06-02
https://bouon-lab.com/en/posts/bass-trap-installation-guide/,2026-06-02
https://bouon-lab.com/tags/特約/,2026-06-02
https://bouon-lab.com/tags/音大/,2026-06-02
https://bouon-lab.com/tags/メーカー比較/,2026-06-02
https://bouon-lab.com/en/tags/product-review/,2026-06-02
https://bouon-lab.com/tags/市場分析/,2026-06-02
https://bouon-lab.com/en/tags/streaming-room/,2026-06-02
https://bouon-lab.com/ja/knowledge/soundproof-room-fixed-asset-tax/,2026-06-02
https://bouon-lab.com/tags/おすすめ/,2026-06-02
https://bouon-lab.com/ja/use-case/asmr-vtuber-booth-guide/,2026-06-02
https://bouon-lab.com/ja/solutions/free-cardboard-soundproof-tech/,2026-06-02
https://bouon-lab.com/en/tags/gap-treatment/,2026-06-02
https://bouon-lab.com/ja/solutions/soundproof-room-effectiveness/soundproof-room-mechanism,2026-06-02
https://bouon-lab.com/en/tags/soundproof-room-air-conditioning/,2026-06-02
https://bouon-lab.com/tags/違い/,2026-06-02
https://bouon-lab.com/tags/寿命/,2026-06-02
https://bouon-lab.com/posts/page/2/,2026-06-02
https://bouon-lab.com/en/tags/global-trends/,2026-06-02
https://bouon-lab.com/tags/騒音トラブル/,2026-06-02
https://bouon-lab.com/tags/ハイエンド防音室/,2026-06-02
https://bouon-lab.com/en/posts/building-code-reform-2025-soundproof/,2026-06-01
https://bouon-lab.com/tags/建築比較/,2026-06-01
https://bouon-lab.com/ja/solutions/soundproof-room-rental-cost/,2026-06-01
https://bouon-lab.com/tags/配信者/,2026-06-01
https://bouon-lab.com/tags/dtm/,2026-06-01
https://bouon-lab.com/en/soundproof-room/diy/shanon-vs-bouon-window/,2026-06-01
https://bouon-lab.com/tags/ノイズ対策/,2026-06-01
https://bouon-lab.com/tags/個人売買/,2026-05-31
https://bouon-lab.com/tags/asmr対策/,2026-05-31
https://bouon-lab.com/tags/大型防音室/,2026-05-31
https://bouon-lab.com/tags/フレーム補強/,2026-05-31
https://bouon-lab.com/en/tags/advantages/,2026-05-31
https://bouon-lab.com/tags/空調設備/,2026-05-31
https://bouon-lab.com/tags/リフォームローン/,2026-05-31
https://bouon-lab.com/tags/電子ピアノ/,2026-05-31
https://bouon-lab.com/posts/rental-caution-cello/,2026-05-31
https://bouon-lab.com/en/tags/homestudio/,2026-05-31
https://bouon-lab.com/tags/防衛省/,2026-05-31
https://bouon-lab.com/tags/rew/,2026-05-31
https://bouon-lab.com/tags/fps/,2026-05-31
https://bouon-lab.com/en/tags/work-from-home/,2026-05-31
https://bouon-lab.com/tags/設計図/,2026-05-31
https://bouon-lab.com/en/tags/neighbor-complaints/,2026-05-31
https://bouon-lab.com/en/solutions/budget-soundproof-booth-comparison/,2026-05-30
https://bouon-lab.com/tags/布団防音/,2026-05-30
https://bouon-lab.com/en/posts/office-sound-masking-security/,2026-05-30
https://bouon-lab.com/en/tags/apartments/,2026-05-30
https://bouon-lab.com/tags/コスト分析/,2026-05-30
https://bouon-lab.com/en/tags/japanese-market/,2026-05-30
https://bouon-lab.com/tags/組み合わせ/,2026-05-30
https://bouon-lab.com/tags/インターネット/,2026-05-30
https://bouon-lab.com/tags/子供の足音/,2026-05-30
https://bouon-lab.com/tags/国際戦略/,2026-05-30
https://bouon-lab.com/tags/防音基準/,2026-05-30
https://bouon-lab.com/tags/浮き床構造/,2026-05-30
https://bouon-lab.com/posts/floor-soundproofing-who-needs-it/,2026-05-30
https://bouon-lab.com/en/tags/soundproof-room-experience/,2026-05-30
https://bouon-lab.com/tags/生活音/,2026-05-30
https://bouon-lab.com/tags/運搬/,2026-05-30
https://bouon-lab.com/tags/集中ブース/,2026-05-30
https://bouon-lab.com/en/tags/diyreinforcement/,2026-05-30
https://bouon-lab.com/tags/天井高/,2026-05-30
https://bouon-lab.com/en/tags/budgetsoundproofing/,2026-05-30
https://bouon-lab.com/tags/デスクセットアップ/,2026-05-30
https://bouon-lab.com/tags/法人税/,2026-05-30
https://bouon-lab.com/tags/節税対策/,2026-05-30
https://bouon-lab.com/tags/即席防音/,2026-05-30
https://bouon-lab.com/tags/処分/,2026-05-30
https://bouon-lab.com/en/tags/ゲーム実況/,2026-05-30
https://bouon-lab.com/tags/段ボール防音/,2026-05-30
https://bouon-lab.com/tags/ディアウォール/,2026-05-30
https://bouon-lab.com/tags/交付申請/,2026-05-30
https://bouon-lab.com/tags/ハムノイズ/,2026-05-30
https://bouon-lab.com/tags/ai音響/,2026-05-30
https://bouon-lab.com/tags/50万円/,2026-05-30
https://bouon-lab.com/tags/配置/,2026-05-30
https://bouon-lab.com/tags/和楽器/,2026-05-30
https://bouon-lab.com/en/tags/noisepollution/,2026-05-30
https://bouon-lab.com/posts/diy-limitation-low-frequency-noise/,2026-05-30
https://bouon-lab.com/en/tags/utilization/,2026-05-30
https://bouon-lab.com/tags/対談/,2026-05-30
https://bouon-lab.com/tags/防音カーテン/,2026-05-30
https://bouon-lab.com/en/tags/obs-settings/,2026-05-30
https://bouon-lab.com/tags/固定資産税/,2026-05-29
https://bouon-lab.com/tags/脱炭素素材/,2026-05-29
https://bouon-lab.com/en/posts/inner-window-double-window-market-news/,2026-05-29
https://bouon-lab.com/tags/チェロ/,2026-05-29
https://bouon-lab.com/categories/自作簡易防音室-diy/,2026-05-29
https://bouon-lab.com/en/tags/break-even/,2026-05-29
https://bouon-lab.com/tags/ベーストラップ/,2026-05-29
https://bouon-lab.com/en/tags/sound-leakage/,2026-05-29
https://bouon-lab.com/tags/防音室比較/,2026-05-29
https://bouon-lab.com/ja/solutions/bouonroom-tettei-kaisetsu/,2026-05-29
https://bouon-lab.com/tags/防音室-買取/,2026-05-29
https://bouon-lab.com/en/tags/practice-hours/,2026-05-29
https://bouon-lab.com/categories/市場ニュース/,2026-05-29
https://bouon-lab.com/ja/use-case/rental-game-soundproof-booth-3man/,2026-05-29
https://bouon-lab.com/en/tags/to/,2026-05-29
https://bouon-lab.com/tags/集中力/,2026-05-29
https://bouon-lab.com/posts/electronic-drum-vibration/,2026-05-29
https://bouon-lab.com/en/tags/簡易防音室/,2026-05-29
https://bouon-lab.com/tags/自衛隊基地/,2026-05-29
https://bouon-lab.com/en/soundproof-rental/knowledge/owner-renovation-musician-24h-practice-strategy/,2026-05-28
https://bouon-lab.com/en/soundproof-rental/solution/vibration-reduction-science/,2026-05-28
https://bouon-lab.com/en/soundproof-room/knowledge/biophilic-acoustics/,2026-05-28
https://bouon-lab.com/en/soundproof-rental/others/owner-renovation-shibuya-shinjuku-vtuber-strategy/,2026-05-28
https://bouon-lab.com/posts/diy-led-acoustic-panels/,2026-05-28
https://bouon-lab.com/ja/solutions/diy-vocal-soundproof-mask/,2026-05-28
https://bouon-lab.com/en/tags/user/,2026-05-28
https://bouon-lab.com/ja/use-case/streaming-room-layout-examples/,2026-05-28
https://bouon-lab.com/en/tags/shouting/,2026-05-28
https://bouon-lab.com/en/posts/futon-cardboard-karaoke-booth/,2026-05-28
https://bouon-lab.com/tags/ヤフオク/,2026-05-28
https://bouon-lab.com/tags/iphoneアプリ/,2026-05-28
https://bouon-lab.com/posts/electronic-piano-vibration-solution/,2026-05-28
https://bouon-lab.com/en/tags/gamer/,2026-05-28
https://bouon-lab.com/tags/内窓/,2026-05-28
https://bouon-lab.com/en/tags/soundproofing-standards/,2026-05-28
https://bouon-lab.com/tags/物流/,2026-05-28
https://bouon-lab.com/en/tags/yamaha-rental/,2026-05-28
https://bouon-lab.com/en/tags/verification/,2026-05-28
https://bouon-lab.com/tags/高く売る/,2026-05-28
https://bouon-lab.com/tags/断熱材/,2026-05-28
https://bouon-lab.com/en/tags/ainoisemeter/,2026-05-28
https://bouon-lab.com/tags/材料選び/,2026-05-28
https://bouon-lab.com/en/soundproof-rental/solution/rental-proofroom-contractcheck/,2026-05-28
https://bouon-lab.com/en/soundproof-room/diy/diy-soundproof-room-cost-breakdown/,2026-05-28
https://bouon-lab.com/en/tags/stc-rating/,2026-05-28
https://bouon-lab.com/en/tags/sole-proprietor/,2026-05-28
https://bouon-lab.com/en/tags/dynamic-mic/,2026-05-28
https://bouon-lab.com/en/soundproof-rental/others/owner-soundproof-renovation-strategy/,2026-05-28
https://bouon-lab.com/posts/weekly-soundproof-news-20251202/,2026-05-28
https://bouon-lab.com/tags/夏対策/,2026-05-28
https://bouon-lab.com/tags/防音diy/,2026-05-28
https://bouon-lab.com/tags/デジタルサックス/,2026-05-28
https://bouon-lab.com/tags/熱対策/,2026-05-28
https://bouon-lab.com/en/tags/condenser/,2026-05-28
https://bouon-lab.com/tags/資金計画/,2026-05-28
https://bouon-lab.com/tags/リサイクル/,2026-05-28
https://bouon-lab.com/en/categories/soundproof-room/page/2/,2026-05-28
https://bouon-lab.com/tags/ev騒音/,2026-05-28
https://bouon-lab.com/en/tags/room-acoustics/,2026-05-28
https://bouon-lab.com/tags/即席ブース/,2026-05-28
https://bouon-lab.com/tags/防音市場/,2026-05-28
https://bouon-lab.com/tags/不動産契約/,2026-05-28
https://bouon-lab.com/tags/失敗しない防音/,2026-05-28
https://bouon-lab.com/en/tags/esg/,2026-05-28
https://bouon-lab.com/en/tags/wi-fi/,2026-05-28
https://bouon-lab.com/posts/soundproof-room-price-complete-guide/,2026-05-28
https://bouon-lab.com/en/tags/mic-selection/,2026-05-28
https://bouon-lab.com/tags/メーカー/,2026-05-28
https://bouon-lab.com/en/tags/sdfbase/,2026-05-28
https://bouon-lab.com/en/tags/choosing-without-regret/,2026-05-27
https://bouon-lab.com/en/tags/effect-of-soundproof-room/,2026-05-27
https://bouon-lab.com/tags/防振/,2026-05-27
https://bouon-lab.com/tags/ワークブース/,2026-05-27
https://bouon-lab.com/tags/有線lan/,2026-05-27
https://bouon-lab.com/tags/防音室の種類/,2026-05-27
https://bouon-lab.com/en/tags/japanstandard/,2026-05-27
https://bouon-lab.com/tags/インテリア/,2026-05-27
https://bouon-lab.com/tags/新生活/,2026-05-27
https://bouon-lab.com/en/tags/optimization/,2026-05-27
https://bouon-lab.com/en/tags/moldprevention/,2026-05-27
https://bouon-lab.com/tags/声配信/,2026-05-27
https://bouon-lab.com/tags/家事按分/,2026-05-26
https://bouon-lab.com/tags/神奈川/,2026-05-26
https://bouon-lab.com/en/posts/biophilic-acoustics/,2026-05-26
https://bouon-lab.com/en/tags/spotlight/,2026-05-26
https://bouon-lab.com/posts/streamer-keyboard-silence/,2026-05-26
https://bouon-lab.com/en/tags/dvalue/,2026-05-26
https://bouon-lab.com/tags/3畳/,2026-05-26
https://bouon-lab.com/tags/音響補正/,2026-05-25
https://bouon-lab.com/en/tags/barriers/,2026-05-25
https://bouon-lab.com/tags/プロ向け/,2026-05-25
https://bouon-lab.com/en/tags/consideration/,2026-05-25
https://bouon-lab.com/tags/0.8畳/,2026-05-25
https://bouon-lab.com/tags/obs設定/,2026-05-25
https://bouon-lab.com/en/tags/viewing/,2026-05-25
https://bouon-lab.com/tags/売却/,2026-05-25
https://bouon-lab.com/posts/renter-parent-house-soundproofing/,2026-05-25
https://bouon-lab.com/en/tags/progressive/,2026-05-25
https://bouon-lab.com/tags/分割払い/,2026-05-25
https://bouon-lab.com/en/tags/freelance/,2026-05-25
https://bouon-lab.com/tags/壁掛けエアコン/,2026-05-25
https://bouon-lab.com/tags/カメラ写り/,2026-05-25
https://bouon-lab.com/en/tags/market-news/,2026-05-25
https://bouon-lab.com/en/tags/failure/,2026-05-25
https://bouon-lab.com/en/tags/lan/,2026-05-25
https://bouon-lab.com/tags/フラッターエコー/,2026-05-25
https://bouon-lab.com/tags/roi/,2026-05-24
https://bouon-lab.com/en/tags/pollen-protection/,2026-05-24
https://bouon-lab.com/en/tags/material/,2026-05-24
https://bouon-lab.com/tags/排熱/,2026-05-24
https://bouon-lab.com/tags/楽器ローン/,2026-05-24
https://bouon-lab.com/tags/dr値/,2026-05-24
https://bouon-lab.com/tags/自作ガイド/,2026-05-24
https://bouon-lab.com/tags/フリーランス/,2026-05-24
https://bouon-lab.com/en/tags/interview/,2026-05-24
https://bouon-lab.com/tags/最新トレンド2025/,2026-05-24
https://bouon-lab.com/tags/バイノーラル/,2026-05-24
https://bouon-lab.com/en/tags/how/,2026-05-24
https://bouon-lab.com/en/tags/power/,2026-05-23
https://bouon-lab.com/tags/宅録ブース/,2026-05-22
https://bouon-lab.com/en/tags/zero/,2026-05-22
https://bouon-lab.com/ja/solutions/diy-internal-window-road-noise-reduction/,2026-05-21
https://bouon-lab.com/en/tags/creator-tips/,2026-05-21
https://bouon-lab.com/en/posts/rental-soundproofing-wall-diy-guide/,2026-05-21
https://bouon-lab.com/posts/soundproof-app-review-2026/,2026-05-21
https://bouon-lab.com/en/tags/ncvalue/,2026-05-21
https://bouon-lab.com/en/tags/seasonal/,2026-05-21
https://bouon-lab.com/posts/flute-practice-room/,2026-05-20
https://bouon-lab.com/en/tags/panel/,2026-05-20
https://bouon-lab.com/tags/防音室-配信可/,2026-05-20
https://bouon-lab.com/tags/納期/,2026-05-20
https://bouon-lab.com/en/tags/area/,2026-05-20
https://bouon-lab.com/en/tags/instrumentcare/,2026-05-20
https://bouon-lab.com/en/tags/tools/,2026-05-20
https://bouon-lab.com/tags/自作/,2026-05-19
https://bouon-lab.com/en/posts/bourental-merit-demerit/,2026-05-19
https://bouon-lab.com/en/posts/streamer-proofroom-choicetech/,2026-05-19
https://bouon-lab.com/en/tags/city-living/,2026-05-19
https://bouon-lab.com/en/posts/bouon-rental-yatinsouba/,2026-05-19
https://bouon-lab.com/en/posts/bourental-music-ensoutaime/,2026-05-19
https://bouon-lab.com/tags/バイオリン/,2026-05-19
https://bouon-lab.com/en/posts/bourental-ippanrantal/,2026-05-19
https://bouon-lab.com/en/tags/oxygendepletion/,2026-05-19
https://bouon-lab.com/tags/トランペット/,2026-05-19
https://bouon-lab.com/en/tags/seasonal-patterns/,2026-05-19
https://bouon-lab.com/en/posts/bourenatal-naikencheck/,2026-05-19
https://bouon-lab.com/posts/diy-soundproof-room-limit/,2026-05-19
https://bouon-lab.com/tags/diy費用/,2026-05-19
https://bouon-lab.com/en/tags/household-apportionment/,2026-05-19
https://bouon-lab.com/tags/200万円/,2026-05-19
https://bouon-lab.com/tags/二酸化炭素濃度/,2026-05-19
https://bouon-lab.com/en/posts/grobal-soundproof-marketcheck/,2026-05-19
https://bouon-lab.com/posts/soundproof-room-ventilation-aircondition/,2026-05-19
https://bouon-lab.com/tags/海外の反応/,2026-05-19
https://bouon-lab.com/en/tags/humidity/,2026-05-19
https://bouon-lab.com/en/posts/steram-soudncondition-check/,2026-05-19
https://bouon-lab.com/tags/防音材/,2026-05-19
https://bouon-lab.com/en/tags/business-owner/,2026-05-19
https://bouon-lab.com/tags/デスク周り/,2026-05-19
https://bouon-lab.com/en/tags/danbocchi/,2026-05-18
https://bouon-lab.com/en/tags/cardboardsoundproofing/,2026-05-18
https://bouon-lab.com/tags/プライベート兼事業/,2026-05-18
https://bouon-lab.com/tags/先進的窓リノベ2026/,2026-05-18
https://bouon-lab.com/en/tags/sound-leaks/,2026-05-18
https://bouon-lab.com/posts/noise-canceling-headphones-sleep/,2026-05-18
https://bouon-lab.com/tags/配信機材/,2026-05-18
https://bouon-lab.com/en/tags/clauses/,2026-05-18
https://bouon-lab.com/en/tags/soundproof-rental-experience/,2026-05-18
https://bouon-lab.com/en/tags/streamerrental/,2026-05-18
https://bouon-lab.com/tags/s-otodasu/,2026-05-18
https://bouon-lab.com/en/tags/grade/,2026-05-18
https://bouon-lab.com/tags/排熱ダクト/,2026-05-18
https://bouon-lab.com/en/tags/duct/,2026-05-18
https://bouon-lab.com/en/tags/low-cost/,2026-05-18
https://bouon-lab.com/en/tags/cost-performance/,2026-05-18
https://bouon-lab.com/categories/防音賃貸/,2026-05-18
https://bouon-lab.com/en/tags/global/,2026-05-18
https://bouon-lab.com/en/tags/time/,2026-05-18
https://bouon-lab.com/en/categories/basics/,2026-05-18
https://bouon-lab.com/en/tags/dehumidifier/,2026-05-18
https://bouon-lab.com/posts/wooden-apartment-soundproof-guide/,2026-05-18
https://bouon-lab.com/en/tags/leaks/,2026-05-18
https://bouon-lab.com/tags/購入先/,2026-05-18
https://bouon-lab.com/en/tags/canceling/,2026-05-18
https://bouon-lab.com/tags/春/,2026-05-18
https://bouon-lab.com/en/tags/identification/,2026-05-18
https://bouon-lab.com/en/tags/low/,2026-05-18
https://bouon-lab.com/en/tags/tax-strategy/,2026-05-18
https://bouon-lab.com/en/tags/door-soundproofing/,2026-05-18
https://bouon-lab.com/tags/住宅防音工事/,2026-05-18
https://bouon-lab.com/en/tags/subsidy-application/,2026-05-18
https://bouon-lab.com/en/tags/personal-use/,2026-05-18
https://bouon-lab.com/tags/遮音等級/,2026-05-18
https://bouon-lab.com/en/tags/100-yen-shop/,2026-05-18
https://bouon-lab.com/en/tags/air-conditioning-design/,2026-05-18
https://bouon-lab.com/tags/diy防音/page/2/,2026-05-18
https://bouon-lab.com/tags/ナサール/,2026-05-17
https://bouon-lab.com/en/posts/soundproof-subsidy-three-cases/,2026-05-17
https://bouon-lab.com/en/tags/equipment-failure/,2026-05-17
https://bouon-lab.com/tags/カワイ/,2026-05-17
https://bouon-lab.com/en/tags/pc-heat/,2026-05-17
https://bouon-lab.com/en/tags/wall-mounted-air-conditioner/,2026-05-17
https://bouon-lab.com/tags/酸欠/,2026-05-17
https://bouon-lab.com/tags/床補強/,2026-05-17
https://bouon-lab.com/en/tags/maintenance-costs/,2026-05-17
https://bouon-lab.com/en/tags/fps/,2026-05-17
https://bouon-lab.com/en/tags/point/,2026-05-17
https://bouon-lab.com/en/tags/スポットクーラー/,2026-05-17
https://bouon-lab.com/tags/キット/,2026-05-17
https://bouon-lab.com/en/tags/small-soundproof-room/,2026-05-17
https://bouon-lab.com/tags/ユニット型/,2026-05-17
https://bouon-lab.com/en/tags/solid-borne/,2026-05-17
https://bouon-lab.com/en/tags/productivity/,2026-05-17
https://bouon-lab.com/tags/引っ越し/,2026-05-17
https://bouon-lab.com/en/tags/technical-guide/,2026-05-17
https://bouon-lab.com/posts/soundproof-wall-construction-guide/,2026-05-17
https://bouon-lab.com/en/tags/temperature-management/,2026-05-17
https://bouon-lab.com/en/tags/streams/,2026-05-17
https://bouon-lab.com/tags/先進的窓リノベ/,2026-05-17
https://bouon-lab.com/tags/配信/,2026-05-17
https://bouon-lab.com/posts/proof-doorchoice-setting/,2026-05-17
https://bouon-lab.com/tags/防音室/page/3/,2026-05-17
https://bouon-lab.com/posts/soundproof-subsidy-zero-cost/,2026-05-17
https://bouon-lab.com/posts/diy-wall-soundproofing-room-guide/,2026-05-17
https://bouon-lab.com/en/tags/used/,2026-05-17
https://bouon-lab.com/tags/スポットクーラー/,2026-05-17
https://bouon-lab.com/posts/subsidy-soundproof-window-combo/,2026-05-17
https://bouon-lab.com/en/tags/recording-tips/,2026-05-17
https://bouon-lab.com/en/tags/heatstroke-prevention/,2026-05-17
https://bouon-lab.com/en/posts/gamer-acoustic-placement/,2026-05-17
https://bouon-lab.com/en/tags/grand-piano/,2026-05-17
https://bouon-lab.com/posts/soundproof-room-pollen-protection/,2026-05-17
https://bouon-lab.com/tags/ステップノイズ/,2026-05-17
https://bouon-lab.com/en/tags/japanese-rental-market/,2026-05-17
https://bouon-lab.com/en/tags/office-equipment/,2026-05-17
https://bouon-lab.com/en/tags/industry-news/,2026-05-17
https://bouon-lab.com/posts/soundproof-room-moving/,2026-05-17
https://bouon-lab.com/en/tags/silencing/,2026-05-17
https://bouon-lab.com/en/posts/diy-led-acoustic-panels/,2026-05-17
https://bouon-lab.com/en/soundproof-rental/others/osaka-soundproof-rental-guide/,2026-05-17
https://bouon-lab.com/tags/狭小防音室/,2026-05-16
https://bouon-lab.com/tags/相場情報/,2026-05-16
https://bouon-lab.com/en/tags/sound-insulation-rating/,2026-05-16
https://bouon-lab.com/en/tags/replacement/,2026-05-16
https://bouon-lab.com/tags/おすすめ防音室/,2026-05-16
https://bouon-lab.com/en/tags/small-business-sustaining-grant/,2026-05-16
https://bouon-lab.com/en/tags/directory/,2026-05-16
https://bouon-lab.com/en/tags/real-estate/,2026-05-16
https://bouon-lab.com/en/tags/drum/,2026-05-16
https://bouon-lab.com/en/posts/soundproof-room-types/,2026-05-16
https://bouon-lab.com/en/tags/decoupling/,2026-05-16
https://bouon-lab.com/en/tags/risk-management/,2026-05-16
https://bouon-lab.com/en/tags/tax-return/,2026-05-16
https://bouon-lab.com/tags/快適性/,2026-05-16
https://bouon-lab.com/en/tags/soundproof-sheet/,2026-05-16
https://bouon-lab.com/en/tags/market/,2026-05-16
https://bouon-lab.com/en/posts/temperature-humidity-management/,2026-05-16
https://bouon-lab.com/tags/2026年トレンド/,2026-05-16
https://bouon-lab.com/en/tags/indicators/,2026-05-16
https://bouon-lab.com/tags/ラジオ収録/,2026-05-16
https://bouon-lab.com/tags/省エネ/,2026-05-16
https://bouon-lab.com/en/tags/neighborhood-noise/,2026-05-16
https://bouon-lab.com/en/tags/footstepnoise/,2026-05-16
https://bouon-lab.com/en/tags/bass/,2026-05-16
https://bouon-lab.com/tags/弓/,2026-05-16
https://bouon-lab.com/en/tags/correction/,2026-05-16
https://bouon-lab.com/en/tags/america/,2026-05-16
https://bouon-lab.com/en/tags/before/,2026-05-16
https://bouon-lab.com/en/tags/coverage/,2026-05-16
https://bouon-lab.com/en/tags/instruments/,2026-05-16
https://bouon-lab.com/tags/エアコンなし/,2026-05-16
https://bouon-lab.com/tags/換気-音漏れ/,2026-05-16
https://bouon-lab.com/en/tags/soundproof-mask/,2026-05-16
https://bouon-lab.com/en/tags/room-layout/,2026-05-16
https://bouon-lab.com/en/tags/treatment/,2026-05-16
https://bouon-lab.com/en/tags/for/,2026-05-16
https://bouon-lab.com/en/tags/without/,2026-05-16
https://bouon-lab.com/posts/remote-work-family-harmony-soundproof/,2026-05-16
https://bouon-lab.com/tags/引越し/,2026-05-16
https://bouon-lab.com/en/tags/trouble-measures/,2026-05-16
https://bouon-lab.com/tags/ディアウォール/index.xml,2026-05-16
https://bouon-lab.com/en/categories/soundproofing-myths/,2026-05-16
https://bouon-lab.com/tags/ポッドキャスト/,2026-05-16
https://bouon-lab.com/en/tags/safetyconstruction/,2026-05-15
https://bouon-lab.com/en/categories/practical-guide-to-soundproofing/,2026-05-15
https://bouon-lab.com/en/tags/trouble/,2026-05-15
https://bouon-lab.com/en/posts/noise-complaint-legal-precedent-manual/,2026-05-15
https://bouon-lab.com/posts/apartment-vibration-trouble-prevention/,2026-05-15
https://bouon-lab.com/tags/税金対策/,2026-05-15
https://bouon-lab.com/en/tags/teleworking/,2026-05-15
https://bouon-lab.com/tags/電子ドラム/,2026-05-15
https://bouon-lab.com/en/tags/排熱/,2026-05-15
https://bouon-lab.com/en/tags/resale-value/,2026-05-15
https://bouon-lab.com/tags/専門業者/,2026-05-15
https://bouon-lab.com/en/categories/市場ニュース/,2026-05-15
https://bouon-lab.com/en/tags/2025-reform/,2026-05-15
https://bouon-lab.com/en/tags/cases/,2026-05-15
https://bouon-lab.com/tags/防音室相場/,2026-05-15
https://bouon-lab.com/en/posts/proofroom-aircondition-select/,2026-05-15
https://bouon-lab.com/en/tags/interior-design/,2026-05-15
https://bouon-lab.com/tags/100万円防音室/,2026-05-15
https://bouon-lab.com/posts/instrument-allowed-rental-complaint-trap/,2026-05-15
https://bouon-lab.com/en/tags/expat-tips/,2026-05-15
https://bouon-lab.com/en/tags/use-case/,2026-05-15
https://bouon-lab.com/tags/隙間/,2026-05-15
https://bouon-lab.com/en/tags/budget-soundproofing/,2026-05-15
https://bouon-lab.com/en/tags/streaming-soundproof/,2026-05-15
https://bouon-lab.com/en/tags/specific/,2026-05-15
https://bouon-lab.com/en/posts/page/7/,2026-05-15
https://bouon-lab.com/tags/値段/,2026-05-15
https://bouon-lab.com/tags/防音室基礎/,2026-05-15
https://bouon-lab.com/en/tags/wired/,2026-05-14
https://bouon-lab.com/tags/グラスウール/,2026-05-14
https://bouon-lab.com/en/tags/search/,2026-05-14
https://bouon-lab.com/en/tags/noise-cancellation/,2026-05-14
https://bouon-lab.com/tags/音響調整/,2026-05-14
https://bouon-lab.com/tags/音響メタマテリアル/,2026-05-14
https://bouon-lab.com/tags/買取/,2026-05-14
https://bouon-lab.com/en/posts/soundproof-room-logistics-delivery/,2026-05-14
https://bouon-lab.com/tags/配線/,2026-05-14
https://bouon-lab.com/posts/fukuoka-soundproof-rental-guide/,2026-05-14
https://bouon-lab.com/en/posts/vtuber-heat-noise-management/,2026-05-14
https://bouon-lab.com/en/posts/proofroom-lowsound-windsoundnone/,2026-05-14
https://bouon-lab.com/en/tags/soundproof-room-comparison/,2026-05-14
https://bouon-lab.com/tags/失敗しないコツ/,2026-05-14
https://bouon-lab.com/en/tags/mansion/,2026-05-14
https://bouon-lab.com/en/tags/child-rearing/,2026-05-14
https://bouon-lab.com/tags/三味線/,2026-05-13
https://bouon-lab.com/en/tags/夏対策/,2026-05-13
https://bouon-lab.com/tags/防音室-体験談/,2026-05-13
https://bouon-lab.com/tags/解体/,2026-05-13
https://bouon-lab.com/tags/設置許可/,2026-05-13
https://bouon-lab.com/tags/マンション-防音室/,2026-05-13
https://bouon-lab.com/en/tags/acoustic/,2026-05-13
https://bouon-lab.com/en/tags/エアコンなし/,2026-05-13
https://bouon-lab.com/tags/ローン/,2026-05-13
https://bouon-lab.com/posts/soundproof-subsidy-three-cases/,2026-05-13
https://bouon-lab.com/en/tags/inner-sash/,2026-05-13
https://bouon-lab.com/tags/アース/,2026-05-13
https://bouon-lab.com/tags/学生/,2026-05-13
https://bouon-lab.com/tags/湿度管理/,2026-05-13
https://bouon-lab.com/tags/ゲーマー/,2026-05-13
https://bouon-lab.com/tags/配送/,2026-05-13
https://bouon-lab.com/tags/iwasemi/,2026-05-13
https://bouon-lab.com/posts/hiroshima-soundproof-rental-guide/,2026-05-13
https://bouon-lab.com/en/tags/mic/,2026-05-13
https://bouon-lab.com/en/tags/circular/,2026-05-13
https://bouon-lab.com/tags/ヤマハ防音室-価格/,2026-05-13
https://bouon-lab.com/tags/音楽家向け/,2026-05-13
https://bouon-lab.com/en/tags/installation-requirements/,2026-05-13
https://bouon-lab.com/tags/高性能/,2026-05-13
https://bouon-lab.com/tags/防音室-100万円/,2026-05-13
https://bouon-lab.com/en/categories/soundproofing-goods/,2026-05-12
https://bouon-lab.com/en/posts/asmr-soundproof-environment-guide/,2026-05-12
https://bouon-lab.com/en/tags/soundproofing-measures/,2026-05-12
https://bouon-lab.com/tags/防音賃貸-体験談/,2026-05-12
https://bouon-lab.com/tags/費用相場/,2026-05-12
https://bouon-lab.com/en/tags/construction-costs/,2026-05-12
https://bouon-lab.com/tags/ヤマハ-アビテックス/,2026-05-12
https://bouon-lab.com/posts/voice-only-streaming-optimization/,2026-05-12
https://bouon-lab.com/en/tags/market-analysis/,2026-05-12
https://bouon-lab.com/tags/防音室-配信/,2026-05-12
https://bouon-lab.com/tags/防音ニュース/,2026-05-12
https://bouon-lab.com/tags/防音室-解体/,2026-05-12
https://bouon-lab.com/tags/騒音トラブル-対策/,2026-05-12
https://bouon-lab.com/tags/ソナーレ/,2026-05-12
https://bouon-lab.com/tags/暑さ/,2026-05-12
https://bouon-lab.com/en/tags/user-interview/,2026-05-12
https://bouon-lab.com/tags/録音環境/,2026-05-12
https://bouon-lab.com/tags/防音室-賃貸-内見/,2026-05-12
https://bouon-lab.com/en/posts/self-built-booth-ventilation/,2026-05-12
https://bouon-lab.com/en/tags/market-supply/,2026-05-12
https://bouon-lab.com/en/tags/support-programs/,2026-05-12
https://bouon-lab.com/tags/配信時間/,2026-05-12
https://bouon-lab.com/tags/アジア展開/,2026-05-12
https://bouon-lab.com/en/tags/podcast/,2026-05-12
https://bouon-lab.com/en/tags/streaming-booth/,2026-05-12
https://bouon-lab.com/en/tags/saxophone/,2026-05-12
https://bouon-lab.com/en/tags/size-choice/,2026-05-12
https://bouon-lab.com/en/tags/zero-cost/,2026-05-12
https://bouon-lab.com/en/tags/noise-complaints/,2026-05-12
https://bouon-lab.com/tags/音圧/,2026-05-12
https://bouon-lab.com/en/tags/best-cost-performance/,2026-05-12
https://bouon-lab.com/en/tags/soundproof-room-purchase-comparison/,2026-05-12
https://bouon-lab.com/tags/dr等級/,2026-05-12
https://bouon-lab.com/en/tags/diy-vs-professional/,2026-05-12
https://bouon-lab.com/en/tags/trial/,2026-05-12
https://bouon-lab.com/tags/花粉対策/,2026-05-12
https://bouon-lab.com/tags/暑い/,2026-05-12
https://bouon-lab.com/en/tags/removable-booth/,2026-05-12
https://bouon-lab.com/en/tags/studio/,2026-05-12
https://bouon-lab.com/posts/soundproof-room-buyback-guide/,2026-05-12
https://bouon-lab.com/en/tags/living-rules/,2026-05-12
https://bouon-lab.com/en/tags/soundproofing-effect/,2026-05-12
https://bouon-lab.com/tags/pc排熱/,2026-05-12
https://bouon-lab.com/en/tags/piano-soundproof-room/,2026-05-12
https://bouon-lab.com/en/tags/soundproofing-technology/,2026-05-12
https://bouon-lab.com/en/tags/asia/,2026-05-12
https://bouon-lab.com/tags/リフォーム/,2026-05-12
https://bouon-lab.com/en/tags/anti-vibration-mats/,2026-05-12
https://bouon-lab.com/en/tags/acoustic-tech/,2026-05-12
https://bouon-lab.com/en/posts/telework-family-stress-soundproof-solution/,2026-05-12
https://bouon-lab.com/tags/大家交渉/,2026-05-12
https://bouon-lab.com/ja/solutions/soundproof-room-types/,2026-05-12
https://bouon-lab.com/ja/solutions/bouon-rental-yatinsouba/,2026-05-12
https://bouon-lab.com/tags/低コスト-防音/,2026-05-12
https://bouon-lab.com/tags/経営者/,2026-05-12
https://bouon-lab.com/ja/knowledge/workbooth-office-soundproof-trend/,2026-05-12
https://bouon-lab.com/posts/kids-practice-soundproof-room-guide/,2026-05-12
https://bouon-lab.com/en/posts/bedroom-telework-layout-soundproof/,2026-05-11
https://bouon-lab.com/ja/solutions/soundproof-app-review-2026/,2026-05-11
https://bouon-lab.com/en/tags/auditory/,2026-05-11
https://bouon-lab.com/en/posts/nagoya-soundproof-rental-guide/,2026-05-11
https://bouon-lab.com/en/tags/connection/,2026-05-11