上位のクエリ,クリック数,表示回数,CTR,掲載順位
防音室 加湿器,20,219,9.13%,6.63
防音室 値段,4,189,2.12%,56.25
rt60 rew,3,3,100%,4.33
vtuber 防音対策,2,152,1.32%,13.91
防音室 100万,2,147,1.36%,14.46
伊丹 空港 騒音 補助金 いくら,2,54,3.7%,9.7
アビテックス 賃貸 許可,2,39,5.13%,10.85
防音室 自作,2,27,7.41%,47.67
防音室 自作 クローゼット,2,8,25%,12.5
防音室 1.5畳,2,2,100%,42.5
防音室 湿度,1,130,0.77%,15.02
賃貸 防音室 許可,1,118,0.85%,18.07
配信部屋 レイアウト,1,43,2.33%,11.12
配信 防音室,1,36,2.78%,37.83
クローゼット 防音室,1,26,3.85%,26.73
クローゼット 防音室 賃貸,1,23,4.35%,9.3
ワンタッチ防音壁 効果,1,20,5%,11.95
クローゼット 配信部屋,1,19,5.26%,9.89
ワンタッチ防音壁 評判,1,15,6.67%,24.87
防音室 比較,1,14,7.14%,14.57
防音室レンタル 月額,1,14,7.14%,31.71
防音室 diy,1,13,7.69%,42.54
防音室 wifi,1,12,8.33%,10.83
防音室 100万円,1,10,10%,8.4
rew rt60,1,9,11.11%,5.44
ベーストラップ,1,9,11.11%,20.78
ユニット式防音室,1,9,11.11%,50.56
防音室 安い おすすめ,1,8,12.5%,11.12
防音室 2畳 広さ,1,7,14.29%,17.29
防音室 経費,1,6,16.67%,8.67
vtuber 賃貸,1,6,16.67%,28
配信 キーボード音,1,4,25%,13.25
音響メタマテリアル,1,4,25%,14.5
防音室 diy キット,1,3,33.33%,17.67
防音室 効果,1,3,33.33%,20.33
配信者 物件,1,3,33.33%,22.33
仙台 防音 賃貸,1,3,33.33%,25.67
クローゼット防音室,1,2,50%,20
ワンタッチ防音壁 自作,1,2,50%,33
room eq wizard rt60,1,1,100%,7
防音室 賃貸 名古屋,1,1,100%,8
仙台 防音室 賃貸,1,1,100%,12
防音室 4.5畳 値段,1,1,100%,17
防音室 3畳 広さ,1,1,100%,19
ユニット防音室,1,1,100%,21
防音 壁,1,1,100%,21
マイク キーボード音 入らないようにする,1,1,100%,22
防音室 値段 2畳,1,1,100%,24
livestream soundproof,0,1493,0%,18.63
japan building code news december 2025,0,761,0%,7.26
防音室 ハウスメーカー おすすめ,0,297,0%,21.74
japan building code news,0,279,0%,2.3
soundproofing technology news,0,212,0%,8.21
japan building code news today 2025,0,183,0%,3.89
japan building code news 2025 november,0,163,0%,7.22
japan building code news november 2025,0,154,0%,7.86
japan building code updates,0,149,0%,5.03
japan renovation subsidy news,0,144,0%,3.78
japan building code updates today,0,118,0%,2.84
japan building code news 2025,0,114,0%,6.75
japan building code update 2025 news,0,113,0%,5.2
bouon,0,112,0%,6.68
一戸建て 騒音苦情,0,112,0%,29.43
防音室 賃貸 許可,0,110,0%,19.69
how much does it cost to soundproof a room,0,110,0%,66.72
japan building code news 2025 december,0,108,0%,8.31
防音室 許可,0,108,0%,23.56
japan noise regulation news,0,101,0%,2.29
vtuber 防音室 トレンド 2026,0,96,0%,1.21
japan building code updates 2025 news,0,82,0%,4.04
一人暮らし 配信 防音,0,82,0%,12.32
配信環境 防音,0,81,0%,29.88
防音室 設置 許可,0,80,0%,20.52
日本の防音市場,0,75,0%,29.77
グランド ループ 対策,0,71,0%,41.23
vtuber 防音室,0,68,0%,34.84
アース ノイズ 対策,0,68,0%,68.93
グランド ループ ノイズ 対策,0,65,0%,48
アース 線 ノイズ 対策,0,65,0%,65.52
mlit building standards news,0,64,0%,2.52
japan building code update december 2025,0,62,0%,9.92
防音室 おすすめ 配信,0,62,0%,22.82
japan building standards act news,0,61,0%,3.56
防音室 エアコン 換気扇,0,60,0%,34.32
ノイズ 対策 アース,0,60,0%,75.02
japan home renovation subsidy news,0,59,0%,6.32
japan building code update news december 2025,0,58,0%,8.41
防音室 配信者,0,58,0%,34.21
ノイズ アース 線,0,58,0%,56.5
接地 ノイズ 対策,0,58,0%,76.83
マンション 防音室 許可,0,57,0%,27.56
japan building standards law update news today,0,56,0%,2.41
配信者 防音室,0,55,0%,31.85
japan building code update news today 2025,0,53,0%,5.23
ノイズ アース 対策,0,53,0%,54.4
防音室 価格,0,52,0%,65.15
防音 室 値段,0,52,0%,65.71
japan building standards law update 2025 news,0,51,0%,4.65
building code japan news 2025 november,0,51,0%,8.37
防音室,0,51,0%,70.63
tokyo noise regulation news,0,50,0%,3.22
building code japan news december 2025,0,50,0%,8.72
japan renovation market news,0,50,0%,9.16
soundproofing room hourly rates,0,50,0%,21.88
防音室 仕組み,0,50,0%,27.66
japan sound masking system market,0,47,0%,52.38
building code news japan,0,45,0%,3.09
配信者向け賃貸,0,45,0%,41.09
japan building code update december 2025 news,0,44,0%,9.3
防音室 vtuber,0,42,0%,35.4
ノイズ アース,0,42,0%,74.26
vtuber 防音,0,41,0%,26.76
japan building standards law news today 2025,0,39,0%,5.21
japan building code update news 2025 november,0,39,0%,7.31
soundproofing technology,0,37,0%,46.59
renovation subsidy japan news,0,36,0%,4.17
賃貸 自作防音室 無断 トラブル or 退去時,0,35,0%,1.31
賃貸 防音室 許可 なぜ,0,35,0%,29.69
japan building standards news november 2025,0,33,0%,6.67
アース ライン ノイズ 対策,0,32,0%,51.16
防音 リフォーム 補助金,0,31,0%,47.45
japan building code energy efficiency 2025 news,0,30,0%,3.9
renovation market japan news,0,30,0%,8.77
acoustic noise regulation news,0,29,0%,5.72
防音室 配信用,0,29,0%,34.55
mlit building code news,0,28,0%,5.14
neighbor's response explained,0,28,0%,12.29
防音工事 補助金,0,28,0%,25.21
japan building code update,0,27,0%,6.48
building code japan news 2025,0,27,0%,7.41
japan building code update news 2025,0,26,0%,6.62
失敗しない防音室のつくり方,0,26,0%,34.54
防音室 配信,0,26,0%,35.69
noise regulation japan news,0,25,0%,2
japan building code updates 2025 news today,0,25,0%,3.04
japan building code changes 2025 news,0,25,0%,5.24
防音 賃貸 大阪,0,24,0%,43.62
音楽教室 防音室,0,24,0%,64.21
japan building code update news 2025 december,0,23,0%,9.57
mlit housing policy news october 2025,0,22,0%,2.64
japan building standards act revision news today,0,22,0%,5.05
building code japan updates,0,22,0%,6.5
soundproofing tech news,0,22,0%,6.77
db (デシベル) と d値 の違い,0,22,0%,34.64
japan building code update 2025 news today,0,21,0%,3.29
japan building standards law revision 2025 news,0,21,0%,4.52
tokyo building code news december 2025,0,21,0%,10.71
賃貸 防音 室 許可,0,21,0%,15.14
配信 防音 自作,0,21,0%,31.81
防音室 構造,0,21,0%,73.62
japan building standards news today 2025,0,20,0%,5.35
japan building standards law news november 2025,0,20,0%,7.8
soundproofing news 2025,0,20,0%,8.15
how to soundproof a room cheaply,0,20,0%,71.45
防音 室 構造,0,20,0%,77.1
防音室 マンション 設置,0,20,0%,77.2
building code japan news november 2025,0,19,0%,8.74
防音室 エアコン,0,19,0%,77.47
防音室の仕組み,0,18,0%,1
japan renovation subsidies news,0,18,0%,4.17
ワンタッチ 防音 壁 賃貸,0,18,0%,34.5
シェアハウス 天王寺 防音室,0,18,0%,43.33
japan building code update today,0,17,0%,3
tokyo noise ordinance news,0,17,0%,3.88
防音室 賃貸 神戸,0,17,0%,36.35
テレワーク 家族 うるさい,0,17,0%,53.35
japan home renovation subsidy news november 2025,0,16,0%,6.31
japan building standards act amendment 2025 news,0,16,0%,6.75
soundproofing industry news,0,16,0%,6.94
防音室 暑い,0,16,0%,22.75
ノイズ 対策 接地,0,16,0%,69.56
防音室 性能,0,16,0%,82.81
soundproofing news october 2025,0,15,0%,3.87
japan building standards law update 2025 news today,0,15,0%,4.4
japan building standards act revision 2025 news,0,15,0%,5.47
ミュージション 評判,0,15,0%,9.4
musision,0,15,0%,13.2
一戸建て 騒音 苦情,0,15,0%,40.33
防音室 ドラム,0,15,0%,71.07
building code updates japan,0,14,0%,6
iris ohyama dce-6515 dehumidifier noise db,0,14,0%,7.14
dr-35 dr-40 違い,0,14,0%,10.86
賃貸 防音室 法律,0,14,0%,21.64
配信 部屋 防音,0,14,0%,53.71
japan building standards law update news,0,13,0%,4.62
building code japan update 2025 news,0,13,0%,4.92
renovation industry news japan,0,13,0%,6.31
acoustics noise regulation news,0,13,0%,6.38
building code japan update,0,13,0%,7.77
noise regulation news,0,13,0%,9.08
防音室 換気扇 音漏れ,0,13,0%,10.23
wii fit 防音 マット 足音 振動,0,13,0%,14.08
防音室 自作 失敗,0,13,0%,22.38
防音室 賃貸 埼玉,0,13,0%,39.38
japan building code reform news today,0,12,0%,2
japan building codes news,0,12,0%,2.17
japan building code news today 2025 december,0,12,0%,3
japan building code revision 2025 news,0,12,0%,4.5
acoustics noise regulation news today,0,12,0%,6.25
防音工事補助金,0,12,0%,9.25
防音室 格安,0,12,0%,10.17
how to measure rt60 reverberation time in practice practical methods,0,12,0%,14.67
防音室 レベル,0,12,0%,21.17
mlit building regulation news,0,11,0%,1.36
japan building code update news november 2025,0,11,0%,4.45
japan building standards law amendment 2025 news,0,11,0%,5.73
japan housing energy efficiency subsidy news,0,11,0%,5.73
japan renovation industry news,0,11,0%,6
otodasu だん ぼっ ち 比較,0,11,0%,7.36
キーボード 打鍵音 対策,0,11,0%,22.36
防音室 賃貸 千葉,0,11,0%,32.64
配信部屋 防音,0,11,0%,41.45
防音室 クローゼット,0,11,0%,45.27
賃貸 配信 防音,0,11,0%,48.55
ゲーム配信 防音,0,11,0%,82.64
japan noise regulation news today,0,10,0%,4
japan subsidies renovation news,0,10,0%,4
soundproofing building code news,0,10,0%,6.4
tokyo renovation subsidy news,0,10,0%,6.8
japan building standards law news 2025,0,10,0%,6.9
home renovation subsidy japan news,0,10,0%,7.8
japan construction regulation news december 2025,0,10,0%,10.2
how to measure rt60 reverberation time in practice diy methods,0,10,0%,15.2
otodasu 賃貸 許可,0,10,0%,15.3
japan building standards news,0,10,0%,16.2
配信者 部屋 防音,0,10,0%,36.5
防音室 賃貸 大阪,0,10,0%,44.3
賃貸 防音 diy,0,10,0%,47.3
配信 防音,0,10,0%,51.9
mlit building standards news october 2025,0,9,0%,1
japan building code news today 2025 november,0,9,0%,1.56
japan construction regulation news today 2025,0,9,0%,2.78
soundproofing news 2025 october,0,9,0%,3.44
building code japan news today 2025,0,9,0%,3.67
building code japan 2025 news,0,9,0%,4.44
japan building standards act news november 2025,0,9,0%,7
japan home renovation subsidies news,0,9,0%,7.22
japan building standards law news december 2025,0,9,0%,9.56
防音室 賃貸,0,9,0%,11.33
自作 防音室 酸欠,0,9,0%,13.44
how to measure rt60 reverberation time in practice step by step,0,9,0%,18.78
キーボード 打鍵音対策,0,9,0%,19
隣人 楽器 演奏 時間帯,0,9,0%,23.44
防音リフォーム 補助金,0,9,0%,24.67
防音室 音漏れ,0,9,0%,40.11
シェアハウス 中央区 音大生,0,9,0%,42.78
rt60 measurement,0,9,0%,49
rt60 time,0,9,0%,64.33
キーボードの音をなくす方法,0,8,0%,1
japan building code ventilation news,0,8,0%,1.38
japan building standards act news october 2025,0,8,0%,3
japan building code news 2025 today,0,8,0%,4.62
mlit building standards news november 2025,0,8,0%,5.38
soundproofing news december 2025,0,8,0%,8.62
acoustics building standards news,0,8,0%,8.75
防音室 おすすめ メーカー,0,8,0%,9.25
サックス アパート,0,8,0%,14.38
new soundproofing technology,0,8,0%,14.62
ワンルーム 防音対策,0,8,0%,21.25
吸音材 貼り方 位置,0,8,0%,22.25
一人暮らし 防音 東京,0,8,0%,28.5
配信者 防音,0,8,0%,36.88
神戸市 防音室,0,8,0%,38.25
防音 賃貸 埼玉,0,8,0%,47.62
サービスオフィス 防音,0,8,0%,90.25
japan building code energy efficiency 2025 news today,0,7,0%,2.71
japan building code update news,0,7,0%,2.71
building code japan updates today,0,7,0%,3.14
window insulation subsidy japan news,0,7,0%,3.86
japan building standards act news today 2025,0,7,0%,4.71
japan building code revision news today 2025,0,7,0%,5.29
iris ohyama dce-6515 noise db,0,7,0%,6.43
アルトサックス アパート,0,7,0%,8.86
japan renovation subsidy news today,0,7,0%,9
soundproofing news updates,0,7,0%,10.29
キーボード 打鍵 音 対策,0,7,0%,19.86
ミュージション うるさい,0,7,0%,22
配信者 賃貸,0,7,0%,24.43
防音室 自作 効果 測定,0,7,0%,26
ワンタッチ防音壁,0,7,0%,27.29
how to soundproof a room for streaming,0,7,0%,32.86
マイクの反響を減らす方法,0,7,0%,34.14
アパート 楽器相談,0,7,0%,38.29
防音室 エアコン 音漏れ,0,7,0%,41.57
配信者 吸音材,0,7,0%,42.86
配信部屋,0,7,0%,50.29
rt60 measurement software,0,7,0%,56.29
防音 配信,0,7,0%,57.71
how much does it cost to build a soundproof room,0,7,0%,62
reverb rt60,0,7,0%,65.71
d値とは,0,7,0%,67.14
グランド ノイズ 対策,0,7,0%,77.71
ゲーム実況 防音,0,7,0%,78.14
防音 室,0,7,0%,82
japan building code news today,0,6,0%,2
japan building code update november 2025,0,6,0%,2
ステップノイズ,0,6,0%,2.5
japan building code insulation 2025 news,0,6,0%,3
renovation subsidies japan news,0,6,0%,4.67
tokyo building code updates 2025 news,0,6,0%,5.5
japan building code update november 2025 news,0,6,0%,6.17
mlit housing subsidy news,0,6,0%,6.5
soundproofing research news 2025,0,6,0%,7.83
rt60,0,6,0%,8.83
building code japan update today,0,6,0%,9.17
配信部屋レイアウト,0,6,0%,10
building code japan news 2025 december,0,6,0%,11
japan rent news october 2025,0,6,0%,11
クローゼット 防音室 作り方,0,6,0%,11
ミュージション 審査,0,6,0%,15
シェアハウス 京都 音大生,0,6,0%,32.33
防音室 賃貸 神奈川,0,6,0%,41.17
防音室 大阪,0,6,0%,42.33
防音 賃貸 千葉,0,6,0%,46.83
賃貸 防音 大阪,0,6,0%,49.67
what is a sound room,0,6,0%,52
配信 防音対策,0,6,0%,61
reverberation time measurement,0,6,0%,63.67
防音室 賃貸 設置,0,6,0%,70.83
防音工事 種類,0,6,0%,87.67
ドラム 防音室,0,6,0%,88.33
japan building code insulation news today,0,5,0%,2
home renovation japan news november 2025,0,5,0%,4.8
building acoustics news october 2025,0,5,0%,7.2
mlit japan housing policy news october 2025,0,5,0%,9.4
マンション 楽器 何時まで,0,5,0%,10.4
防音室 有線lan,0,5,0%,10.8
avitecs,0,5,0%,11.8
soundproofing for streaming,0,5,0%,13.2
配信者 賃貸 探し方,0,5,0%,19.8
防音室 酸欠,0,5,0%,30
防音室 レンタル 月額,0,5,0%,31.4
千葉 防音室 物件,0,5,0%,35
防音 賃貸 神奈川,0,5,0%,40.2
soundproof room meaning,0,5,0%,42.2
神奈川 防音室,0,5,0%,43
防音室 自作 費用,0,5,0%,44.2
streaming booth,0,5,0%,44.6
what is a soundproof room,0,5,0%,58.6
cheap way to soundproof a room,0,5,0%,65
部屋を防音室にしたい,0,5,0%,71.8
soundproofing piano apartment,0,5,0%,78.2
cheap ways to soundproof a room,0,5,0%,85.8
防音 補助金,0,4,0%,1
japan building code revision news today,0,4,0%,2
japan building code revision news november 2025,0,4,0%,3.75
building acoustics standards news today,0,4,0%,4.75
soundproofing technology news 2025,0,4,0%,5.25
japan building standards law news 2025 november,0,4,0%,6
renovation industry japan news,0,4,0%,6.25
japan construction regulation news november 2025,0,4,0%,6.5
japan housing subsidy news 2025,0,4,0%,7.25
防音室 2畳 サイズ,0,4,0%,7.25
tokyo building code update 2025 news,0,4,0%,7.75
japan home renovation subsidy news today 2025,0,4,0%,8.5
soundproofing news november 2025,0,4,0%,9
音の自由区 価格,0,4,0%,11
0.8畳 防音室,0,4,0%,11.25
ユニット型,0,4,0%,13
防音室 10万,0,4,0%,13.25
ワンタッチ 防音 壁 買う前,0,4,0%,13.75
キーボード 音 うるさい 対策,0,4,0%,16.25
防音室 月額,0,4,0%,16.5
マンション 楽器 何時 まで,0,4,0%,17
配信者 賃貸 防音,0,4,0%,17.75
how to measure rt60 in practice room acoustics edm venue,0,4,0%,19.25
how to measure rt60 reverberation time practically step by step,0,4,0%,19.5
吸音材 遮音材 順番,0,4,0%,19.75
how to measure rt60 reverberation time practically room eq wizard,0,4,0%,20
防音室 dr-100,0,4,0%,21.25
sound suppression technology latest developments 2025,0,4,0%,21.5
防音室 暑さ対策,0,4,0%,24
防音室 自作 遮音シート 効果,0,4,0%,28.5
soundproof piano room,0,4,0%,31.75
防音 坪単価,0,4,0%,32.75
防音室 ユニットタイプ 価格,0,4,0%,34.75
防音室 作り方,0,4,0%,38.5
防音室 苦情,0,4,0%,40.75
防音 賃貸 京都,0,4,0%,46
防音室 埼玉,0,4,0%,47
シェアハウス 東京 音大生,0,4,0%,48
otodasu だんぼっち 比較,0,4,0%,51
cost to soundproof a room,0,4,0%,57
防音部屋 自作,0,4,0%,58.25
how much would it cost to soundproof a room,0,4,0%,59
ドラム 防音 室 自作,0,4,0%,59.5
防音室 見積もり,0,4,0%,64.25
防音部屋の作り方,0,4,0%,73
防音室 自作 ゲーム,0,4,0%,76.75
inexpensive ways to soundproof a room,0,4,0%,79.5
防音室 値段 6畳,0,4,0%,80
dynamic vs condenser microphone for podcasting,0,4,0%,86.75
防音ルーム,0,4,0%,86.75
mlit construction regulation update october 2025,0,3,0%,1
vtuber 防音室 必要,0,3,0%,1
ゲーミングキーボード 音,0,3,0%,1
遮音等級 d,0,3,0%,1
防音サッシ 補助金,0,3,0%,1
japan subsidy renovation news,0,3,0%,1.67
japan building code energy efficiency news today 2025,0,3,0%,2.33
window retrofit subsidy japan news,0,3,0%,2.33
japan building code updates news 2025,0,3,0%,3
japan window renovation subsidy 2025 news,0,3,0%,3.33
japan construction subsidy news,0,3,0%,3.67
japan building standard law news november 2025,0,3,0%,4.33
japan building standards act update 2025 news,0,3,0%,5
japan building standards law revision news today,0,3,0%,5.67
building code sound insulation news,0,3,0%,6.33
yamaha avitecs,0,3,0%,6.33
japan housing renovation subsidy news november 2025,0,3,0%,7
防音室 最新,0,3,0%,8
acoustic building standards news,0,3,0%,8.67
japan housing energy efficiency subsidy news november 2025,0,3,0%,8.67
japan home renovation subsidy news 2025,0,3,0%,9
renovation news japan,0,3,0%,9.33
renovation market news japan,0,3,0%,9.67
親フラ対策,0,3,0%,9.67
soundproofing news,0,3,0%,10.67
イレクターパイプ 防音室,0,3,0%,10.67
リフォーム 補助金 ニュース,0,3,0%,11
japan rental market october 2025 news,0,3,0%,11.67
neighbors response to complaints,0,3,0%,13.33
簡易 防音室 賃貸 許可,0,3,0%,15
neighbors response to complaint,0,3,0%,17
クローゼット 防音効果,0,3,0%,17.67
how to measure rt60 in practice room acoustics,0,3,0%,20
部屋を防音室に したい,0,3,0%,20.33
配信部屋 作り方,0,3,0%,21.33
防音室 エアコン おすすめ,0,3,0%,21.33
防音室 組み立て式,0,3,0%,22
防音室 自作 キット,0,3,0%,25.67
防音室 マンション,0,3,0%,30.33
配信部屋 防音 賃貸,0,3,0%,30.67
防音室 2畳,0,3,0%,33
防音室 大阪 賃貸,0,3,0%,34.67
ベース トラップ 自作,0,3,0%,38.33
防音室 料金,0,3,0%,43
仙台 防音,0,3,0%,43.33
防音室値段,0,3,0%,44
how much to soundproof a room,0,3,0%,50.67
同棲 防音,0,3,0%,51.33
dynamic or condenser mic for streaming,0,3,0%,51.67
1k 防音対策,0,3,0%,52.67
web会議 うるさい,0,3,0%,53.67
防音キャビネット市場,0,3,0%,57
簡易防音室 ゲーム,0,3,0%,57.67
how to soundproof a room cheap,0,3,0%,59
配信 防音 おすすめ,0,3,0%,59
防音壁 自作,0,3,0%,59.67
cheapest way to soundproof a room,0,3,0%,64.67
how much does soundproofing a room cost,0,3,0%,67.67
防音室 ゲーム,0,3,0%,68
how much is a soundproof room,0,3,0%,69
soundproof a room cost,0,3,0%,69.67
ピアノ 防音パネル 意味ない,0,3,0%,75
部屋を防音にしたい 簡単,0,3,0%,77.33
防音室 サックス,0,3,0%,80.33
how much would it cost to soundproof a bedroom,0,3,0%,84
防音 壁 工事,0,3,0%,91
japan building code changes 2025 news today,0,2,0%,1
mlit building code news october 2025,0,2,0%,1
ゲーミングキーボード 打鍵音,0,2,0%,1
ピアノの騒音 やめ させる,0,2,0%,1
自衛隊 騒音 補助金,0,2,0%,1
japan building code changes news today,0,2,0%,2
japan building standards act news today,0,2,0%,2
japan building standards news today,0,2,0%,2
japan insulation subsidy news,0,2,0%,2
防音室 diy 費用,0,2,0%,2
騒音規制法 改正 2025,0,2,0%,2
japan building standards law news 2025 october,0,2,0%,2.5
japan housing insulation subsidy news,0,2,0%,2.5
japan building energy efficiency standards 2025 news today,0,2,0%,3
japan home renovation subsidy 2025 news,0,2,0%,3
mlit construction regulation news october 2025,0,2,0%,3
building standards act japan news,0,2,0%,4
energy efficiency building code japan news,0,2,0%,4
building code noise news,0,2,0%,4.5
japan building regulation news november 2025,0,2,0%,5
japan housing energy efficiency subsidy news today 2025,0,2,0%,5
mlit housing policy october 2025 news,0,2,0%,5.5
housing renovation subsidies japan news,0,2,0%,6
japan subsidies home renovation news,0,2,0%,6
acoustic insulation news october 2025,0,2,0%,6.5
深夜 配信 うるさい,0,2,0%,6.5
japan building energy efficiency subsidy news,0,2,0%,7
window renovation subsidy japan news,0,2,0%,7
tokyo building code news november 2025,0,2,0%,7.5
japan housing renovation subsidy news today 2025,0,2,0%,8
soundproofing innovation news,0,2,0%,8
tokyo building code news 2025,0,2,0%,8
クローゼット 防音 アパート,0,2,0%,8.5
acoustic panels news october 2025,0,2,0%,9
japan renovation news november 2025,0,2,0%,9
親フラ 対策,0,2,0%,9
配信 キーボード音 消す,0,2,0%,9
acoustic panels news 2025 october,0,2,0%,9.5
マンション 重量制限,0,2,0%,9.5
recommended rt60 small control room 0.2 0.3 seconds,0,2,0%,10
ゲーマー 一人暮らし 防音,0,2,0%,10
防音室 最安,0,2,0%,10.5
japan building standards news december 2025,0,2,0%,11
防音室 wi-fi,0,2,0%,11
キーボード音 うるさい 対策,0,2,0%,11.5
防音室 値段 安い,0,2,0%,11.5
クローゼット 防音室 自作,0,2,0%,14.5
diy soundproof booth cost materials hardware store,0,2,0%,16
防音室 付き マンション 仙台,0,2,0%,16
防音室 何畳必要,0,2,0%,16.5
practical guide to measuring rt60 reverberation time,0,2,0%,17
防音室 スポットクーラー,0,2,0%,17
how to measure rt60 in practice room eq wizard tutorial,0,2,0%,18
防音ブース 自作,0,2,0%,18
防音 遮音 吸音 順番,0,2,0%,21.5
アビテックス セフィーネ 違い,0,2,0%,22.5
キーボード音 対策,0,2,0%,22.5
サックス 防音対策,0,2,0%,22.5
防音室 安い,0,2,0%,23.5
防音リフォーム補助金,0,2,0%,24
防音室 自作 プラダン,0,2,0%,25.5
マンション ランニングマシン うるさい,0,2,0%,29
賃貸 防音室 大阪,0,2,0%,30.5
防音室 1畳,0,2,0%,30.5
防音室 広さ,0,2,0%,30.5
大阪 防音室 賃貸,0,2,0%,31.5
シェアハウス 天王寺 ピアノ,0,2,0%,32.5
神奈川 防音室 賃貸,0,2,0%,32.5
防音 賃貸 diy,0,2,0%,32.5
防音室 メーカー,0,2,0%,32.5
飛行機 騒音 補助金,0,2,0%,32.5
防音室 4.5畳,0,2,0%,33.5
キーボード うるさい 対策,0,2,0%,34.5
クローゼット 防音,0,2,0%,35.5
soundproof room for rent,0,2,0%,36
賃貸 神戸 防音,0,2,0%,36
神奈川 防音 賃貸,0,2,0%,37
大阪 賃貸 防音室,0,2,0%,38
obs コンプレッサー こもる,0,2,0%,39
サックス 防音,0,2,0%,39
防音室 自作 賃貸,0,2,0%,39
防音 マンション 神奈川,0,2,0%,40
防音 diy 賃貸,0,2,0%,40.5
防音室 物件 大阪,0,2,0%,40.5
ゲーム 声 うるさい 防音,0,2,0%,41.5
ウォークインクローゼット 防音室,0,2,0%,43.5
how to measure rt60,0,2,0%,45
japan acoustic insulation market,0,2,0%,45
防音室 10畳,0,2,0%,45
special and nano buildings vibration control,0,2,0%,48
大阪 防音 賃貸,0,2,0%,48
木造アパート 音 気にならない,0,2,0%,49.5
sleeping with noise canceling headphones,0,2,0%,50.5
web 会議 うるさい,0,2,0%,51
ワンルーム 防音,0,2,0%,51.5
防音 室 仕組み,0,2,0%,51.5
サックス 防音室,0,2,0%,52
マンション 配信 防音,0,2,0%,52
防音室 いくら,0,2,0%,52.5
防音室 デシベル,0,2,0%,53
防音賃貸 大阪,0,2,0%,53
obs キーボード音 消す,0,2,0%,53.5
soundproof ventilation,0,2,0%,55
rt60 meter,0,2,0%,56.5
吸音材 配信,0,2,0%,57
防音 部屋 自作,0,2,0%,57
アースループ,0,2,0%,57.5
防音室 換気扇,0,2,0%,58
防音室 工事 賃貸,0,2,0%,59.5
親フラとは,0,2,0%,60.5
大阪 防音,0,2,0%,61
how much is it to soundproof a room,0,2,0%,62
防音 室 自作,0,2,0%,62.5
フルート 防音,0,2,0%,63
best cheap way to soundproof a room,0,2,0%,64.5
how much does it cost to make a room soundproof,0,2,0%,64.5
遮音 吸音 違い,0,2,0%,65
rt60 test,0,2,0%,65.5
防音室いくら,0,2,0%,68
防音工事 神戸,0,2,0%,68
防音 性能表記,0,2,0%,68.5
how much does it cost to sound proof a room,0,2,0%,69.5
防音室 6畳 自作,0,2,0%,70
サックス マンション,0,2,0%,71
cost of soundproofing a room,0,2,0%,72
簡易 防音室 ゲーム,0,2,0%,72.5
吸音 防音 違い,0,2,0%,74
グラウンドループ,0,2,0%,76.5
防音 室 自作 ゲーム,0,2,0%,78.5
soundproof rooms cost,0,2,0%,81.5
防音室 グランドピアノ,0,2,0%,82
アース ノイズ,0,2,0%,82.5
一人暮らし 防音,0,2,0%,82.5
防音 室 ドラム,0,2,0%,82.5
防音室 ピアノ,0,2,0%,85
防音壁 工事,0,2,0%,89
完全防音室 費用,0,2,0%,90.5
groundloop,0,2,0%,94.5
price of soundproofing a room,0,2,0%,96.5
聴覚過敏 治し方,0,2,0%,104.5
construction noise regulation news,0,1,0%,1
d値 遮音,0,1,0%,1
home renovation subsidies japan news,0,1,0%,1
japan green housing subsidy 2025 news,0,1,0%,1
japan window renovation subsidy news,0,1,0%,1
sound room,0,1,0%,1
soundproof technology,0,1,0%,1
お風呂リフォーム補助金,0,1,0%,1
もっと詳しく,0,1,0%,1
パート 壁 2025,0,1,0%,1
住宅防音工事 補助金,0,1,0%,1
屋根工事 補助金,0,1,0%,1
要約して,0,1,0%,1
配信 声がこもる,0,1,0%,1
防音 ガラス 補助金,0,1,0%,1
building standards act japan news today,0,1,0%,2
japan building code regulation news today,0,1,0%,2
japan building code update news today,0,1,0%,2
japan home insulation subsidy news,0,1,0%,2
ノイズキャンセリングイヤホン,0,1,0%,2
他には,0,1,0%,2
配信,0,1,0%,2
building acoustics standards news,0,1,0%,3
building code japan news,0,1,0%,3
japan construction regulation news today mlit,0,1,0%,3
japan housing renovation subsidy news 2025,0,1,0%,3
japan housing subsidy news november 2025,0,1,0%,3
japan renovation subsidy news 2025,0,1,0%,3
japan window subsidy news,0,1,0%,3
more futuristic,0,1,0%,3
防音 壁 diy,0,1,0%,3
asmr 市場規模,0,1,0%,4
japan building energy efficiency standards 2025 news,0,1,0%,4
japan housing renovation subsidy news december 2025,0,1,0%,4
japan noise complaint law news,0,1,0%,4
japan renovation subsidy 2025 news,0,1,0%,4
japan subsidy housing renovation news,0,1,0%,4
音大生 物件,0,1,0%,4
acoustic regulation news,0,1,0%,5
japan construction regulation news october 2025,0,1,0%,5
japan home improvement subsidy news,0,1,0%,5
防音室 購入,0,1,0%,5
building code soundproofing news,0,1,0%,6
building noise regulation news,0,1,0%,6
japan construction regulation news today,0,1,0%,6
japan subsidy home renovation news,0,1,0%,6
mlit construction regulation news,0,1,0%,6
strategic placement,0,1,0%,6
防音室 電波悪い,0,1,0%,6
japan renovation news,0,1,0%,7
buzzispace rt60,0,1,0%,8
japan renovation subsidy news december 2025,0,1,0%,8
soundproof streaming room,0,1,0%,8
japan housing renovation subsidy news today,0,1,0%,9
livlan,0,1,0%,9
防音 スタジオ 賃貸 大阪,0,1,0%,9
防音室 ユニット,0,1,0%,9
防音室 中古,0,1,0%,9
japan subsidies housing renovation news today,0,1,0%,10
soundproof room cost,0,1,0%,10
はい、詳しく教えてください,0,1,0%,10
換気扇 風切り音 対策,0,1,0%,10
環境音 asmr 作り方,0,1,0%,10
賃貸 防音室,0,1,0%,10
1.5畳 どのくらい,0,1,0%,11
homeguide cost to soundproof a room 2025,0,1,0%,11
japan building energy code news,0,1,0%,11
soundproof room cost japan,0,1,0%,11
soundproofing materials news,0,1,0%,11
配信可能 賃貸,0,1,0%,11
防音 アパート 家賃,0,1,0%,11
防音室 固定資産税,0,1,0%,11
防音室 引っ越し 費用,0,1,0%,11
japan housing subsidy news,0,1,0%,12
楽器 何時から,0,1,0%,12
防音室 サブスク,0,1,0%,12
防音室 電波,0,1,0%,12
組み立て式 防音室,0,1,0%,14
賃貸 突っ張り棒 防音,0,1,0%,14
防音室 diy ホームセンター,0,1,0%,14
防音室 デシベル どのくらい,0,1,0%,14
防音室 一畳,0,1,0%,14
hyperacusis,0,1,0%,15
rt60 definition,0,1,0%,15
プラダン 防音 効果,0,1,0%,15
ベーストラップとは,0,1,0%,15
マンションで楽器,0,1,0%,15
防音室 雷,0,1,0%,15
プラダン 防音 効果,0,1,0%,16
防音ラボ,0,1,0%,16
防音室 自作 壁,0,1,0%,16
一人暮らし 防音 ゲーム,0,1,0%,17
宅録 防音 クローゼット,0,1,0%,17
組み立て式防音室,0,1,0%,17
遮音室 防音室 違い,0,1,0%,17
防音室 換気,0,1,0%,17
防音室付き 賃貸 仙台,0,1,0%,17
how to measure rt60 reverberation time practical guide,0,1,0%,18
だんぼっち 自作,0,1,0%,18
アースループ 対策,0,1,0%,18
キーボード 静音化 シート,0,1,0%,18
ヤマハ 防音室 賃貸,0,1,0%,18
ユニット型防音室,0,1,0%,18
簡易 防音室 自作,0,1,0%,18
簡易防音室 自作,0,1,0%,18
防音 壁 工事費用,0,1,0%,18
防音室 相場,0,1,0%,18
how to measure rt60 room eq wizard practical guide,0,1,0%,19
rt-60,0,1,0%,19
アビテックス 後悔,0,1,0%,19
エレキギター 防音室,0,1,0%,19
簡易防音室 効果,0,1,0%,19
遮音材 吸音材 違い,0,1,0%,19
how to measure rt60 in practice,0,1,0%,20
how to measure rt60 reverberation time in practice room eq wizard,0,1,0%,20
neighbor's response,0,1,0%,20
streaming soundproofing,0,1,0%,20
アース ループ 対策,0,1,0%,20
木造アパート 話し声 聞こえない,0,1,0%,20
配信者 アパート,0,1,0%,20
防音 コーキング,0,1,0%,20
防音室 ゲーム おすすめ,0,1,0%,20
埼玉県 防音室 賃貸,0,1,0%,21
賃貸 配信 うるさい,0,1,0%,21
配信 防音賃貸,0,1,0%,21
防音壁,0,1,0%,21
防音室 2畳 レンタル,0,1,0%,21
防音室 大きさ 配信,0,1,0%,21
防音室 賃貸 diy,0,1,0%,21
noise complaint japan,0,1,0%,23
組み立て防音室,0,1,0%,23
配信者 物件探し,0,1,0%,23
サックス 賃貸,0,1,0%,24
ロックウールボード ホームセンター,0,1,0%,24
打鍵音 うるさい 対策,0,1,0%,24
isovox 自作,0,1,0%,25
防音室 費用,0,1,0%,25
防音部屋 diy,0,1,0%,26
dba dbc 違い,0,1,0%,27
アルトサックス マンション,0,1,0%,28
神奈川県 防音 賃貸,0,1,0%,28
配信 吸音材,0,1,0%,29
配信者 騒音,0,1,0%,29
防音室 夏場,0,1,0%,29
防音材市場,0,1,0%,29
リブラン 仙台市青葉区上杉,0,1,0%,30
賃貸 壁 防音 diy,0,1,0%,30
soundproof room ventilation,0,1,0%,31
無声音 asmr,0,1,0%,31
神奈川 賃貸 防音,0,1,0%,31
防音室 二畳,0,1,0%,31
騒音苦情 2 回目 謝罪,0,1,0%,31
カワイ 防音室 自由設計 値段,0,1,0%,32
吸音材 どこに貼る,0,1,0%,32
防音室 三畳,0,1,0%,32
防音室 工事 見積もり,0,1,0%,32
ピアノ 寒い部屋,0,1,0%,33
防音カーテン 自作,0,1,0%,33
防音室 設置型,0,1,0%,33
吸音材 遮音材 違い 効果,0,1,0%,34
防音室 冷房,0,1,0%,34
keyboard noise reduction,0,1,0%,35
piano decibel,0,1,0%,35
京都 防音室 賃貸,0,1,0%,35
配信部屋 おしゃれ,0,1,0%,35
配信部屋 賃貸,0,1,0%,35
防音室 空調,0,1,0%,35
sound room meaning,0,1,0%,36
youtuber 賃貸 防音,0,1,0%,36
自作防音室,0,1,0%,36
部屋を防音室にしたい diy,0,1,0%,36
防音室 作る,0,1,0%,37
防音室 自作 効果なし,0,1,0%,37
マイク キーボード音 除去,0,1,0%,38
楽器可 防音室,0,1,0%,38
部屋 防音 diy,0,1,0%,38
1.5畳 防音室,0,1,0%,39
piano decibels,0,1,0%,39
ゲーミング 防音室,0,1,0%,39
賃貸 防音 神奈川,0,1,0%,39
防音 賃貸マンション 神奈川,0,1,0%,39
防音工事 ゲーム部屋 見積もり,0,1,0%,39
120db どのくらい,0,1,0%,40
神奈川県 防音室 賃貸,0,1,0%,40
配信者 防音室 大きさ,0,1,0%,40
カワイ音楽教室 小森,0,1,0%,41
賃貸 防音diy,0,1,0%,41
防音室 買取,0,1,0%,41
防音室 賃貸 横浜,0,1,0%,41
how much does it cost to make a soundproof room,0,1,0%,42
防音室付き 賃貸 埼玉,0,1,0%,42
防音物件 探し方,0,1,0%,42
how to cheaply soundproof a room,0,1,0%,43
吸音と遮音,0,1,0%,43
防音 自作 賃貸,0,1,0%,43
soundproof room,0,1,0%,44
防音賃貸 横浜 防音室,0,1,0%,44
プレハブ 防音室 ドラム,0,1,0%,45
ワンタッチ防音壁 2ch,0,1,0%,45
アルトサックス 賃貸,0,1,0%,46
グランドピアノ 防音室,0,1,0%,46
シェアハウス 音大生,0,1,0%,46
部屋 を 防音 に する 方法,0,1,0%,46
防衛省 防音工事対象区域,0,1,0%,46
防音室 作り方 賃貸,0,1,0%,46
how to soundproof a room on a budget,0,1,0%,47
カラオケ 防音 どれくらい,0,1,0%,47
ゲーム実況 防音ブース,0,1,0%,47
千葉 防音 賃貸,0,1,0%,47
cost to make a room soundproof,0,1,0%,48
diy 防音,0,1,0%,48
ワンルーム 騒音,0,1,0%,49
防音 アパート 埼玉,0,1,0%,49
防音 部屋 diy,0,1,0%,49
防音室 ギター,0,1,0%,49
防音室 賃貸 自作,0,1,0%,49
楽器不可 賃貸,0,1,0%,50
防音 クローゼット,0,1,0%,50
防音室 ローン,0,1,0%,50
防音室 大きさ,0,1,0%,50
防音室エアコン 音漏れ,0,1,0%,50
防音工事 diy,0,1,0%,52
防衛省 防音工事 補助金,0,1,0%,53
d値,0,1,0%,54
防音 自作 壁,0,1,0%,54
集中ブース 防音,0,1,0%,54
how to soundproof a closet,0,1,0%,55
防音室 電子ドラム,0,1,0%,56
防音 diy,0,1,0%,57
防音室 サイズ,0,1,0%,57
lab soundproofing case,0,1,0%,58
大阪 賃貸 防音,0,1,0%,58
55デシベル どのくらい,0,1,0%,59
配信 賃貸,0,1,0%,59
dynamic vs condenser mic for streaming,0,1,0%,60
ピアノ防音パネル 意味ない,0,1,0%,60
cheapest way to soundproof room,0,1,0%,61
otodasu だんぼっち 比較,0,1,0%,61
京都府 防音 賃貸,0,1,0%,61
大阪 防音室,0,1,0%,61
隣人 配信者 うるさい,0,1,0%,61
お金 をかけずに防音 窓,0,1,0%,62
遮音と吸音,0,1,0%,62
配信 部屋,0,1,0%,62
condenser vs dynamic mic for streaming,0,1,0%,64
decibel piano,0,1,0%,64
diy 防音室,0,1,0%,64
soundproof paint market,0,1,0%,64
配信者 部屋,0,1,0%,64
防音 遮音 違い,0,1,0%,64
防音 部屋 作り方,0,1,0%,64
防音室 作り方 安い,0,1,0%,64
防音工事 値段,0,1,0%,65
防音室 20畳 費用,0,1,0%,67
吸音材 遮音材 組み合わせ,0,1,0%,68
防音と遮音の違い,0,1,0%,68
防音 室 価格,0,1,0%,70
アルトサックス 防音対策,0,1,0%,71
木造 新築 防音,0,1,0%,71
賃貸 防音室 設置,0,1,0%,71
リフォーム 防音壁,0,1,0%,73
部屋 防音にする方法,0,1,0%,73
配信 マイク 位置,0,1,0%,73
ハムノイズ,0,1,0%,74
防音 大阪,0,1,0%,74
how much does it cost to soundproof a small room,0,1,0%,75
inexpensive way to soundproof a room,0,1,0%,75
アルトサックス 物件,0,1,0%,75
グランドループ,0,1,0%,75
大宮駅 防音 賃貸,0,1,0%,75
防音対策 配信,0,1,0%,75
エアコン 防音室,0,1,0%,76
木造 騒音 気にならない,0,1,0%,76
sound proof room for rent,0,1,0%,77
キーボード 静かに打つ方法,0,1,0%,78
吸音 遮音 違い,0,1,0%,78
木造アパート 防音,0,1,0%,78
sound proof room meaning,0,1,0%,79
cost to soundproof a house,0,1,0%,80
配信者 防音対策,0,1,0%,80
average cost to soundproof a room,0,1,0%,81
how much will it cost to soundproof a room,0,1,0%,81
内窓 リフォーム デメリット,0,1,0%,81
受忍限度 騒音,0,1,0%,81
防音室自作,0,1,0%,81
vtuber 配信 環境,0,1,0%,82
防音室 設置,0,1,0%,82
how much does it cost to soundproof a house,0,1,0%,83
吸音 材 防音 材 違い,0,1,0%,83
condenser mic vs dynamic mic for podcasting,0,1,0%,84
cost soundproof room,0,1,0%,84
how to measure reverberation time,0,1,0%,84
how to soundproof a room for cheap,0,1,0%,84
ギター 防音,0,1,0%,84
遮音 防音 違い,0,1,0%,84
防音 室 マンション 設置,0,1,0%,84
防音パネル 効果 ない,0,1,0%,84
how to soundproof room cheap,0,1,0%,86
how can i soundproof a room cheaply?,0,1,0%,87
受忍限度とは,0,1,0%,87
木造アパート 音 対策,0,1,0%,87
音 敏感,0,1,0%,88
吸音材 効果,0,1,0%,89
コンデンサーマイク 距離,0,1,0%,90
配信者 一人暮らし,0,1,0%,91
一人暮らし防音,0,1,0%,93
防音室施工,0,1,0%,93
内見 音漏れ 確認,0,1,0%,94
防振床,0,1,0%,94
音 ラボ,0,1,0%,94
treadmill mat reduce noise apartment,0,1,0%,95
lab vibration isolation control,0,1,0%,96
pa ノイズ 対策,0,1,0%,97
防音 室 設置,0,1,0%,97
低周波吸音断熱材市場,0,1,0%,98
吸音 材 効果,0,1,0%,99
防音 設備,0,1,0%,99
防音 部屋 費用,0,1,0%,99
noise in japan,0,1,0%,100
グランドピアノ 防音室 費用,0,1,0%,107
音 過敏症,0,1,0%,135