Page,Query,Clicks,Impressions,CTR,Position
https://bouon-lab.com/posts/soundproof-room-humidifier-guide/,防音室 加湿器,20,114,17.5%,2.9
https://bouon-lab.com/posts/soundproof-room-price-complete-guide-2025/,防音室 値段,2,75,2.7%,64.2
https://bouon-lab.com/posts/airport-soundproof-subsidy/,伊丹 空港 騒音 補助金 いくら,2,55,3.6%,9.8
https://bouon-lab.com/posts/rental-proofroom-contractcheck/,アビテックス 賃貸 許可,2,41,4.9%,10.2
https://bouon-lab.com/posts/ontouch-soundproof-panel-effective/,ワンタッチ防音壁 評判,2,16,12.5%,24.9
https://bouon-lab.com/posts/closet-diy-soundproof-room/,防音室 自作 クローゼット,2,8,25.0%,12.5
https://bouon-lab.com/posts/rental-unit-soundproof-room/,賃貸 防音室 許可 なぜ,2,8,25.0%,12.0
https://bouon-lab.com/posts/diy-vocal-soundproof-mask/,防音マスク ゲーム 自作,2,5,40.0%,13.4
https://bouon-lab.com/posts/rt60-reverberation-measurement-guide/,rt60 rew,2,2,100.0%,4.5
https://bouon-lab.com/posts/soundproof-room-standard-size/,防音室 1.5畳,2,2,100.0%,42.5
https://bouon-lab.com/posts/bouon-price-souba/,防音室 値段,1,94,1.1%,57.0
https://bouon-lab.com/posts/rental-proofroom-contractcheck/,賃貸 防音室 許可,1,69,1.4%,15.7
https://bouon-lab.com/posts/streaming-room-layout-guide/,配信部屋 レイアウト,1,32,3.1%,9.1
https://bouon-lab.com/posts/closet-diy-soundproof-room/,クローゼット 防音室 賃貸,1,23,4.3%,9.3
https://bouon-lab.com/posts/soundproof-room-diy-complete-manual/,防音室 自作,1,22,4.5%,60.1
https://bouon-lab.com/posts/closet-diy-soundproof-room/,クローゼット 防音室,1,21,4.8%,30.6
https://bouon-lab.com/posts/ontouch-soundproof-panel-effective/,ワンタッチ防音壁 効果,1,21,4.8%,12.1
https://bouon-lab.com/posts/rental-proofroom-contractcheck/,otodasu 賃貸 許可,1,20,5.0%,12.7
https://bouon-lab.com/posts/closet-diy-soundproof-room/,クローゼット 配信部屋,1,17,5.9%,10.1
https://bouon-lab.com/posts/streaming-room-layout-examples/,配信部屋 レイアウト,1,16,6.3%,16.9
https://bouon-lab.com/posts/soundproof-room-diy-complete-manual/,防音室 diy,1,14,7.1%,44.6
https://bouon-lab.com/posts/soundproof-room-rental-cost/,防音室レンタル 月額,1,14,7.1%,31.7
https://bouon-lab.com/posts/bass-trap-installation-guide/,ベーストラップ,1,11,9.1%,21.8
https://bouon-lab.com/posts/diy-soundproofing-tips/,防音室 自作,1,11,9.1%,34.9
https://bouon-lab.com/posts/soundproof-room-cheapest/,防音室 安い おすすめ,1,9,11.1%,11.3
https://bouon-lab.com/posts/soundproof-room-tax-guide/,防音室 経費,1,9,11.1%,9.0
https://bouon-lab.com/posts/soundproof-room-types/,ユニット式防音室,1,9,11.1%,50.6
https://bouon-lab.com/posts/bourentakl-streamer-settingsetubi/,vtuber 賃貸,1,7,14.3%,29.9
https://bouon-lab.com/posts/rt60-reverberation-measurement-guide/,rew rt60,1,7,14.3%,4.9
https://bouon-lab.com/posts/streamer-proofroom-choicetech/,配信 防音室,1,5,20.0%,21.8
https://bouon-lab.com/posts/keyboard-sound-streaming-soundproof-guide/,配信 キーボード音,1,4,25.0%,13.3
https://bouon-lab.com/posts/bouon-size-choice/,防音室 2畳 広さ,1,3,33.3%,26.3
https://bouon-lab.com/posts/sendai-soundproof-rental-guide/,賃貸 防音室,1,3,33.3%,10.7
https://bouon-lab.com/posts/soundproof-room-diy-complete-manual/,防音室 diy キット,1,3,33.3%,17.7
https://bouon-lab.com/posts/closet-diy-soundproof-room/,クローゼット防音室,1,2,50.0%,20.0
https://bouon-lab.com/posts/ontouch-soundproof-panel-effective/,ワンタッチ防音壁 自作,1,2,50.0%,33.0
https://bouon-lab.com/posts/bouon-size-choice/,防音室 3畳 広さ,1,1,100.0%,19.0
https://bouon-lab.com/posts/bouonroom-tettei-kaisetsu/,防音室 効果,1,1,100.0%,27.0
https://bouon-lab.com/posts/bouontech-trendnews2025/,音響メタマテリアル,1,1,100.0%,14.0
https://bouon-lab.com/posts/bourental-syaouseid-choiceindi/,防音室 賃貸 名古屋,1,1,100.0%,8.0
https://bouon-lab.com/posts/diy-wall-soundproofing-room-guide/,防音 壁,1,1,100.0%,21.0
https://bouon-lab.com/posts/keyboard-sound-streaming-soundproof-guide/,マイク キーボード音 入らないようにする,1,1,100.0%,22.0
https://bouon-lab.com/posts/soundproof-room-price-market/,防音室 4.5畳 値段,1,1,100.0%,17.0
https://bouon-lab.com/posts/soundproof-room-price-market/,防音室 値段 2畳,1,1,100.0%,24.0
https://bouon-lab.com/posts/soundproof-room-types/,ユニット防音室,1,1,100.0%,21.0
https://bouon-lab.com/posts/streamer-proofroom-setting/,vtuber 防音対策,1,1,100.0%,38.0
https://bouon-lab.com/posts/vtuber-rental-apartment-guide/,vtuber 賃貸,1,1,100.0%,24.0
https://bouon-lab.com/en/posts/streamer-proofroom-setting/,livestream soundproof,0,588,0.0%,21.1
https://bouon-lab.com/posts/bouon-osusume-hikaku/,防音室 ハウスメーカー おすすめ,0,187,0.0%,23.8
https://bouon-lab.com/en/posts/building-code-reform-2025-soundproof/,japan building code news december 2025,0,148,0.0%,8.2
https://bouon-lab.com/en/posts/building-code-reform-2025-soundproof/,japan building code news,0,124,0.0%,2.4
https://bouon-lab.com/posts/bouon-kujyou-taisaku/,一戸建て 騒音苦情,0,116,0.0%,29.4
https://bouon-lab.com/en/posts/soundproof-room-diy-cost/,how much does it cost to soundproof a room,0,99,0.0%,57.8
https://bouon-lab.com/posts/vtuber-proofroom-knowledge/,vtuber 防音室 トレンド 2026,0,96,0.0%,1.2
https://bouon-lab.com/posts/cable-noise-ground-loop-prevention/,グランド ループ 対策,0,75,0.0%,44.8
https://bouon-lab.com/posts/cable-noise-ground-loop-prevention/,アース ノイズ 対策,0,69,0.0%,67.7
https://bouon-lab.com/posts/one-room-streaming-soundproof/,一人暮らし 配信 防音,0,69,0.0%,11.6
https://bouon-lab.com/posts/million-yen-soundproof-room-professional/,防音室 100万,0,67,0.0%,15.1
https://bouon-lab.com/posts/rental-proofroom-contractcheck/,防音室 許可,0,67,0.0%,21.8
https://bouon-lab.com/posts/cable-noise-ground-loop-prevention/,アース 線 ノイズ 対策,0,65,0.0%,66.9
https://bouon-lab.com/posts/cable-noise-ground-loop-prevention/,グランド ループ ノイズ 対策,0,63,0.0%,47.9
https://bouon-lab.com/posts/grobal-soundproof-marketcheck/,日本の防音市場,0,63,0.0%,37.0
https://bouon-lab.com/posts/rental-proofroom-contractcheck/,防音室 賃貸 許可,0,62,0.0%,16.8
https://bouon-lab.com/posts/cable-noise-ground-loop-prevention/,ノイズ アース 線,0,61,0.0%,58.7
https://bouon-lab.com/posts/cable-noise-ground-loop-prevention/,ノイズ 対策 アース,0,61,0.0%,75.8
https://bouon-lab.com/posts/cable-noise-ground-loop-prevention/,接地 ノイズ 対策,0,58,0.0%,76.1
https://bouon-lab.com/posts/proofroom-humidity-airconditionlist/,防音室 加湿器,0,54,0.0%,26.7
https://bouon-lab.com/posts/cable-noise-ground-loop-prevention/,ノイズ アース 対策,0,51,0.0%,57.5
https://bouon-lab.com/posts/soundproof-room-humidifier-guide/,防音室 湿度,0,51,0.0%,11.7
https://bouon-lab.com/posts/rental-proofroom-contractcheck/,防音室 設置 許可,0,49,0.0%,20.7
https://bouon-lab.com/en/categories/market--news/,japan sound masking system market,0,47,0.0%,52.4
https://bouon-lab.com/posts/rental-proofroom-contractcheck/,マンション 防音室 許可,0,46,0.0%,26.7
https://bouon-lab.com/en/posts/building-code-reform-2025-soundproof/,japan building code updates,0,45,0.0%,5.1
https://bouon-lab.com/posts/proofroom-humidity-airconditionlist/,防音室 湿度,0,45,0.0%,31.6
https://bouon-lab.com/posts/cable-noise-ground-loop-prevention/,ノイズ アース,0,44,0.0%,76.0
https://bouon-lab.com/posts/vtuber-proofroom-knowledge/,vtuber 防音対策,0,43,0.0%,20.5
https://bouon-lab.com/en/posts/building-code-reform-2025-soundproof/,japan building code updates today,0,42,0.0%,3.1
https://bouon-lab.com/posts/streamer-proofroom-setting/,配信環境 防音,0,42,0.0%,32.9
https://bouon-lab.com/en/,bouon,0,41,0.0%,5.2
https://bouon-lab.com/en/posts/bouon-price-souba/,soundproofing room hourly rates,0,39,0.0%,19.5
https://bouon-lab.com/posts/streamer-proofroom-choicetech/,配信者向け賃貸,0,37,0.0%,39.4
https://bouon-lab.com/posts/rental-proofroom-contractcheck/,賃貸 自作防音室 無断 トラブル or 退去時,0,35,0.0%,1.3
https://bouon-lab.com/posts/soundproof-room-price-complete-guide-2025/,防音 室 値段,0,35,0.0%,62.6
https://bouon-lab.com/en/posts/soundproof-room-rental-cost/,how much does it cost to soundproof a room,0,30,0.0%,91.2
https://bouon-lab.com/posts/cable-noise-ground-loop-prevention/,アース ライン ノイズ 対策,0,30,0.0%,53.0
https://bouon-lab.com/posts/rental-proofroom-contractcheck/,賃貸 防音 室 許可,0,30,0.0%,14.0
https://bouon-lab.com/posts/bouonroom-tettei-kaisetsu/,防音室,0,29,0.0%,82.1
https://bouon-lab.com/posts/streamer-proofroom-setting/,防音室 おすすめ 配信,0,28,0.0%,22.8
https://bouon-lab.com/posts/vtuber-proofroom-knowledge/,vtuber 防音室,0,28,0.0%,34.1
https://bouon-lab.com/posts/osaka-soundproof-rental-guide/,防音 賃貸 大阪,0,27,0.0%,43.8
https://bouon-lab.com/en/posts/musision-soundproof-rental-review/,musision,0,25,0.0%,7.0
https://bouon-lab.com/posts/soundproof-subsidy-system-list/,防音工事 補助金,0,25,0.0%,19.0
https://bouon-lab.com/posts/streamer-proofroom-setting/,防音室 配信者,0,25,0.0%,32.5
https://bouon-lab.com/en/posts/building-code-reform-2025-soundproof/,japan building code update news december 2025,0,24,0.0%,8.2
https://bouon-lab.com/posts/bouon-price-souba/,防音室 価格,0,24,0.0%,67.5
https://bouon-lab.com/posts/soundproof-room-price-complete-guide-2025/,防音室 価格,0,24,0.0%,65.4
https://bouon-lab.com/en/posts/building-code-reform-2025-soundproof/,japan building code news 2025 december,0,23,0.0%,8.8
https://bouon-lab.com/en/posts/building-code-reform-2025-soundproof/,japan building code news today 2025,0,23,0.0%,2.4
https://bouon-lab.com/posts/bouon-price-souba/,防音 室 値段,0,23,0.0%,69.3
https://bouon-lab.com/en/posts/soundproof-room-cheapest/,how much does it cost to soundproof a room,0,22,0.0%,86.3
https://bouon-lab.com/en/posts/soundproof-room-cheapest/,how to soundproof a room cheaply,0,22,0.0%,70.4
https://bouon-lab.com/posts/ontouch-soundproof-panel-effective/,ワンタッチ 防音 壁 賃貸,0,21,0.0%,34.9
https://bouon-lab.com/posts/soundproof-subsidy-news-2025/,防音 リフォーム 補助金,0,21,0.0%,56.6
https://bouon-lab.com/en/posts/bouontech-trendnews2025/,soundproofing technology,0,20,0.0%,50.7
https://bouon-lab.com/en/posts/building-code-reform-2025-soundproof/,japan building code update 2025 news,0,20,0.0%,2.9
https://bouon-lab.com/posts/kobe-soundproof-rental-guide/,防音室 賃貸 神戸,0,19,0.0%,35.7
https://bouon-lab.com/posts/bouon-kujyou-taisaku/,一戸建て 騒音 苦情,0,18,0.0%,44.2
https://bouon-lab.com/posts/diy-wall-soundproofing-room-guide/,失敗しない防音室のつくり方,0,18,0.0%,35.7
https://bouon-lab.com/posts/musision-soundproof-rental-review/,ミュージション 評判,0,18,0.0%,9.5
https://bouon-lab.com/posts/proofroom-aircondition-select/,防音室 エアコン 換気扇,0,18,0.0%,21.7
https://bouon-lab.com/en/posts/building-code-reform-2025-soundproof/,building code japan news december 2025,0,17,0.0%,9.0
https://bouon-lab.com/en/posts/building-code-reform-2025-soundproof/,japan building code update december 2025 news,0,17,0.0%,9.4
https://bouon-lab.com/posts/bouon-kanki-taisaku/,防音室 エアコン 換気扇,0,17,0.0%,60.9
https://bouon-lab.com/posts/proofroom-lowsound-windsoundnone/,防音室 エアコン 換気扇,0,17,0.0%,31.1
https://bouon-lab.com/posts/rental-unit-soundproof-room/,賃貸 防音室 許可,0,17,0.0%,31.5
https://bouon-lab.com/posts/saitama-soundproof-rental-guide/,防音室 賃貸 埼玉,0,17,0.0%,38.4
https://bouon-lab.com/posts/footstep-vibration-soundproof-mat-guide/,wii fit 防音 マット 足音 振動,0,16,0.0%,14.8
https://bouon-lab.com/posts/soundproof-culture-japan-vs-america/,日本 集合住宅 遮音基準 欧米比較,0,16,0.0%,1.1
https://bouon-lab.com/posts/streamer-proofroom-setting/,配信 防音 自作,0,16,0.0%,27.6
https://bouon-lab.com/posts/telework-family-stress-soundproof-solution/,テレワーク 家族 うるさい,0,16,0.0%,55.3
https://bouon-lab.com/en/posts/noise-regulation-update-2025/,mlit building standards news,0,15,0.0%,4.1
https://bouon-lab.com/posts/kids-practice-soundproof-room-guide/,音楽教室 防音室,0,15,0.0%,60.9
https://bouon-lab.com/posts/proofroom-aircondition-select/,防音室 エアコン,0,15,0.0%,77.7
https://bouon-lab.com/posts/rental-unit-soundproof-room/,防音室 賃貸 許可,0,15,0.0%,34.0
https://bouon-lab.com/posts/soundproof-room-mechanism/,防音室 仕組み,0,15,0.0%,33.1
https://bouon-lab.com/posts/soundproof-room-types/,防音工事 種類,0,15,0.0%,89.7
https://bouon-lab.com/en/posts/building-code-reform-2025-soundproof/,japan building code update,0,14,0.0%,6.6
https://bouon-lab.com/en/posts/building-code-reform-2025-soundproof/,japan building code update december 2025,0,14,0.0%,10.6
https://bouon-lab.com/posts/cable-noise-ground-loop-prevention/,ノイズ 対策 接地,0,14,0.0%,79.4
https://bouon-lab.com/posts/drum-soundproof-room/,防音室 ドラム,0,14,0.0%,66.4
https://bouon-lab.com/posts/soundproof-performance-dr-standard/,dr-35 dr-40 違い,0,14,0.0%,9.9
https://bouon-lab.com/posts/bouon-setti-checkpoint/,防音室 マンション 設置,0,13,0.0%,80.5
https://bouon-lab.com/posts/chiba-soundproof-rental-guide/,防音室 賃貸 千葉,0,13,0.0%,32.5
https://bouon-lab.com/posts/diy-soundproof-room-failures-solutions/,防音室 自作 失敗,0,13,0.0%,22.4
https://bouon-lab.com/posts/japan-bouonproof-marketnextasia/,日本の防音市場,0,13,0.0%,20.0
https://bouon-lab.com/posts/osaka-soundproof-rental-guide/,防音室 賃貸 大阪,0,13,0.0%,44.1
https://bouon-lab.com/posts/rental-proofroom-contractcheck/,賃貸 防音室 許可 なぜ,0,13,0.0%,27.6
https://bouon-lab.com/posts/rental-unit-soundproof-room/,賃貸 防音室 法律,0,13,0.0%,18.3
https://bouon-lab.com/posts/soundproof-room-budget-selection-guide/,防音室 100万,0,13,0.0%,45.3
https://bouon-lab.com/posts/streamer-proofroom-setting/,配信者 防音室,0,13,0.0%,25.4
https://bouon-lab.com/en/posts/building-code-reform-2025-soundproof/,japan building code news today 2025 december,0,12,0.0%,3.0
https://bouon-lab.com/en/posts/building-code-reform-2025-soundproof/,japan building code update news 2025 december,0,12,0.0%,9.3
https://bouon-lab.com/en/posts/building-code-reform-2025-soundproof/,japan building code updates 2025 news,0,12,0.0%,2.9
https://bouon-lab.com/en/posts/rt60-reverberation-measurement-guide/,how to measure rt60 reverberation time in practice practical methods,0,12,0.0%,14.7
https://bouon-lab.com/posts/soundproof-room-cheapest/,防音室 格安,0,12,0.0%,10.2
https://bouon-lab.com/categories/%E5%B8%82%E5%A0%B4%E3%83%8B%E3%83%A5%E3%83%BC%E3%82%B9/,日本の防音市場,0,11,0.0%,65.7
https://bouon-lab.com/en/posts/noise-regulation-update-2025/,tokyo noise regulation news,0,11,0.0%,5.8
https://bouon-lab.com/posts/bouon-kanki-taisaku/,防音室 暑い,0,11,0.0%,28.5
https://bouon-lab.com/posts/bourental-music-ensoutaime/,隣人 楽器 演奏 時間帯,0,11,0.0%,23.7
https://bouon-lab.com/posts/budget-soundproof-booth-comparison/,otodasu だん ぼっ ち 比較,0,11,0.0%,7.4
https://bouon-lab.com/posts/closet-diy-soundproof-room/,防音室 クローゼット,0,11,0.0%,45.6
https://bouon-lab.com/posts/soundproof-subsidy-system-list/,防音工事補助金,0,11,0.0%,5.8
https://bouon-lab.com/en/posts/building-code-reform-2025-soundproof/,japan building standards law update 2025 news,0,10,0.0%,2.7
https://bouon-lab.com/en/posts/noise-regulation-update-2025/,japan noise regulation news,0,10,0.0%,5.5
https://bouon-lab.com/en/posts/rt60-reverberation-measurement-guide/,how to measure rt60 reverberation time in practice diy methods,0,10,0.0%,15.2
https://bouon-lab.com/posts/instrument-allowed-rental-complaint-trap/,アパート 楽器相談,0,10,0.0%,39.1
https://bouon-lab.com/posts/rental-unit-soundproof-room/,防音室 許可,0,10,0.0%,31.8
https://bouon-lab.com/posts/soundproof-room-wifi-guide/,防音室 wifi,0,10,0.0%,11.4
https://bouon-lab.com/posts/streamer-proofroom-choicetech/,配信者 防音室,0,10,0.0%,31.2
https://bouon-lab.com/posts/streamer-proofroom-setting/,配信 防音室,0,10,0.0%,34.2
https://bouon-lab.com/posts/vtuber-proofroom-knowledge/,防音室 vtuber,0,10,0.0%,37.2
https://bouon-lab.com/en/posts/rt60-reverberation-measurement-guide/,how to measure rt60 reverberation time in practice step by step,0,9,0.0%,18.8
https://bouon-lab.com/posts/acoustic-panel-placement/,吸音材 貼り方 位置,0,9,0.0%,21.8
https://bouon-lab.com/posts/bouon-setti-checkpoint/,防音室 設置 許可,0,9,0.0%,33.8
https://bouon-lab.com/posts/bouonroom-tettei-kaisetsu/,防音室 性能,0,9,0.0%,89.3
https://bouon-lab.com/posts/chiba-soundproof-rental-guide/,千葉 防音室 物件,0,9,0.0%,34.6
https://bouon-lab.com/posts/chiba-soundproof-rental-guide/,防音 賃貸 千葉,0,9,0.0%,45.7
https://bouon-lab.com/posts/closet-diy-soundproof-room/,自作 防音室 酸欠,0,9,0.0%,13.4
https://bouon-lab.com/posts/kobe-soundproof-rental-guide/,神戸市 防音室,0,9,0.0%,38.4
https://bouon-lab.com/posts/rental-unit-soundproof-room/,防音室 工事 賃貸,0,9,0.0%,76.3
https://bouon-lab.com/posts/saitama-soundproof-rental-guide/,防音 賃貸 埼玉,0,9,0.0%,47.3
https://bouon-lab.com/posts/soundproof-room-mechanism/,防音室 構造,0,9,0.0%,73.1
https://bouon-lab.com/en/categories/,bouon,0,8,0.0%,9.9
https://bouon-lab.com/en/posts/building-code-reform-2025-soundproof/,building code news japan,0,8,0.0%,2.6
https://bouon-lab.com/en/posts/building-code-reform-2025-soundproof/,japan building code energy efficiency 2025 news,0,8,0.0%,4.0
https://bouon-lab.com/en/posts/building-code-reform-2025-soundproof/,japan building code news 2025,0,8,0.0%,4.0
https://bouon-lab.com/posts/bouon-dchiseinou-meyasu/,db (デシベル) と d値 の違い,0,8,0.0%,31.5
https://bouon-lab.com/posts/diy-soundproof-room-failures-solutions/,防音室 自作 効果なし,0,8,0.0%,35.9
https://bouon-lab.com/posts/kanagawa-soundproof-rental-guide/,神奈川 防音室,0,8,0.0%,41.5
https://bouon-lab.com/posts/kanagawa-soundproof-rental-guide/,防音室 賃貸 神奈川,0,8,0.0%,40.0
https://bouon-lab.com/posts/keyboard-sound-streaming-soundproof-guide/,キーボードの音をなくす方法,0,8,0.0%,1.0
https://bouon-lab.com/posts/one-room-streaming-soundproof/,ワンルーム 防音対策,0,8,0.0%,21.3
https://bouon-lab.com/posts/saxophone-practice-apartment/,サックス アパート,0,8,0.0%,14.4
https://bouon-lab.com/posts/sendai-soundproof-rental-guide/,防音室 賃貸,0,8,0.0%,10.8
https://bouon-lab.com/posts/soundproof-market-esg-trend/,日本の防音市場,0,8,0.0%,40.0
https://bouon-lab.com/posts/soundproof-room-mechanism/,防音 室 構造,0,8,0.0%,79.4
https://bouon-lab.com/posts/streamer-proofroom-setting/,配信者 部屋 防音,0,8,0.0%,31.0
https://bouon-lab.com/posts/tokyo-soundproof-rental-summary/,一人暮らし 防音 東京,0,8,0.0%,28.5
https://bouon-lab.com/en/posts/noise-regulation-update-2025/,tokyo noise ordinance news,0,7,0.0%,5.4
https://bouon-lab.com/en/posts/soundproof-room-cheapest/,cheap ways to soundproof a room,0,7,0.0%,82.3
https://bouon-lab.com/en/posts/soundproof-room-diy-cost/,how much does it cost to build a soundproof room,0,7,0.0%,62.0
https://bouon-lab.com/posts/diy-soundproof-room-failures-solutions/,防音室 自作 効果 測定,0,7,0.0%,29.0
https://bouon-lab.com/posts/keyboard-sound-streaming-soundproof-guide/,キーボード 打鍵音 対策,0,7,0.0%,26.1
https://bouon-lab.com/posts/ontouch-soundproof-panel-effective/,ワンタッチ防音壁,0,7,0.0%,27.3
https://bouon-lab.com/posts/osaka-soundproof-rental-guide/,賃貸 防音 大阪,0,7,0.0%,49.1
https://bouon-lab.com/posts/saxophone-practice-apartment/,アルトサックス アパート,0,7,0.0%,8.9
https://bouon-lab.com/posts/sound-insulation-vs-absorption/,吸音材 遮音材 違い 効果,0,7,0.0%,39.3
https://bouon-lab.com/posts/soundproof-room-price-complete-guide-2025/,防音室 見積もり,0,7,0.0%,58.4
https://bouon-lab.com/posts/steram-soudncondition-check/,マイクの反響を減らす方法,0,7,0.0%,34.1
https://bouon-lab.com/posts/streamer-proofroom-setting/,配信部屋 防音,0,7,0.0%,38.9
https://bouon-lab.com/en/posts/building-code-reform-2025-soundproof/,building code japan news 2025 december,0,6,0.0%,11.0
https://bouon-lab.com/en/posts/building-code-reform-2025-soundproof/,building code japan update today,0,6,0.0%,9.2
https://bouon-lab.com/en/posts/building-code-reform-2025-soundproof/,building code updates japan,0,6,0.0%,6.0
https://bouon-lab.com/en/posts/building-code-reform-2025-soundproof/,japan building code news today,0,6,0.0%,2.0
https://bouon-lab.com/en/posts/building-code-reform-2025-soundproof/,japan building code updates 2025 news today,0,6,0.0%,1.8
https://bouon-lab.com/en/posts/building-code-reform-2025-soundproof/,japan construction regulation news december 2025,0,6,0.0%,9.3
https://bouon-lab.com/en/posts/noise-regulation-update-2025/,japan building standards law update news today,0,6,0.0%,5.5
https://bouon-lab.com/en/posts/soundproof-room-cheapest/,cheap way to soundproof a room,0,6,0.0%,70.3
https://bouon-lab.com/posts/cable-noise-ground-loop-prevention/,pa ノイズ 対策,0,6,0.0%,51.7
https://bouon-lab.com/posts/closet-diy-soundproof-room/,クローゼット 防音室 作り方,0,6,0.0%,11.8
https://bouon-lab.com/posts/diy-wall-soundproofing-room-guide/,部屋を防音室にしたい,0,6,0.0%,70.7
https://bouon-lab.com/posts/keyboard-sound-streaming-soundproof-guide/,キーボード 打鍵音対策,0,6,0.0%,23.7
https://bouon-lab.com/posts/million-yen-soundproof-room-professional/,防音室 100万円,0,6,0.0%,10.3
https://bouon-lab.com/posts/osaka-soundproof-rental-guide/,防音室 大阪,0,6,0.0%,42.3
https://bouon-lab.com/posts/soundproof-room-diy-complete-manual/,防音室 作り方,0,6,0.0%,46.5
https://bouon-lab.com/posts/soundproof-room-internet-lan-guide/,防音室 有線lan,0,6,0.0%,12.0
https://bouon-lab.com/posts/soundproof-room-price-market/,防音室 値段,0,6,0.0%,76.3
https://bouon-lab.com/posts/streamer-proofroom-setting/,防音室 配信,0,6,0.0%,34.2
https://bouon-lab.com/posts/weekly-soundproof-news-20251202/,日本の防音市場,0,6,0.0%,79.7
https://bouon-lab.com/posts/workbooth-office-soundproof-trend/,サービスオフィス 防音,0,6,0.0%,91.3
https://bouon-lab.com/tags/%E9%98%B2%E9%9F%B3%E5%AE%A4%E7%9B%B8%E5%A0%B4/,防音室 値段,0,6,0.0%,66.0
https://bouon-lab.com/en/categories/streaming--creators/,streaming booth,0,5,0.0%,39.8
https://bouon-lab.com/en/posts/bouontech-trendnews2025/,soundproofing technology news,0,5,0.0%,9.2
https://bouon-lab.com/en/posts/building-code-reform-2025-soundproof/,building code japan updates,0,5,0.0%,7.2
https://bouon-lab.com/en/posts/building-code-reform-2025-soundproof/,building code japan updates today,0,5,0.0%,3.6
https://bouon-lab.com/en/posts/building-code-reform-2025-soundproof/,japan building code update news today 2025,0,5,0.0%,2.4
https://bouon-lab.com/en/posts/soundproof-room-humidifier-guide/,iris ohyama dce-6515 dehumidifier noise db,0,5,0.0%,7.2
https://bouon-lab.com/en/posts/soundproof-room-price-market/,how much does it cost to soundproof a room,0,5,0.0%,94.4
https://bouon-lab.com/posts/absorption-vs-soundproofing-materials/,吸音材 遮音材 順番,0,5,0.0%,18.6
https://bouon-lab.com/posts/bouon-setti-checkpoint/,防音室 許可,0,5,0.0%,38.2
https://bouon-lab.com/posts/bouonroom-tettei-kaisetsu/,防音 室 構造,0,5,0.0%,76.2
https://bouon-lab.com/posts/bourental-music-ensoutaime/,マンション 楽器 何時まで,0,5,0.0%,10.4
https://bouon-lab.com/posts/drum-soundproof-room/,ドラム 防音室,0,5,0.0%,87.0
https://bouon-lab.com/posts/kanagawa-soundproof-rental-guide/,防音 賃貸 神奈川,0,5,0.0%,40.2
https://bouon-lab.com/posts/saitama-soundproof-rental-guide/,防音室 埼玉,0,5,0.0%,46.4
https://bouon-lab.com/posts/soundproof-room-diy-cost/,防音室 自作 費用,0,5,0.0%,44.2
https://bouon-lab.com/posts/soundproof-room-loan/,ピアノ 住宅ローン,0,5,0.0%,44.0
https://bouon-lab.com/posts/soundproof-room-rental-cost/,防音室 レンタル 月額,0,5,0.0%,31.4
https://bouon-lab.com/posts/soundproof-subsidy-check-guide/,防音工事 補助金,0,5,0.0%,42.6
https://bouon-lab.com/posts/streamer-proofroom-setting/,配信者 吸音材,0,5,0.0%,34.2
https://bouon-lab.com/posts/streamer-proofroom-setting/,防音室 配信用,0,5,0.0%,30.6
https://bouon-lab.com/posts/streaming-room-layout-examples/,配信部屋,0,5,0.0%,49.4
https://bouon-lab.com/posts/streaming-room-layout-guide/,配信部屋レイアウト,0,5,0.0%,8.4
https://bouon-lab.com/tags/%E9%98%B2%E9%9F%B3%E5%AE%A4-%E3%82%B2%E3%83%BC%E3%83%A0%E5%AE%9F%E6%B3%81/,ゲーム実況 防音,0,5,0.0%,90.0
https://bouon-lab.com/categories/diy%E9%98%B2%E9%9F%B3/,ドラム 防音 室 自作,0,4,0.0%,59.5
https://bouon-lab.com/en/categories/practical-guide/,bouon,0,4,0.0%,4.5
https://bouon-lab.com/en/categories/streaming--creators/,how to soundproof a room for streaming,0,4,0.0%,51.5
https://bouon-lab.com/en/posts/bouontech-trendnews2025/,sound suppression technology latest developments 2025,0,4,0.0%,21.5
https://bouon-lab.com/en/posts/bouontech-trendnews2025/,soundproofing tech news,0,4,0.0%,8.3
https://bouon-lab.com/en/posts/budget-soundproof-booth-comparison/,diy soundproof booth cost materials hardware store,0,4,0.0%,15.3
https://bouon-lab.com/en/posts/building-code-reform-2025-soundproof/,japan building code changes 2025 news,0,4,0.0%,4.3
https://bouon-lab.com/en/posts/building-code-reform-2025-soundproof/,japan building code update 2025 news today,0,4,0.0%,2.3
https://bouon-lab.com/en/posts/building-code-reform-2025-soundproof/,tokyo building code news december 2025,0,4,0.0%,11.0
https://bouon-lab.com/en/posts/rt60-reverberation-measurement-guide/,how to measure rt60 in practice room acoustics edm venue,0,4,0.0%,19.3
https://bouon-lab.com/en/posts/rt60-reverberation-measurement-guide/,how to measure rt60 reverberation time practically room eq wizard,0,4,0.0%,20.0
https://bouon-lab.com/en/posts/rt60-reverberation-measurement-guide/,how to measure rt60 reverberation time practically step by step,0,4,0.0%,19.5
https://bouon-lab.com/en/posts/soundproof-room-cheapest/,cheapest way to soundproof a room,0,4,0.0%,64.5
https://bouon-lab.com/en/posts/soundproof-room-cheapest/,inexpensive ways to soundproof a room,0,4,0.0%,79.5
https://bouon-lab.com/en/posts/soundproof-room-diy-cost/,cost to soundproof a room,0,4,0.0%,57.0
https://bouon-lab.com/en/posts/soundproof-room-diy-cost/,how much to soundproof a room,0,4,0.0%,52.5
https://bouon-lab.com/en/posts/soundproof-room-diy-cost/,how much would it cost to soundproof a room,0,4,0.0%,59.0
https://bouon-lab.com/posts/acoustic-material-new-trend-2025/,日本の防音市場,0,4,0.0%,44.3
https://bouon-lab.com/posts/bass-trap-installation-guide/,ベース トラップ 自作,0,4,0.0%,38.0
https://bouon-lab.com/posts/bouon-osusume-hikaku/,防音室 おすすめ メーカー,0,4,0.0%,9.0
https://bouon-lab.com/posts/bouon-setti-checkpoint/,マンション 防音室 許可,0,4,0.0%,31.3
https://bouon-lab.com/posts/bouonroom-tettei-kaisetsu/,防音 室,0,4,0.0%,77.5
https://bouon-lab.com/posts/bouonroom-tettei-kaisetsu/,防音ルーム,0,4,0.0%,86.8
https://bouon-lab.com/posts/bouonroom-tettei-kaisetsu/,防音室 構造,0,4,0.0%,74.0
https://bouon-lab.com/posts/bourental-music-ensoutaime/,マンション 楽器 何時 まで,0,4,0.0%,17.0
https://bouon-lab.com/posts/bourental-musicacespt-choice/,楽器可 防音室,0,4,0.0%,37.8
https://bouon-lab.com/posts/closet-diy-soundproof-room/,防音室 酸欠,0,4,0.0%,30.3
https://bouon-lab.com/posts/diy-soundproofing-tips/,賃貸 防音 diy,0,4,0.0%,47.0
https://bouon-lab.com/posts/diy-soundproofing-tips/,防音室 自作 遮音シート 効果,0,4,0.0%,28.5
https://bouon-lab.com/posts/gamesteram-proofroom-soudflash/,ゲーム実況 防音,0,4,0.0%,58.0
https://bouon-lab.com/posts/keyboard-sound-streaming-soundproof-guide/,キーボード 打鍵 音 対策,0,4,0.0%,25.0
https://bouon-lab.com/posts/kyoto-soundproof-rental-guide/,防音 賃貸 京都,0,4,0.0%,46.0
https://bouon-lab.com/posts/musision-soundproof-rental-review/,ミュージション うるさい,0,4,0.0%,18.3
https://bouon-lab.com/posts/ontouch-soundproof-panel-effective/,ワンタッチ 防音 壁 買う前,0,4,0.0%,13.8
https://bouon-lab.com/posts/osaka-soundproof-rental-guide/,大阪 防音 賃貸,0,4,0.0%,54.0
https://bouon-lab.com/posts/osaka-soundproof-rental-guide/,賃貸 防音室 大阪,0,4,0.0%,32.3
https://bouon-lab.com/posts/proofroom-soudmore-manual/,防音室 換気扇 音漏れ,0,4,0.0%,19.5
https://bouon-lab.com/posts/sendai-soundproof-rental-guide/,仙台 防音,0,4,0.0%,44.8
https://bouon-lab.com/posts/soundproof-room-cheapest/,防音室 10万,0,4,0.0%,13.3
https://bouon-lab.com/posts/soundproof-room-cheapest/,防音室 安い,0,4,0.0%,24.3
https://bouon-lab.com/posts/soundproof-room-diy-complete-manual/,防音 室 自作,0,4,0.0%,66.5
https://bouon-lab.com/posts/soundproof-room-diy-complete-manual/,防音室 自作 キット,0,4,0.0%,30.0
https://bouon-lab.com/posts/soundproof-room-price-complete-guide-2025/,音の自由区 価格,0,4,0.0%,11.0
https://bouon-lab.com/posts/soundproof-room-price-complete-guide/,防音室 値段,0,4,0.0%,64.0
https://bouon-lab.com/posts/soundproof-room-price-market/,防音 室 値段,0,4,0.0%,67.5
https://bouon-lab.com/posts/soundproof-room-rental-cost/,防音室 月額,0,4,0.0%,16.5
https://bouon-lab.com/posts/soundproof-room-small-size/,0.8畳 防音室,0,4,0.0%,11.3
https://bouon-lab.com/posts/soundproof-subsidy-three-cases/,防音工事 補助金,0,4,0.0%,59.8
https://bouon-lab.com/posts/soundproof-wall-construction-guide/,防音 壁 工事,0,4,0.0%,85.5
https://bouon-lab.com/posts/soundproof-wall-construction-guide/,防音壁 工事,0,4,0.0%,76.0
https://bouon-lab.com/posts/streamer-proofroom-choicetech/,vtuber 防音室,0,4,0.0%,39.0
https://bouon-lab.com/posts/streamer-proofroom-choicetech/,配信者 賃貸 探し方,0,4,0.0%,19.3
https://bouon-lab.com/posts/streamer-proofroom-choicetech/,防音室 配信者,0,4,0.0%,36.8
https://bouon-lab.com/posts/streamer-proofroom-setting/,配信 部屋 防音,0,4,0.0%,60.5
https://bouon-lab.com/posts/streamer-proofroom-setting/,配信 防音対策,0,4,0.0%,75.3
https://bouon-lab.com/posts/streamer-proofroom-setting/,配信者 防音,0,4,0.0%,36.0
https://bouon-lab.com/posts/streaming-room-layout-examples/,配信者 部屋 レイアウト,0,4,0.0%,8.5
https://bouon-lab.com/tags/%E9%98%B2%E9%9F%B3%E5%AE%A4-%E3%82%A8%E3%82%A2%E3%82%B3%E3%83%B3/,防音室 エアコン,0,4,0.0%,72.5
https://bouon-lab.com/,ミュージション うるさい,0,3,0.0%,27.0
https://bouon-lab.com/categories/%E9%85%8D%E4%BF%A1%E3%82%AF%E3%83%AA%E3%82%A8%E3%82%A4%E3%82%BF%E3%83%BC%E5%90%91%E3%81%91/,配信 防音 自作,0,3,0.0%,57.0
https://bouon-lab.com/en/categories/market--news/,japan acoustic insulation market,0,3,0.0%,73.3
https://bouon-lab.com/en/posts/bouonroom-tettei-kaisetsu/,soundproof room meaning,0,3,0.0%,47.7
https://bouon-lab.com/en/posts/bouonroom-tettei-kaisetsu/,what is a sound room,0,3,0.0%,47.0
https://bouon-lab.com/en/posts/bouontech-trendnews2025/,new soundproofing technology,0,3,0.0%,13.0
https://bouon-lab.com/en/posts/building-code-reform-2025-soundproof/,building code japan update,0,3,0.0%,8.3
https://bouon-lab.com/en/posts/building-code-reform-2025-soundproof/,building code japan update 2025 news,0,3,0.0%,3.0
https://bouon-lab.com/en/posts/building-code-reform-2025-soundproof/,japan building code revision news today 2025,0,3,0.0%,3.0
https://bouon-lab.com/en/posts/building-code-reform-2025-soundproof/,japan building standards act revision 2025 news,0,3,0.0%,5.0
https://bouon-lab.com/en/posts/podcast-casterproof-micsetting/,dynamic vs condenser microphone for podcasting,0,3,0.0%,86.3
https://bouon-lab.com/en/posts/proofroom-price2025-research/,soundproofing news december 2025,0,3,0.0%,9.7
https://bouon-lab.com/en/posts/rt60-reverberation-measurement-guide/,how to measure rt60 in practice room acoustics,0,3,0.0%,20.0
https://bouon-lab.com/en/posts/soundproof-room-cheapest/,how to cheaply soundproof a room,0,3,0.0%,49.7
https://bouon-lab.com/en/posts/soundproof-room-cheapest/,how to soundproof a room cheap,0,3,0.0%,59.0
https://bouon-lab.com/en/posts/soundproof-room-diy-cost/,how much does soundproofing a room cost,0,3,0.0%,67.7
https://bouon-lab.com/en/posts/soundproof-room-diy-cost/,how much would it cost to soundproof a bedroom,0,3,0.0%,84.0
https://bouon-lab.com/en/posts/soundproof-room-rental-cost/,soundproof room for rent,0,3,0.0%,38.0
https://bouon-lab.com/posts/bouon-price-souba/,防音室 組み立て式,0,3,0.0%,22.0
https://bouon-lab.com/posts/bouon-rental-yatinsouba/,シェアハウス 中央区 音大生,0,3,0.0%,47.0
https://bouon-lab.com/posts/bourental-musicacespt-choice/,楽器可 防音性能 db,0,3,0.0%,38.7
https://bouon-lab.com/posts/cable-noise-ground-loop-prevention/,グランド ノイズ 対策,0,3,0.0%,88.7
https://bouon-lab.com/posts/closet-diy-soundproof-room/,クローゼット 防音効果,0,3,0.0%,17.7
https://bouon-lab.com/posts/closet-diy-soundproof-room/,クローゼット 防音室 自作,0,3,0.0%,15.7
https://bouon-lab.com/posts/diy-soundproofing-tips/,イレクターパイプ 防音室,0,3,0.0%,10.7
https://bouon-lab.com/posts/diy-soundproofing-tips/,防音 diy,0,3,0.0%,39.3
https://bouon-lab.com/posts/diy-wall-soundproofing-room-guide/,部屋を防音にしたい 簡単,0,3,0.0%,77.3
https://bouon-lab.com/posts/diy-wall-soundproofing-room-guide/,部屋を防音室に したい,0,3,0.0%,20.3
https://bouon-lab.com/posts/diy-wall-soundproofing-room-guide/,防音壁 自作,0,3,0.0%,59.7
https://bouon-lab.com/posts/gamer-acoustic-placement/,吸音材 貼り方 位置,0,3,0.0%,23.7
https://bouon-lab.com/posts/gamer-bouon-room-select/,簡易 防音室 ゲーム,0,3,0.0%,64.3
https://bouon-lab.com/posts/grobal-soundproof-marketcheck/,防音キャビネット市場,0,3,0.0%,57.0
https://bouon-lab.com/posts/keyboard-sound-streaming-soundproof-guide/,ゲーミングキーボード 音,0,3,0.0%,1.0
https://bouon-lab.com/posts/kobe-soundproof-rental-guide/,防音工事 神戸,0,3,0.0%,68.7
https://bouon-lab.com/posts/million-yen-soundproof-room-professional/,防音室 dr-100,0,3,0.0%,21.3
https://bouon-lab.com/posts/musision-soundproof-rental-review/,ミュージション 審査,0,3,0.0%,11.3
https://bouon-lab.com/posts/one-room-streaming-soundproof/,1k 防音対策,0,3,0.0%,52.7
https://bouon-lab.com/posts/one-room-streaming-soundproof/,配信 防音対策,0,3,0.0%,71.7
https://bouon-lab.com/posts/osaka-soundproof-rental-guide/,大阪 防音室 賃貸,0,3,0.0%,34.0
https://bouon-lab.com/posts/osaka-soundproof-rental-guide/,防音室 大阪 賃貸,0,3,0.0%,34.7
https://bouon-lab.com/posts/osaka-soundproof-rental-guide/,防音室 物件 大阪,0,3,0.0%,43.0
https://bouon-lab.com/posts/osaka-soundproof-rental-guide/,防音室 賃貸 関西,0,3,0.0%,43.0
https://bouon-lab.com/posts/piano-proofroom-select-guide/,ピアノ 防音パネル 意味ない,0,3,0.0%,75.0
https://bouon-lab.com/posts/proofroom-aircondition-select/,防音室 エアコン おすすめ,0,3,0.0%,21.3
https://bouon-lab.com/posts/saitama-soundproof-rental-guide/,防音 アパート 埼玉,0,3,0.0%,47.3
https://bouon-lab.com/posts/sound-sensitivity-misophonia-coping-guide/,聴覚過敏 治し方,0,3,0.0%,99.7
https://bouon-lab.com/posts/sound-sensitivity-misophonia-coping-guide/,音過敏症,0,3,0.0%,88.3
https://bouon-lab.com/posts/soundproof-performance-dr-standard/,d値とは,0,3,0.0%,82.0
https://bouon-lab.com/posts/soundproof-room-cheapest/,防音室 値段 安い,0,3,0.0%,13.7
https://bouon-lab.com/posts/soundproof-room-diy-complete-manual/,防音室 6畳 自作,0,3,0.0%,68.3
https://bouon-lab.com/posts/soundproof-room-diy-complete-manual/,防音部屋 自作,0,3,0.0%,61.0
https://bouon-lab.com/posts/soundproof-room-price-complete-guide-2025/,防音室 値段 6畳,0,3,0.0%,82.7
https://bouon-lab.com/posts/soundproof-room-price-complete-guide-2025/,防音室値段,0,3,0.0%,50.3
https://bouon-lab.com/posts/soundproof-room-small-size/,防音室 10畳,0,3,0.0%,43.0
https://bouon-lab.com/posts/soundproof-subsidy-system-list/,防音 補助金,0,3,0.0%,1.0
https://bouon-lab.com/posts/soundproof-subsidy-tokyo-osaka/,防音工事 補助金,0,3,0.0%,84.7
https://bouon-lab.com/posts/soundproof-subsidy-tokyo-osaka/,防音工事補助金,0,3,0.0%,55.3
https://bouon-lab.com/posts/spot-cooler-gaming-streamer/,防音室 スポットクーラー,0,3,0.0%,15.0
https://bouon-lab.com/posts/streamer-proofroom-choicetech/,賃貸 配信 防音,0,3,0.0%,36.3
https://bouon-lab.com/posts/streamer-proofroom-choicetech/,配信者 賃貸,0,3,0.0%,25.0
https://bouon-lab.com/posts/streamer-proofroom-choicetech/,配信部屋 防音 賃貸,0,3,0.0%,30.7
https://bouon-lab.com/posts/streamer-proofroom-setting/,配信部屋,0,3,0.0%,61.7
https://bouon-lab.com/posts/streamer-proofroom-setting/,防音室 自作 ゲーム,0,3,0.0%,79.0
https://bouon-lab.com/posts/vtuber-family-privacy-rules/,親フラ対策,0,3,0.0%,9.7
https://bouon-lab.com/posts/vtuber-proofroom-knowledge/,vtuber 防音,0,3,0.0%,39.0
https://bouon-lab.com/posts/web-meeting-voice-soundleak-prevention/,web会議 うるさい,0,3,0.0%,53.7
https://bouon-lab.com/tags/%E3%82%B5%E3%83%83%E3%82%AF%E3%82%B9/,防音室 サックス,0,3,0.0%,85.7
https://bouon-lab.com/tags/%E4%BD%8F%E5%AE%85%E9%98%B2%E9%9F%B3%E5%B7%A5%E4%BA%8B/,防音工事 補助金,0,3,0.0%,71.0
https://bouon-lab.com/tags/%E5%90%8C%E6%A3%B2/,同棲 防音,0,3,0.0%,51.3
https://bouon-lab.com/tags/%E8%8B%A6%E6%83%85/,防音室 苦情,0,3,0.0%,43.3
https://bouon-lab.com/en/posts/bouon-kujyou-taisaku/,neighbor's response explained,0,2,0.0%,15.0
https://bouon-lab.com/en/posts/bouonroom-tettei-kaisetsu/,what is a soundproof room,0,2,0.0%,82.0
https://bouon-lab.com/en/posts/building-code-reform-2025-soundproof/,japan building code changes news today,0,2,0.0%,2.0
https://bouon-lab.com/en/posts/building-code-reform-2025-soundproof/,japan building code update news,0,2,0.0%,4.5
https://bouon-lab.com/en/posts/building-code-reform-2025-soundproof/,japan building code update today,0,2,0.0%,4.5
https://bouon-lab.com/en/posts/building-code-reform-2025-soundproof/,japan building standards law news december 2025,0,2,0.0%,6.0
https://bouon-lab.com/en/posts/building-code-reform-2025-soundproof/,japan building standards law news today 2025,0,2,0.0%,2.5
https://bouon-lab.com/en/posts/building-code-reform-2025-soundproof/,japan building standards law revision 2025 news,0,2,0.0%,2.0
https://bouon-lab.com/en/posts/noise-canceling-headphones-sleep/,sleeping with noise canceling headphones,0,2,0.0%,50.5
https://bouon-lab.com/en/posts/noise-regulation-update-2025/,japan building standards act revision news today,0,2,0.0%,6.0
https://bouon-lab.com/en/posts/noise-regulation-update-2025/,japan building standards law update 2025 news today,0,2,0.0%,10.5
https://bouon-lab.com/en/posts/noise-regulation-update-2025/,japan building standards law update news,0,2,0.0%,12.0
https://bouon-lab.com/en/posts/noise-regulation-update-2025/,mlit building regulation news,0,2,0.0%,3.0
https://bouon-lab.com/en/posts/noise-regulation-update-2025/,noise regulation japan news,0,2,0.0%,5.0
https://bouon-lab.com/en/posts/rt60-reverberation-measurement-guide/,how to measure rt60 in practice room eq wizard tutorial,0,2,0.0%,18.0
https://bouon-lab.com/en/posts/rt60-reverberation-measurement-guide/,practical guide to measuring rt60 reverberation time,0,2,0.0%,17.0
https://bouon-lab.com/en/posts/rt60-reverberation-measurement-guide/,recommended rt60 small control room 0.2 0.3 seconds,0,2,0.0%,10.0
https://bouon-lab.com/en/posts/soundproof-room-cheapest/,best cheap way to soundproof a room,0,2,0.0%,64.5
https://bouon-lab.com/en/posts/soundproof-room-cheapest/,how expensive is it to soundproof a room,0,2,0.0%,69.5
https://bouon-lab.com/en/posts/soundproof-room-cheapest/,how to soundproof a room on a budget,0,2,0.0%,63.0
https://bouon-lab.com/en/posts/soundproof-room-diy-cost/,cost of soundproofing a room,0,2,0.0%,72.0
https://bouon-lab.com/en/posts/soundproof-room-diy-cost/,how expensive is it to soundproof a room,0,2,0.0%,43.0
https://bouon-lab.com/en/posts/soundproof-room-diy-cost/,how much does it cost to make a room soundproof,0,2,0.0%,68.5
https://bouon-lab.com/en/posts/soundproof-room-diy-cost/,how much does it cost to sound proof a room,0,2,0.0%,69.5
https://bouon-lab.com/en/posts/soundproof-room-diy-cost/,how much is it to soundproof a room,0,2,0.0%,62.0
https://bouon-lab.com/en/posts/soundproof-room-diy-cost/,price of soundproofing a room,0,2,0.0%,96.5
https://bouon-lab.com/en/posts/soundproof-room-diy-cost/,soundproof rooms cost,0,2,0.0%,81.5
https://bouon-lab.com/en/posts/soundproof-room-humidifier-guide/,iris ohyama dce-6515 noise db,0,2,0.0%,9.0
https://bouon-lab.com/en/posts/soundproof-room-price-complete-guide-2025/,soundproof a room cost,0,2,0.0%,58.0
https://bouon-lab.com/en/posts/soundproof-room-price-market/,how expensive is it to soundproof a room,0,2,0.0%,87.0
https://bouon-lab.com/en/posts/soundproof-room-rental-cost/,sound proof room for rent,0,2,0.0%,87.5
https://bouon-lab.com/en/posts/soundproof-subsidy-news-2025/,japan insulation subsidy news,0,2,0.0%,2.0
https://bouon-lab.com/en/posts/vibration-isolation-technology-trend/,special and nano buildings vibration control,0,2,0.0%,48.0
https://bouon-lab.com/en/posts/yamaha-avitecs-cefine-ns-guide/,avitecs,0,2,0.0%,6.5
https://bouon-lab.com/en/posts/yamaha-avitecs-cefine-ns-guide/,yamaha avitecs,0,2,0.0%,7.5
https://bouon-lab.com/en/tags/online-shopping/,bouon,0,2,0.0%,9.5
https://bouon-lab.com/posts/absorption-vs-soundproofing-materials/,防音 遮音 吸音 順番,0,2,0.0%,21.5
https://bouon-lab.com/posts/airport-soundproof-subsidy/,防音工事 補助金,0,2,0.0%,95.0
https://bouon-lab.com/posts/bouon-dchiseinou-meyasu/,d値とは,0,2,0.0%,40.0
https://bouon-lab.com/posts/bouon-dchiseinou-meyasu/,遮音値とは,0,2,0.0%,95.0
https://bouon-lab.com/posts/bouon-kanki-taisaku/,防音室 暑さ対策,0,2,0.0%,28.5
https://bouon-lab.com/posts/bouon-kanki-taisaku/,防音室 湿度,0,2,0.0%,24.5
https://bouon-lab.com/posts/bouon-osusume-hikaku/,防音室 比較,0,2,0.0%,14.5
https://bouon-lab.com/posts/bouon-price-souba/,防音室 いくら,0,2,0.0%,52.5
https://bouon-lab.com/posts/bouon-price-souba/,防音室いくら,0,2,0.0%,68.0
https://bouon-lab.com/posts/bouon-size-choice/,防音室 2畳 サイズ,0,2,0.0%,11.0
https://bouon-lab.com/posts/bouonrental-market-research2025/,日本の防音市場,0,2,0.0%,81.5
https://bouon-lab.com/posts/bouonroom-tettei-kaisetsu/,防音室 仕組み,0,2,0.0%,16.0
https://bouon-lab.com/posts/cable-noise-ground-loop-prevention/,アースループ,0,2,0.0%,57.5
https://bouon-lab.com/posts/closet-diy-soundproof-room/,ウォークインクローゼット 防音室,0,2,0.0%,43.5
https://bouon-lab.com/posts/closet-diy-soundproof-room/,クローゼット 防音,0,2,0.0%,35.5
https://bouon-lab.com/posts/diy-soundproofing-tips/,防音 diy 賃貸,0,2,0.0%,40.5
https://bouon-lab.com/posts/diy-soundproofing-tips/,防音ブース 自作,0,2,0.0%,18.0
https://bouon-lab.com/posts/diy-soundproofing-tips/,防音室 diy,0,2,0.0%,38.0
https://bouon-lab.com/posts/diy-soundproofing-tips/,防音室 自作 プラダン,0,2,0.0%,25.5
https://bouon-lab.com/posts/diy-wall-soundproofing-room-guide/,防音 部屋 自作,0,2,0.0%,57.0
https://bouon-lab.com/posts/diy-wall-soundproofing-room-guide/,防音部屋 自作,0,2,0.0%,68.0
https://bouon-lab.com/posts/diy-wall-soundproofing-room-guide/,防音部屋の作り方,0,2,0.0%,73.5
https://bouon-lab.com/posts/drum-soundproof-room/,防音 室 ドラム,0,2,0.0%,82.5
https://bouon-lab.com/posts/electronic-drum-vibration/,ディスク ふにゃふにゃシステム 苦情,0,2,0.0%,15.0
https://bouon-lab.com/posts/gamer-bouon-room-select/,簡易防音室 ゲーム,0,2,0.0%,58.5
https://bouon-lab.com/posts/gamer-bouon-room-select/,防音室 ゲーム,0,2,0.0%,69.5
https://bouon-lab.com/posts/guitar-soundproof-room-selection-guide/,防音室 ギター,0,2,0.0%,61.0
https://bouon-lab.com/posts/kanagawa-soundproof-rental-guide/,神奈川 防音 賃貸,0,2,0.0%,37.0
https://bouon-lab.com/posts/kanagawa-soundproof-rental-guide/,神奈川 防音室 賃貸,0,2,0.0%,32.5
https://bouon-lab.com/posts/kanagawa-soundproof-rental-guide/,賃貸 防音 神奈川,0,2,0.0%,43.5
https://bouon-lab.com/posts/kanagawa-soundproof-rental-guide/,防音 マンション 神奈川,0,2,0.0%,40.0
https://bouon-lab.com/posts/kanagawa-soundproof-rental-guide/,防音 賃貸マンション 神奈川,0,2,0.0%,44.5
https://bouon-lab.com/posts/kanagawa-soundproof-rental-guide/,防音室 賃貸 横浜,0,2,0.0%,44.5
https://bouon-lab.com/posts/kanagawa-soundproof-rental-guide/,防音賃貸 横浜 防音室,0,2,0.0%,46.0
https://bouon-lab.com/posts/keyboard-sound-streaming-soundproof-guide/,キーボード うるさい 対策,0,2,0.0%,34.5
https://bouon-lab.com/posts/keyboard-sound-streaming-soundproof-guide/,キーボード 音 うるさい 対策,0,2,0.0%,21.0
https://bouon-lab.com/posts/keyboard-sound-streaming-soundproof-guide/,キーボード音 対策,0,2,0.0%,28.0
https://bouon-lab.com/posts/keyboard-sound-streaming-soundproof-guide/,ゲーミングキーボード 打鍵音,0,2,0.0%,1.0
https://bouon-lab.com/posts/keyboard-sound-streaming-soundproof-guide/,配信 キーボード音 消す,0,2,0.0%,9.0
https://bouon-lab.com/posts/kobe-soundproof-rental-guide/,賃貸 神戸 防音,0,2,0.0%,36.0
https://bouon-lab.com/posts/musision-soundproof-rental-review/,musision,0,2,0.0%,39.5
https://bouon-lab.com/posts/one-room-streaming-soundproof/,ワンルーム 防音,0,2,0.0%,51.5
https://bouon-lab.com/posts/one-room-streaming-soundproof/,ワンルーム 騒音,0,2,0.0%,53.5
https://bouon-lab.com/posts/one-room-streaming-soundproof/,一人暮らし 防音,0,2,0.0%,82.5
https://bouon-lab.com/posts/one-room-streaming-soundproof/,配信 部屋 防音,0,2,0.0%,93.5
https://bouon-lab.com/posts/one-room-streaming-soundproof/,配信 防音,0,2,0.0%,72.0
https://bouon-lab.com/posts/osaka-soundproof-rental-guide/,大阪 賃貸 防音室,0,2,0.0%,38.0
https://bouon-lab.com/posts/osaka-soundproof-rental-guide/,大阪 防音,0,2,0.0%,61.0
https://bouon-lab.com/posts/osaka-soundproof-rental-guide/,防音 大阪,0,2,0.0%,77.0
https://bouon-lab.com/posts/osaka-soundproof-rental-guide/,防音賃貸 大阪,0,2,0.0%,53.0
https://bouon-lab.com/posts/piano-proofroom-select-guide/,防音室 ピアノ,0,2,0.0%,78.0
https://bouon-lab.com/posts/rental-proofroom-contractcheck/,簡易 防音室 賃貸 許可,0,2,0.0%,11.5
https://bouon-lab.com/posts/rental-unit-soundproof-room/,otodasu 賃貸 許可,0,2,0.0%,23.0
https://bouon-lab.com/posts/saxophone-practice-apartment/,サックス マンション,0,2,0.0%,71.0
https://bouon-lab.com/posts/saxophone-practice-apartment/,サックス 防音,0,2,0.0%,39.0
https://bouon-lab.com/posts/saxophone-practice-apartment/,サックス 防音室,0,2,0.0%,52.0
https://bouon-lab.com/posts/saxophone-practice-apartment/,サックス 防音対策,0,2,0.0%,22.5
https://bouon-lab.com/posts/saxophone-practice-apartment/,防音室 サックス,0,2,0.0%,85.5
https://bouon-lab.com/posts/sendai-soundproof-rental-guide/,仙台 防音 賃貸,0,2,0.0%,33.5
https://bouon-lab.com/posts/sound-insulation-vs-absorption/,吸音 防音 違い,0,2,0.0%,74.0
https://bouon-lab.com/posts/sound-sensitivity-misophonia-coping-guide/,音に過敏 イライラ 対処法,0,2,0.0%,68.5
https://bouon-lab.com/posts/soundproof-material-selection-purchase-guide/,防音室 自作 おすすめ 素材,0,2,0.0%,48.0
https://bouon-lab.com/posts/soundproof-room-cheapest/,防音室 最安,0,2,0.0%,10.5
https://bouon-lab.com/posts/soundproof-room-diy-complete-manual/,diy 防音室,0,2,0.0%,56.0
https://bouon-lab.com/posts/soundproof-room-diy-complete-manual/,自作防音室,0,2,0.0%,51.0
https://bouon-lab.com/posts/soundproof-room-diy-cost/,防音室 diy 費用,0,2,0.0%,2.0
https://bouon-lab.com/posts/soundproof-room-large-size/,防音室 グランドピアノ,0,2,0.0%,76.5
https://bouon-lab.com/posts/soundproof-room-loan/,防音室 ローン,0,2,0.0%,11.0
https://bouon-lab.com/posts/soundproof-room-moving/,防音室 移設 費用,0,2,0.0%,25.0
https://bouon-lab.com/posts/soundproof-room-price-complete-guide-2025/,防音室 100万,0,2,0.0%,43.5
https://bouon-lab.com/posts/soundproof-room-price-complete-guide-2025/,防音室 工事 見積もり,0,2,0.0%,63.0
https://bouon-lab.com/posts/soundproof-room-price-complete-guide/,防音 室 値段,0,2,0.0%,64.5
https://bouon-lab.com/posts/soundproof-room-price-complete-guide/,防音室 工事 見積もり,0,2,0.0%,98.0
https://bouon-lab.com/posts/soundproof-room-price-market/,防音室 4.5畳,0,2,0.0%,33.5
https://bouon-lab.com/posts/soundproof-room-rental-cost/,防音室 サブスク,0,2,0.0%,16.0
https://bouon-lab.com/posts/soundproof-room-small-size/,防音室 1畳,0,2,0.0%,30.5
https://bouon-lab.com/posts/soundproof-room-wifi-guide/,防音室 wi-fi,0,2,0.0%,11.0
https://bouon-lab.com/posts/soundproof-subsidy-check-guide/,防音サッシ 補助金,0,2,0.0%,1.0
https://bouon-lab.com/posts/soundproof-subsidy-three-cases/,自衛隊 騒音 補助金,0,2,0.0%,1.0
https://bouon-lab.com/posts/soundproof-subsidy-zero-cost/,防音工事 補助金,0,2,0.0%,64.0
https://bouon-lab.com/posts/soundproof-wall-construction-guide/,リフォーム 防音壁,0,2,0.0%,74.0
https://bouon-lab.com/posts/streamer-proofroom-choicetech/,ゲーム配信 防音,0,2,0.0%,96.5
https://bouon-lab.com/posts/streamer-proofroom-choicetech/,配信者 賃貸 防音,0,2,0.0%,23.5
https://bouon-lab.com/posts/streamer-proofroom-choicetech/,防音室 おすすめ 配信,0,2,0.0%,39.0
https://bouon-lab.com/posts/streamer-proofroom-choicetech/,防音室 配信用,0,2,0.0%,77.5
https://bouon-lab.com/posts/streamer-proofroom-setting/,配信 防音,0,2,0.0%,65.0
https://bouon-lab.com/posts/streaming-room-layout-examples/,配信者 部屋,0,2,0.0%,58.0
https://bouon-lab.com/posts/telework-child-voice-noisy/,テレワーク 家族 うるさい,0,2,0.0%,50.0
https://bouon-lab.com/posts/treadmill-apartment-soundproofing-layering/,マンション ランニングマシン うるさい,0,2,0.0%,29.0
https://bouon-lab.com/posts/utau-te-mita-vocal-booth-design/,ボーカル ブース,0,2,0.0%,73.5
https://bouon-lab.com/posts/vtuber-family-privacy-rules/,親フラ 対策,0,2,0.0%,9.0
https://bouon-lab.com/posts/vtuber-rental-apartment-guide/,otodasu だんぼっち 比較,0,2,0.0%,59.0
https://bouon-lab.com/posts/web-meeting-voice-soundleak-prevention/,web 会議 うるさい,0,2,0.0%,51.0
https://bouon-lab.com/posts/wooden-apartment-soundproof-guide/,木造アパート 音 気にならない,0,2,0.0%,49.5
https://bouon-lab.com/tags/%E3%83%8F%E3%83%A0%E3%83%8E%E3%82%A4%E3%82%BA/,ハムノイズ,0,2,0.0%,73.0
https://bouon-lab.com/tags/%E3%83%95%E3%83%AB%E3%83%BC%E3%83%88/,フルート 防音,0,2,0.0%,63.0
https://bouon-lab.com/tags/%E8%A6%AA%E3%83%95%E3%83%A9/,親フラとは,0,2,0.0%,60.5
https://bouon-lab.com/tags/%E9%98%B2%E9%9F%B3%E5%AE%A4%E7%9B%B8%E5%A0%B4/,防音 室 値段,0,2,0.0%,72.0
https://bouon-lab.com/tags/%E9%98%B2%E9%9F%B3%E5%AE%A4-%E3%83%89%E3%83%A9%E3%83%A0/,防音室 ドラム,0,2,0.0%,93.0
https://bouon-lab.com/tags/%E9%98%B2%E9%9F%B3%E6%8F%9B%E6%B0%97%E6%89%87/,防音室 換気扇,0,2,0.0%,58.0
https://bouon-lab.com/tags/%E9%9B%BB%E5%AD%90%E3%83%89%E3%83%A9%E3%83%A0/,防音室 電子ドラム,0,2,0.0%,47.0
https://bouon-lab.com/tags/%E9%9B%BB%E5%AD%90%E3%83%89%E3%83%A9%E3%83%A0/,電子ドラム 防音室,0,2,0.0%,87.5
https://bouon-lab.com/,音 ラボ,0,1,0.0%,94.0
https://bouon-lab.com/categories/%E5%B8%82%E5%A0%B4%E3%83%8B%E3%83%A5%E3%83%BC%E3%82%B9/,低周波吸音断熱材市場,0,1,0.0%,98.0
https://bouon-lab.com/categories/%E9%85%8D%E4%BF%A1%E3%82%AF%E3%83%AA%E3%82%A8%E3%82%A4%E3%82%BF%E3%83%BC%E5%90%91%E3%81%91/,vtuber 防音対策,0,1,0.0%,51.0
https://bouon-lab.com/en/,hyperacusis,0,1,0.0%,15.0
https://bouon-lab.com/en/posts/acoustic-material-new-trend-2025/,japan acoustic insulation market,0,1,0.0%,19.0
https://bouon-lab.com/en/posts/bouon-kujyou-taisaku/,noise complaint japan,0,1,0.0%,23.0
https://bouon-lab.com/en/posts/bouon-kujyou-taisaku/,noise in japan,0,1,0.0%,100.0
https://bouon-lab.com/en/posts/bouon-kujyou-taisaku/,要約して,0,1,0.0%,1.0
https://bouon-lab.com/en/posts/bouon-osusume-hikaku/,yamaha soundproof room,0,1,0.0%,21.0
https://bouon-lab.com/en/posts/bouon-price-souba/,homeguide cost to soundproof a room 2025,0,1,0.0%,11.0
https://bouon-lab.com/en/posts/bouon-price-souba/,how much is a soundproof room,0,1,0.0%,52.0
https://bouon-lab.com/en/posts/bouonroom-tettei-kaisetsu/,sound room meaning,0,1,0.0%,36.0
https://bouon-lab.com/en/posts/bouonroom-tettei-kaisetsu/,soundproof room,0,1,0.0%,44.0
https://bouon-lab.com/en/posts/bouontech-trendnews2025/,soundproofing news 2025,0,1,0.0%,5.0
https://bouon-lab.com/en/posts/building-code-reform-2025-soundproof/,building code japan 2025 news,0,1,0.0%,4.0
https://bouon-lab.com/en/posts/building-code-reform-2025-soundproof/,building code japan news,0,1,0.0%,3.0
https://bouon-lab.com/en/posts/building-code-reform-2025-soundproof/,building code japan news 2025,0,1,0.0%,5.0
https://bouon-lab.com/en/posts/building-code-reform-2025-soundproof/,building code japan news today 2025,0,1,0.0%,2.0
https://bouon-lab.com/en/posts/building-code-reform-2025-soundproof/,japan building code energy efficiency 2025 news today,0,1,0.0%,1.0
https://bouon-lab.com/en/posts/building-code-reform-2025-soundproof/,japan building code insulation 2025 news,0,1,0.0%,4.0
https://bouon-lab.com/en/posts/building-code-reform-2025-soundproof/,japan building code news 2025 today,0,1,0.0%,2.0
https://bouon-lab.com/en/posts/building-code-reform-2025-soundproof/,japan building code reform news today,0,1,0.0%,2.0
https://bouon-lab.com/en/posts/building-code-reform-2025-soundproof/,japan building code regulation news today,0,1,0.0%,2.0
https://bouon-lab.com/en/posts/building-code-reform-2025-soundproof/,japan building code revision 2025 news,0,1,0.0%,3.0
https://bouon-lab.com/en/posts/building-code-reform-2025-soundproof/,japan building code revision news today,0,1,0.0%,2.0
https://bouon-lab.com/en/posts/building-code-reform-2025-soundproof/,japan building code update news today,0,1,0.0%,2.0
https://bouon-lab.com/en/posts/building-code-reform-2025-soundproof/,japan building code updates news 2025,0,1,0.0%,3.0
https://bouon-lab.com/en/posts/building-code-reform-2025-soundproof/,japan building code ventilation news,0,1,0.0%,2.0
https://bouon-lab.com/en/posts/building-code-reform-2025-soundproof/,japan building codes news,0,1,0.0%,2.0
https://bouon-lab.com/en/posts/building-code-reform-2025-soundproof/,japan building energy efficiency standards 2025 news,0,1,0.0%,4.0
https://bouon-lab.com/en/posts/building-code-reform-2025-soundproof/,japan building standards act amendment 2025 news,0,1,0.0%,7.0
https://bouon-lab.com/en/posts/building-code-reform-2025-soundproof/,japan building standards law update 2025 news today,0,1,0.0%,1.0
https://bouon-lab.com/en/posts/building-code-reform-2025-soundproof/,japan building standards news december 2025,0,1,0.0%,11.0
https://bouon-lab.com/en/posts/building-code-reform-2025-soundproof/,japan building standards news today,0,1,0.0%,2.0
https://bouon-lab.com/en/posts/building-code-reform-2025-soundproof/,tokyo building code updates 2025 news,0,1,0.0%,4.0
https://bouon-lab.com/en/posts/building-code-reform-2025-soundproof/,はい、詳しく教えてください,0,1,0.0%,10.0
https://bouon-lab.com/en/posts/diy-vocal-soundproof-mask/,soundproof mask,0,1,0.0%,34.0
https://bouon-lab.com/en/posts/free-cardboard-soundproof-tech/,does cardboard absorb sound,0,1,0.0%,48.0
https://bouon-lab.com/en/posts/inner-window-double-window-market-news/,mlit housing subsidy news,0,1,0.0%,12.0
https://bouon-lab.com/en/posts/noise-regulation-update-2025/,acoustic noise regulation news,0,1,0.0%,8.0
https://bouon-lab.com/en/posts/noise-regulation-update-2025/,acoustics noise regulation news,0,1,0.0%,9.0
https://bouon-lab.com/en/posts/noise-regulation-update-2025/,building noise regulation news,0,1,0.0%,6.0
https://bouon-lab.com/en/posts/noise-regulation-update-2025/,japan noise regulation news today,0,1,0.0%,7.0
https://bouon-lab.com/en/posts/noise-regulation-update-2025/,mlit construction regulation news,0,1,0.0%,6.0
https://bouon-lab.com/en/posts/noise-regulation-update-2025/,soundproofing building code news,0,1,0.0%,6.0
https://bouon-lab.com/en/posts/piano-proofroom-select-guide/,strategic placement,0,1,0.0%,6.0
https://bouon-lab.com/en/posts/podcast-casterproof-micsetting/,condenser mic vs dynamic mic for podcasting,0,1,0.0%,84.0
https://bouon-lab.com/en/posts/podcast-casterproof-micsetting/,condenser vs dynamic mic for streaming,0,1,0.0%,64.0
https://bouon-lab.com/en/posts/podcast-casterproof-micsetting/,dynamic or condenser mic for streaming,0,1,0.0%,62.0
https://bouon-lab.com/en/posts/proofroom-price2025-research/,soundproofing research news 2025,0,1,0.0%,10.0
https://bouon-lab.com/en/posts/rt60-reverberation-measurement-guide/,buzzispace rt60,0,1,0.0%,8.0
https://bouon-lab.com/en/posts/rt60-reverberation-measurement-guide/,how to measure rt60 in practice,0,1,0.0%,20.0
https://bouon-lab.com/en/posts/rt60-reverberation-measurement-guide/,how to measure rt60 reverberation time in practice room eq wizard,0,1,0.0%,20.0
https://bouon-lab.com/en/posts/rt60-reverberation-measurement-guide/,how to measure rt60 reverberation time practical guide,0,1,0.0%,18.0
https://bouon-lab.com/en/posts/rt60-reverberation-measurement-guide/,how to measure rt60 room eq wizard practical guide,0,1,0.0%,19.0
https://bouon-lab.com/en/posts/soundproof-performance-drum/,lab soundproofing case,0,1,0.0%,58.0
https://bouon-lab.com/en/posts/soundproof-performance-piano/,decibel piano,0,1,0.0%,64.0
https://bouon-lab.com/en/posts/soundproof-performance-piano/,piano decibel,0,1,0.0%,35.0
https://bouon-lab.com/en/posts/soundproof-performance-piano/,piano decibels,0,1,0.0%,39.0
https://bouon-lab.com/en/posts/soundproof-performance-piano/,piano soundproofing,0,1,0.0%,41.0
https://bouon-lab.com/en/posts/soundproof-performance-piano/,soundproof piano,0,1,0.0%,46.0
https://bouon-lab.com/en/posts/soundproof-performance-piano/,soundproofing for piano,0,1,0.0%,41.0
https://bouon-lab.com/en/posts/soundproof-room-cheapest/,cheapest way to soundproof room,0,1,0.0%,61.0
https://bouon-lab.com/en/posts/soundproof-room-cheapest/,how can i soundproof a room cheaply?,0,1,0.0%,87.0
https://bouon-lab.com/en/posts/soundproof-room-cheapest/,how much does it cost to make a room soundproof,0,1,0.0%,49.0
https://bouon-lab.com/en/posts/soundproof-room-cheapest/,how to soundproof a room for cheap,0,1,0.0%,84.0
https://bouon-lab.com/en/posts/soundproof-room-cheapest/,how to soundproof room cheap,0,1,0.0%,86.0
https://bouon-lab.com/en/posts/soundproof-room-cheapest/,inexpensive way to soundproof a room,0,1,0.0%,75.0
https://bouon-lab.com/en/posts/soundproof-room-diy-cost/,average cost to soundproof a room,0,1,0.0%,81.0
https://bouon-lab.com/en/posts/soundproof-room-diy-cost/,cost soundproof room,0,1,0.0%,84.0
https://bouon-lab.com/en/posts/soundproof-room-diy-cost/,cost to make a room soundproof,0,1,0.0%,48.0
https://bouon-lab.com/en/posts/soundproof-room-diy-cost/,cost to soundproof a house,0,1,0.0%,80.0
https://bouon-lab.com/en/posts/soundproof-room-diy-cost/,how much does a soundproof room cost,0,1,0.0%,80.0
https://bouon-lab.com/en/posts/soundproof-room-diy-cost/,how much does it cost to make a soundproof room,0,1,0.0%,42.0
https://bouon-lab.com/en/posts/soundproof-room-diy-cost/,how much does it cost to soundproof a bedroom,0,1,0.0%,57.0
https://bouon-lab.com/en/posts/soundproof-room-diy-cost/,how much does it cost to soundproof a house,0,1,0.0%,83.0
https://bouon-lab.com/en/posts/soundproof-room-diy-cost/,how much does it cost to soundproof a small room,0,1,0.0%,75.0
https://bouon-lab.com/en/posts/soundproof-room-diy-cost/,how much is a soundproof room,0,1,0.0%,98.0
https://bouon-lab.com/en/posts/soundproof-room-diy-cost/,how much is sound proofing,0,1,0.0%,70.0
https://bouon-lab.com/en/posts/soundproof-room-diy-cost/,how much will it cost to soundproof a room,0,1,0.0%,81.0
https://bouon-lab.com/en/posts/soundproof-room-diy-cost/,sound proof room making cost,0,1,0.0%,27.0
https://bouon-lab.com/en/posts/soundproof-room-diy-cost/,soundproof a room cost,0,1,0.0%,93.0
https://bouon-lab.com/en/posts/soundproof-room-diy-cost/,soundproofing room hourly rates,0,1,0.0%,22.0
https://bouon-lab.com/en/posts/soundproof-room-price-complete-guide-2025/,how much is a soundproof room,0,1,0.0%,57.0
https://bouon-lab.com/en/posts/soundproof-room-price-complete-guide-2025/,soundproof room cost,0,1,0.0%,10.0
https://bouon-lab.com/en/posts/soundproof-room-price-market/,cost to soundproof a room,0,1,0.0%,95.0
https://bouon-lab.com/en/posts/soundproof-room-rental-cost/,cost to soundproof a room,0,1,0.0%,73.0
https://bouon-lab.com/en/posts/soundproof-room-rental-cost/,how expensive is it to soundproof a room,0,1,0.0%,94.0
https://bouon-lab.com/en/posts/soundproof-room-rental-cost/,how much does it cost to soundproof a bedroom,0,1,0.0%,82.0
https://bouon-lab.com/en/posts/soundproof-room-rental-cost/,how much is sound proof,0,1,0.0%,92.0
https://bouon-lab.com/en/posts/soundproof-room-rental-cost/,how much to soundproof a room,0,1,0.0%,92.0
https://bouon-lab.com/en/posts/soundproof-subsidy-news-2025/,japan housing renovation subsidy news december 2025,0,1,0.0%,4.0
https://bouon-lab.com/en/posts/soundproof-subsidy-news-2025/,window insulation subsidy japan news,0,1,0.0%,5.0
https://bouon-lab.com/en/posts/soundproof-subsidy-news-2025/,お風呂リフォーム補助金,0,1,0.0%,1.0
https://bouon-lab.com/en/posts/soundproof-subsidy-news-2025/,屋根工事 補助金,0,1,0.0%,1.0
https://bouon-lab.com/en/posts/streamer-proofroom-setting/,how to soundproof a room for streaming,0,1,0.0%,20.0
https://bouon-lab.com/en/posts/streamer-proofroom-setting/,streaming soundproofing,0,1,0.0%,20.0
https://bouon-lab.com/en/posts/streamer-rental-selection-guide/,配信,0,1,0.0%,2.0
https://bouon-lab.com/en/posts/treadmill-apartment-soundproofing-layering/,treadmill mat reduce noise apartment,0,1,0.0%,95.0
https://bouon-lab.com/en/tags/market/,soundproof paint market,0,1,0.0%,64.0
https://bouon-lab.com/posts/,otodasu だんぼっち 比較,0,1,0.0%,47.0
https://bouon-lab.com/posts/absorption-vs-soundproofing-materials/,吸音 材 効果,0,1,0.0%,99.0
https://bouon-lab.com/posts/absorption-vs-soundproofing-materials/,吸音 材 防音 材 違い,0,1,0.0%,83.0
https://bouon-lab.com/posts/absorption-vs-soundproofing-materials/,吸音 遮音 違い,0,1,0.0%,78.0
https://bouon-lab.com/posts/absorption-vs-soundproofing-materials/,吸音と遮音,0,1,0.0%,43.0
https://bouon-lab.com/posts/absorption-vs-soundproofing-materials/,吸音材 効果,0,1,0.0%,89.0
https://bouon-lab.com/posts/absorption-vs-soundproofing-materials/,吸音材 効果 ない,0,1,0.0%,19.0
https://bouon-lab.com/posts/absorption-vs-soundproofing-materials/,遮音 吸音 違い,0,1,0.0%,84.0
https://bouon-lab.com/posts/absorption-vs-soundproofing-materials/,遮音材 吸音材 違い,0,1,0.0%,19.0
https://bouon-lab.com/posts/absorption-vs-soundproofing-materials/,防音パネル 効果 ない,0,1,0.0%,84.0
https://bouon-lab.com/posts/acoustic-material-new-trend-2025/,防音材市場,0,1,0.0%,29.0
https://bouon-lab.com/posts/acoustic-material-new-trend-2025/,音響材料市場,0,1,0.0%,55.0
https://bouon-lab.com/posts/acoustic-panel-placement/,吸音材 どこに貼る,0,1,0.0%,32.0
https://bouon-lab.com/posts/airport-soundproof-subsidy/,飛行機 騒音 補助金,0,1,0.0%,64.0
https://bouon-lab.com/posts/asmr-proofroom-guide/,無声音 asmr,0,1,0.0%,31.0
https://bouon-lab.com/posts/asmr-soundproof-environment-guide/,環境音 asmr 作り方,0,1,0.0%,10.0
https://bouon-lab.com/posts/bass-trap-installation-guide/,ベーストラップとは,0,1,0.0%,15.0
https://bouon-lab.com/posts/bouon-dchiseinou-meyasu/,120db どのくらい,0,1,0.0%,40.0
https://bouon-lab.com/posts/bouon-dchiseinou-meyasu/,カラオケ 防音 どれくらい,0,1,0.0%,47.0
https://bouon-lab.com/posts/bouon-dchiseinou-meyasu/,防音室 デシベル どのくらい,0,1,0.0%,14.0
https://bouon-lab.com/posts/bouon-kanki-taisaku/,防音室 夏場,0,1,0.0%,29.0
https://bouon-lab.com/posts/bouon-kanki-taisaku/,防音室 換気,0,1,0.0%,17.0
https://bouon-lab.com/posts/bouon-kujyou-taisaku/,騒音苦情 2 回目 謝罪,0,1,0.0%,31.0
https://bouon-lab.com/posts/bouon-osusume-hikaku/,アビテックス セフィーネ 違い,0,1,0.0%,12.0
https://bouon-lab.com/posts/bouon-osusume-hikaku/,防音室 メーカー,0,1,0.0%,26.0
https://bouon-lab.com/posts/bouon-price-souba/,完全防音室 費用,0,1,0.0%,93.0
https://bouon-lab.com/posts/bouon-price-souba/,組み立て式 防音室,0,1,0.0%,14.0
https://bouon-lab.com/posts/bouon-price-souba/,組み立て式防音室,0,1,0.0%,17.0
https://bouon-lab.com/posts/bouon-price-souba/,防音 室 価格,0,1,0.0%,35.0
https://bouon-lab.com/posts/bouon-price-souba/,防音 部屋 費用,0,1,0.0%,99.0
https://bouon-lab.com/posts/bouon-price-souba/,防音室 2畳 レンタル,0,1,0.0%,21.0
https://bouon-lab.com/posts/bouon-price-souba/,防音室 三畳,0,1,0.0%,32.0
https://bouon-lab.com/posts/bouon-price-souba/,防音室 料金,0,1,0.0%,41.0
https://bouon-lab.com/posts/bouon-price-souba/,防音室値段,0,1,0.0%,68.0
https://bouon-lab.com/posts/bouon-setti-checkpoint/,賃貸 防音 室 許可,0,1,0.0%,73.0
https://bouon-lab.com/posts/bouon-setti-checkpoint/,防音 室 マンション 設置,0,1,0.0%,84.0
https://bouon-lab.com/posts/bouon-setti-checkpoint/,防音 室 設置,0,1,0.0%,97.0
https://bouon-lab.com/posts/bouon-setti-checkpoint/,防音室 賃貸 設置,0,1,0.0%,71.0
https://bouon-lab.com/posts/bouon-size-choice/,防音室 2畳,0,1,0.0%,46.0
https://bouon-lab.com/posts/bouon-size-choice/,防音室 サイズ,0,1,0.0%,57.0
https://bouon-lab.com/posts/bouon-size-choice/,防音室 一畳,0,1,0.0%,14.0
https://bouon-lab.com/posts/bouon-size-choice/,防音室 何畳必要,0,1,0.0%,10.0
https://bouon-lab.com/posts/bouon-size-choice/,防音室 大きさ,0,1,0.0%,50.0
https://bouon-lab.com/posts/bouon-size-choice/,防音室 広さ,0,1,0.0%,60.0
https://bouon-lab.com/posts/bouonroom-tettei-kaisetsu/,簡易防音室 効果,0,1,0.0%,19.0
https://bouon-lab.com/posts/bouonroom-tettei-kaisetsu/,防音 室 仕組み,0,1,0.0%,63.0
https://bouon-lab.com/posts/bouonroom-tettei-kaisetsu/,防音 設備,0,1,0.0%,99.0
https://bouon-lab.com/posts/bourenatal-naikencheck/,内見 音漏れ 確認,0,1,0.0%,94.0
https://bouon-lab.com/posts/bourenatal-sinsa-imagipoint/,ミュージション 審査,0,1,0.0%,18.0
https://bouon-lab.com/posts/bourentakl-streamer-settingsetubi/,配信者 賃貸 探し方,0,1,0.0%,47.0
https://bouon-lab.com/posts/bourentakl-streamer-settingsetubi/,配信者 賃貸 防音,0,1,0.0%,43.0
https://bouon-lab.com/posts/bourental-syaouseid-choiceindi/,d値とは,0,1,0.0%,92.0
https://bouon-lab.com/posts/bourental-syaouseid-choiceindi/,防音物件 探し方,0,1,0.0%,42.0
https://bouon-lab.com/posts/budget-soundproof-booth-comparison/,otodasu だんぼっち 比較,0,1,0.0%,43.0
https://bouon-lab.com/posts/building-code-reform-2025-soundproof/,他には,0,1,0.0%,2.0
https://bouon-lab.com/posts/building-code-reform-2025-soundproof/,木造 新築 防音,0,1,0.0%,71.0
https://bouon-lab.com/posts/cable-noise-ground-loop-prevention/,アース ノイズ,0,1,0.0%,90.0
https://bouon-lab.com/posts/cable-noise-ground-loop-prevention/,アース ループ 対策,0,1,0.0%,20.0
https://bouon-lab.com/posts/cable-noise-ground-loop-prevention/,アースループ 対策,0,1,0.0%,18.0
https://bouon-lab.com/posts/cable-noise-ground-loop-prevention/,グラウンドループ,0,1,0.0%,78.0
https://bouon-lab.com/posts/cable-noise-ground-loop-prevention/,グランドループ,0,1,0.0%,75.0
https://bouon-lab.com/posts/chiba-soundproof-rental-guide/,千葉 防音 賃貸,0,1,0.0%,47.0
https://bouon-lab.com/posts/closet-diy-soundproof-room/,宅録 防音 クローゼット,0,1,0.0%,17.0
https://bouon-lab.com/posts/closet-diy-soundproof-room/,防音 クローゼット,0,1,0.0%,50.0
https://bouon-lab.com/posts/diy-soundproofing-tips/,diy 防音,0,1,0.0%,48.0
https://bouon-lab.com/posts/diy-soundproofing-tips/,お金 をかけずに防音 窓,0,1,0.0%,62.0
https://bouon-lab.com/posts/diy-soundproofing-tips/,プラダン 防音 効果,0,1,0.0%,15.0
https://bouon-lab.com/posts/diy-soundproofing-tips/,プラダン 防音 効果,0,1,0.0%,16.0
https://bouon-lab.com/posts/diy-soundproofing-tips/,簡易 防音室 自作,0,1,0.0%,18.0
https://bouon-lab.com/posts/diy-soundproofing-tips/,簡易防音室 自作,0,1,0.0%,18.0
https://bouon-lab.com/posts/diy-soundproofing-tips/,防音 安価,0,1,0.0%,30.0
https://bouon-lab.com/posts/diy-soundproofing-tips/,防音 自作 賃貸,0,1,0.0%,43.0
https://bouon-lab.com/posts/diy-soundproofing-tips/,防音 賃貸 diy,0,1,0.0%,21.0
https://bouon-lab.com/posts/diy-soundproofing-tips/,防音カーテン 自作,0,1,0.0%,33.0
https://bouon-lab.com/posts/diy-soundproofing-tips/,防音室 diy ホームセンター,0,1,0.0%,14.0
https://bouon-lab.com/posts/diy-soundproofing-tips/,防音室 作り方,0,1,0.0%,86.0
https://bouon-lab.com/posts/diy-soundproofing-tips/,防音室 作り方 安い,0,1,0.0%,64.0
https://bouon-lab.com/posts/diy-soundproofing-tips/,防音室 作り方 賃貸,0,1,0.0%,46.0
https://bouon-lab.com/posts/diy-soundproofing-tips/,防音室 自作 賃貸,0,1,0.0%,36.0
https://bouon-lab.com/posts/diy-soundproofing-tips/,防音室 賃貸 diy,0,1,0.0%,21.0
https://bouon-lab.com/posts/diy-soundproofing-tips/,防音室 賃貸 自作,0,1,0.0%,49.0
https://bouon-lab.com/posts/diy-soundproofing-tips/,防音室自作,0,1,0.0%,95.0
https://bouon-lab.com/posts/diy-soundproofing-tips/,防音部屋の作り方,0,1,0.0%,86.0
https://bouon-lab.com/posts/diy-vocal-soundproof-mask/,防音 マスク 自作,0,1,0.0%,31.0
https://bouon-lab.com/posts/diy-wall-soundproofing-room-guide/,部屋 を 防音 に する 方法,0,1,0.0%,46.0
https://bouon-lab.com/posts/diy-wall-soundproofing-room-guide/,部屋 防音にする方法,0,1,0.0%,73.0
https://bouon-lab.com/posts/diy-wall-soundproofing-room-guide/,部屋を防音室にしたい diy,0,1,0.0%,36.0
https://bouon-lab.com/posts/diy-wall-soundproofing-room-guide/,防音 部屋 diy,0,1,0.0%,49.0
https://bouon-lab.com/posts/diy-wall-soundproofing-room-guide/,防音壁,0,1,0.0%,21.0
https://bouon-lab.com/posts/diy-wall-soundproofing-room-guide/,防音壁 diy,0,1,0.0%,37.0
https://bouon-lab.com/posts/diy-wall-soundproofing-room-guide/,防音室 作る,0,1,0.0%,37.0
https://bouon-lab.com/posts/diy-wall-soundproofing-room-guide/,防音室 自作 壁,0,1,0.0%,16.0
https://bouon-lab.com/posts/diy-wall-soundproofing-room-guide/,防音室 自作 失敗,0,1,0.0%,80.0
https://bouon-lab.com/posts/diy-wall-soundproofing-room-guide/,防音部屋 diy,0,1,0.0%,29.0
https://bouon-lab.com/posts/drum-soundproof-room/,プレハブ 防音室 ドラム,0,1,0.0%,45.0
https://bouon-lab.com/posts/gamer-bouon-room-select/,ゲーミング 防音室,0,1,0.0%,39.0
https://bouon-lab.com/posts/gamer-bouon-room-select/,防音室 ゲーム おすすめ,0,1,0.0%,20.0
https://bouon-lab.com/posts/gamer-bouon-room-select/,防音室 配信用,0,1,0.0%,76.0
https://bouon-lab.com/posts/gamesteram-proofroom-soudflash/,ゲーム 声 うるさい 防音,0,1,0.0%,50.0
https://bouon-lab.com/posts/guitar-soundproof-room-selection-guide/,エレキギター 防音室,0,1,0.0%,19.0
https://bouon-lab.com/posts/guitar-soundproof-room-selection-guide/,ギター 防音,0,1,0.0%,84.0
https://bouon-lab.com/posts/instrument-allowed-rental-complaint-trap/,楽器不可 賃貸,0,1,0.0%,50.0
https://bouon-lab.com/posts/instrument-allowed-rental-complaint-trap/,防音室 苦情,0,1,0.0%,33.0
https://bouon-lab.com/posts/kanagawa-soundproof-rental-guide/,神奈川 賃貸 防音,0,1,0.0%,31.0
https://bouon-lab.com/posts/kanagawa-soundproof-rental-guide/,神奈川県 防音 賃貸,0,1,0.0%,28.0
https://bouon-lab.com/posts/kanagawa-soundproof-rental-guide/,神奈川県 防音室 賃貸,0,1,0.0%,40.0
https://bouon-lab.com/posts/kanagawa-soundproof-rental-guide/,防音室付き 賃貸 神奈川,0,1,0.0%,41.0
https://bouon-lab.com/posts/keyboard-sound-streaming-soundproof-guide/,obs キーボード音 消す,0,1,0.0%,51.0
https://bouon-lab.com/posts/keyboard-sound-streaming-soundproof-guide/,キーボード 静かに打つ方法,0,1,0.0%,78.0
https://bouon-lab.com/posts/keyboard-sound-streaming-soundproof-guide/,キーボード 静音化 シート,0,1,0.0%,18.0
https://bouon-lab.com/posts/keyboard-sound-streaming-soundproof-guide/,マイク キーボード音 除去,0,1,0.0%,38.0
https://bouon-lab.com/posts/keyboard-sound-streaming-soundproof-guide/,打鍵音 うるさい 対策,0,1,0.0%,24.0
https://bouon-lab.com/posts/kids-practice-soundproof-room-guide/,ピアノ教室 防音室,0,1,0.0%,82.0
https://bouon-lab.com/posts/kyoto-soundproof-rental-guide/,京都 防音 物件,0,1,0.0%,48.0
https://bouon-lab.com/posts/kyoto-soundproof-rental-guide/,京都 防音室 賃貸,0,1,0.0%,35.0
https://bouon-lab.com/posts/kyoto-soundproof-rental-guide/,京都府 防音 賃貸,0,1,0.0%,61.0
https://bouon-lab.com/posts/musision-soundproof-rental-review/,ミュージション,0,1,0.0%,10.0
https://bouon-lab.com/posts/nitori-soundproof-acoustic-guide/,ニトリ 防音 壁 効果,0,1,0.0%,10.0
https://bouon-lab.com/posts/nitori-soundproof-acoustic-guide/,防音 テント ニトリ,0,1,0.0%,26.0
https://bouon-lab.com/posts/nitori-soundproof-acoustic-guide/,防音シート 窓 ニトリ 効果,0,1,0.0%,27.0
https://bouon-lab.com/posts/nitori-soundproof-acoustic-guide/,防音テント ニトリ,0,1,0.0%,22.0
https://bouon-lab.com/posts/noise-canceling-headphones-sleep/,ノイズキャンセリングイヤホン,0,1,0.0%,2.0
https://bouon-lab.com/posts/one-room-streaming-soundproof/,一人暮らし 防音 ゲーム,0,1,0.0%,17.0
https://bouon-lab.com/posts/one-room-streaming-soundproof/,一人暮らし防音,0,1,0.0%,93.0
https://bouon-lab.com/posts/one-room-streaming-soundproof/,防音 配信,0,1,0.0%,73.0
https://bouon-lab.com/posts/ontouch-soundproof-panel-effective/,ワンタッチ防音壁 2ch,0,1,0.0%,45.0
https://bouon-lab.com/posts/osaka-soundproof-rental-guide/,大阪 賃貸 防音,0,1,0.0%,58.0
https://bouon-lab.com/posts/osaka-soundproof-rental-guide/,大阪 防音室,0,1,0.0%,61.0
https://bouon-lab.com/posts/osaka-soundproof-rental-guide/,防音 スタジオ 賃貸 大阪,0,1,0.0%,9.0
https://bouon-lab.com/posts/osaka-soundproof-rental-guide/,防音 マンション 大阪,0,1,0.0%,69.0
https://bouon-lab.com/posts/osaka-soundproof-rental-guide/,防音 賃貸 関西,0,1,0.0%,43.0
https://bouon-lab.com/posts/piano-proofroom-select-guide/,グランドピアノ 防音室,0,1,0.0%,46.0
https://bouon-lab.com/posts/piano-proofroom-select-guide/,ピアノ防音パネル 意味ない,0,1,0.0%,60.0
https://bouon-lab.com/posts/piano-proofroom-select-guide/,防音室 グランドピアノ,0,1,0.0%,75.0
https://bouon-lab.com/posts/podcast-casterproof-micsetting/,コンデンサーマイク 距離,0,1,0.0%,90.0
https://bouon-lab.com/posts/podcast-casterproof-micsetting/,ダイナミック マイク 距離,0,1,0.0%,60.0
https://bouon-lab.com/posts/podcast-casterproof-micsetting/,ポッドキャストマイク,0,1,0.0%,65.0
https://bouon-lab.com/posts/podcast-casterproof-micsetting/,配信 マイク 位置,0,1,0.0%,73.0
https://bouon-lab.com/posts/proof-doorchoice-setting/,二重窓 防音 どのくらい,0,1,0.0%,77.0
https://bouon-lab.com/posts/proofroom-aircondition-select/,エアコン 防音室,0,1,0.0%,76.0
https://bouon-lab.com/posts/proofroom-aircondition-select/,防音室 冷房,0,1,0.0%,34.0
https://bouon-lab.com/posts/proofroom-aircondition-select/,防音室 空調,0,1,0.0%,35.0
https://bouon-lab.com/posts/proofroom-soudmore-manual/,賃貸 防音室 許可 なぜ,0,1,0.0%,35.0
https://bouon-lab.com/posts/remote-work-family-harmony-soundproof/,テレワーク 家族 うるさい,0,1,0.0%,1.0
https://bouon-lab.com/posts/rental-caution-cello/,チェロ 防音マット,0,1,0.0%,22.0
https://bouon-lab.com/posts/rental-game-soundproof-booth-3man/,ゲーム 防音室 自作,0,1,0.0%,17.0
https://bouon-lab.com/posts/rental-game-soundproof-booth-3man/,賃貸 防音 対策 ゲーム,0,1,0.0%,29.0
https://bouon-lab.com/posts/rental-game-soundproof-booth-3man/,部屋 防音 ゲーム,0,1,0.0%,99.0
https://bouon-lab.com/posts/rental-game-soundproof-booth-3man/,防音室 自作 ゲーム,0,1,0.0%,29.0
https://bouon-lab.com/posts/rental-game-soundproof-booth-3man/,防音工事 ゲーム部屋 見積もり,0,1,0.0%,39.0
https://bouon-lab.com/posts/rental-proofroom-contractcheck/,防音室 工事 賃貸,0,1,0.0%,56.0
https://bouon-lab.com/posts/rental-soundproofing-wall-diy-guide/,賃貸 壁 防音 diy,0,1,0.0%,30.0
https://bouon-lab.com/posts/rental-unit-soundproof-room/,簡易 防音室 賃貸 許可,0,1,0.0%,22.0
https://bouon-lab.com/posts/rental-unit-soundproof-room/,賃貸 防音 室 許可,0,1,0.0%,27.0
https://bouon-lab.com/posts/rental-unit-soundproof-room/,防音室 賃貸 設置,0,1,0.0%,75.0
https://bouon-lab.com/posts/rental-vs-purchase-soundproof-room/,防音室 ローン,0,1,0.0%,57.0
https://bouon-lab.com/posts/rt60-reverberation-measurement-guide/,rt60,0,1,0.0%,11.0
https://bouon-lab.com/posts/rt60-reverberation-measurement-guide/,rt60 definition,0,1,0.0%,15.0
https://bouon-lab.com/posts/saitama-soundproof-rental-guide/,埼玉県 防音室 賃貸,0,1,0.0%,21.0
https://bouon-lab.com/posts/saitama-soundproof-rental-guide/,大宮駅 防音 賃貸,0,1,0.0%,75.0
https://bouon-lab.com/posts/saitama-soundproof-rental-guide/,防音室付き 賃貸 埼玉,0,1,0.0%,42.0
https://bouon-lab.com/posts/saitama-soundproof-rental-guide/,防音工事 埼玉,0,1,0.0%,72.0
https://bouon-lab.com/posts/saxophone-practice-apartment/,アルトサックス マンション,0,1,0.0%,28.0
https://bouon-lab.com/posts/saxophone-practice-apartment/,アルトサックス 物件,0,1,0.0%,75.0
https://bouon-lab.com/posts/saxophone-practice-apartment/,アルトサックス 賃貸,0,1,0.0%,46.0
https://bouon-lab.com/posts/saxophone-practice-apartment/,アルトサックス 防音対策,0,1,0.0%,71.0
https://bouon-lab.com/posts/saxophone-practice-apartment/,サックス 賃貸,0,1,0.0%,24.0
https://bouon-lab.com/posts/sendai-soundproof-rental-guide/,防音 アパート 家賃,0,1,0.0%,11.0
https://bouon-lab.com/posts/sendai-soundproof-rental-guide/,音大生 物件,0,1,0.0%,4.0
https://bouon-lab.com/posts/shared-streaming-studio-growth-pricing-utilization/,asmr 市場規模,0,1,0.0%,4.0
https://bouon-lab.com/posts/sound-insulation-vs-absorption/,吸音材 遮音材 違い グラフ,0,1,0.0%,41.0
https://bouon-lab.com/posts/sound-insulation-vs-absorption/,遮音 吸音 違い,0,1,0.0%,46.0
https://bouon-lab.com/posts/sound-insulation-vs-absorption/,遮音 防音 違い,0,1,0.0%,84.0
https://bouon-lab.com/posts/sound-insulation-vs-absorption/,遮音と吸音,0,1,0.0%,62.0
https://bouon-lab.com/posts/sound-insulation-vs-absorption/,防音 遮音 違い,0,1,0.0%,64.0
https://bouon-lab.com/posts/sound-insulation-vs-absorption/,防音と遮音の違い,0,1,0.0%,68.0
https://bouon-lab.com/posts/sound-sensitivity-misophonia-coping-guide/,音 敏感,0,1,0.0%,88.0
https://bouon-lab.com/posts/sound-sensitivity-misophonia-coping-guide/,音 過敏症,0,1,0.0%,135.0
https://bouon-lab.com/posts/soundproof-material-selection-purchase-guide/,ロックウールボード ホームセンター,0,1,0.0%,24.0
https://bouon-lab.com/posts/soundproof-performance-measurement/,dba dbc 違い,0,1,0.0%,27.0
https://bouon-lab.com/posts/soundproof-performance-measurement/,防音室 自作 効果 測定,0,1,0.0%,12.0
https://bouon-lab.com/posts/soundproof-rental-life-streamer/,配信者 賃貸 防音,0,1,0.0%,42.0
https://bouon-lab.com/posts/soundproof-rental-life-streamer/,配信部屋 防音 賃貸,0,1,0.0%,33.0
https://bouon-lab.com/posts/soundproof-room-buyback-guide/,防音室 買取,0,1,0.0%,41.0
https://bouon-lab.com/posts/soundproof-room-cheapest/,防音室安い,0,1,0.0%,20.0
https://bouon-lab.com/posts/soundproof-room-complete-guide-2025/,防音室 見積もり,0,1,0.0%,91.0
https://bouon-lab.com/posts/soundproof-room-diy-complete-manual/,部屋 防音 diy,0,1,0.0%,38.0
https://bouon-lab.com/posts/soundproof-room-diy-complete-manual/,部屋を防音室にしたい diy,0,1,0.0%,70.0
https://bouon-lab.com/posts/soundproof-room-diy-complete-manual/,防音 diy,0,1,0.0%,57.0
https://bouon-lab.com/posts/soundproof-room-diy-complete-manual/,防音室 自作 失敗,0,1,0.0%,82.0
https://bouon-lab.com/posts/soundproof-room-diy-complete-manual/,防音室自作,0,1,0.0%,81.0
https://bouon-lab.com/posts/soundproof-room-diy-complete-manual/,防音部屋 diy,0,1,0.0%,26.0
https://bouon-lab.com/posts/soundproof-room-diy-complete-manual/,防音部屋の作り方,0,1,0.0%,59.0
https://bouon-lab.com/posts/soundproof-room-effectiveness/,防音室 性能,0,1,0.0%,75.0
https://bouon-lab.com/posts/soundproof-room-gap-caulking/,防音 コーキング,0,1,0.0%,20.0
https://bouon-lab.com/posts/soundproof-room-humidifier-guide/,ピアノ 寒い部屋,0,1,0.0%,33.0
https://bouon-lab.com/posts/soundproof-room-large-size/,防音室 狭くなる,0,1,0.0%,46.0
https://bouon-lab.com/posts/soundproof-room-mechanism/,防音 室 仕組み,0,1,0.0%,40.0
https://bouon-lab.com/posts/soundproof-room-merit-demerit/,防音工事 デメリット,0,1,0.0%,42.0
https://bouon-lab.com/posts/soundproof-room-moving/,防音室 引っ越し 費用,0,1,0.0%,11.0
https://bouon-lab.com/posts/soundproof-room-moving/,防音室 引越し,0,1,0.0%,14.0
https://bouon-lab.com/posts/soundproof-room-price-complete-guide-2025/,防音 室 価格,0,1,0.0%,70.0
https://bouon-lab.com/posts/soundproof-room-price-complete-guide-2025/,防音室 400万,0,1,0.0%,16.0
https://bouon-lab.com/posts/soundproof-room-price-complete-guide-2025/,防音室 いくら,0,1,0.0%,63.0
https://bouon-lab.com/posts/soundproof-room-price-complete-guide-2025/,防音室 費用,0,1,0.0%,25.0
https://bouon-lab.com/posts/soundproof-room-price-complete-guide-2025/,防音工事 値段,0,1,0.0%,65.0
https://bouon-lab.com/posts/soundproof-room-price-complete-guide/,防音室 見積もり,0,1,0.0%,100.0
https://bouon-lab.com/posts/soundproof-room-price-market/,グランドピアノ 防音室 費用,0,1,0.0%,107.0
https://bouon-lab.com/posts/soundproof-room-price-market/,防音室 いくら,0,1,0.0%,86.0
https://bouon-lab.com/posts/soundproof-room-price/,防音 室 値段,0,1,0.0%,68.0
https://bouon-lab.com/posts/soundproof-room-price/,防音室 いくら,0,1,0.0%,92.0
https://bouon-lab.com/posts/soundproof-room-price/,防音室 値段,0,1,0.0%,64.0
https://bouon-lab.com/posts/soundproof-room-price/,防音室 見積もり,0,1,0.0%,88.0
https://bouon-lab.com/posts/soundproof-room-small-size/,ワンルーム 防音,0,1,0.0%,89.0
https://bouon-lab.com/posts/soundproof-room-standard-size/,1.5畳 防音室,0,1,0.0%,39.0
https://bouon-lab.com/posts/soundproof-room-standard-size/,アビテックス 後悔,0,1,0.0%,19.0
https://bouon-lab.com/posts/soundproof-room-tax-guide/,防音室 固定資産税,0,1,0.0%,11.0
https://bouon-lab.com/posts/soundproof-room-types/,otodasu だんぼっち 比較,0,1,0.0%,43.0
https://bouon-lab.com/posts/soundproof-room-types/,ユニット型防音室,0,1,0.0%,18.0
https://bouon-lab.com/posts/soundproof-room-types/,防音室 ユニット,0,1,0.0%,9.0
https://bouon-lab.com/posts/soundproof-room-types/,防音室 値段,0,1,0.0%,15.0
https://bouon-lab.com/posts/soundproof-room-types/,防音室 比較,0,1,0.0%,54.0
https://bouon-lab.com/posts/soundproof-subsidy-check-guide/,防音 工事 補助 金,0,1,0.0%,66.0
https://bouon-lab.com/posts/soundproof-subsidy-check-guide/,防音 補助金,0,1,0.0%,1.0
https://bouon-lab.com/posts/soundproof-subsidy-check-guide/,防音工事補助金,0,1,0.0%,69.0
https://bouon-lab.com/posts/soundproof-subsidy-news-2025/,防音リフォーム 補助金,0,1,0.0%,20.0
https://bouon-lab.com/posts/soundproof-subsidy-news-2025/,防音リフォーム補助金,0,1,0.0%,21.0
https://bouon-lab.com/posts/soundproof-subsidy-system-list/,住宅防音工事 補助金,0,1,0.0%,1.0
https://bouon-lab.com/posts/soundproof-subsidy-system-list/,防衛省 防音工事 補助金,0,1,0.0%,53.0
https://bouon-lab.com/posts/soundproof-subsidy-system-list/,防衛省 防音工事対象区域,0,1,0.0%,46.0
https://bouon-lab.com/posts/soundproof-subsidy-system-list/,防音 ガラス 補助金,0,1,0.0%,1.0
https://bouon-lab.com/posts/soundproof-subsidy-system-list/,防音 工事 補助 金,0,1,0.0%,58.0
https://bouon-lab.com/posts/soundproof-subsidy-system-list/,防音サッシ 補助金,0,1,0.0%,1.0
https://bouon-lab.com/posts/soundproof-subsidy-system-list/,飛行機 騒音 補助金,0,1,0.0%,1.0
https://bouon-lab.com/posts/soundproof-subsidy-three-cases/,防音 工事 補助 金,0,1,0.0%,61.0
https://bouon-lab.com/posts/soundproof-subsidy-three-cases/,防音工事補助金,0,1,0.0%,63.0
https://bouon-lab.com/posts/soundproof-subsidy-tokyo-osaka/,伊丹 空港 騒音 補助金 いくら,0,1,0.0%,20.0
https://bouon-lab.com/posts/soundproof-subsidy-tokyo-osaka/,防音 工事 補助 金,0,1,0.0%,68.0
https://bouon-lab.com/posts/soundproof-subsidy-zero-cost/,防音 工事 補助 金,0,1,0.0%,64.0
https://bouon-lab.com/posts/soundproof-subsidy-zero-cost/,防音工事補助金,0,1,0.0%,60.0
https://bouon-lab.com/posts/soundproof-wall-construction-guide/,壁 防音 リフォーム,0,1,0.0%,22.0
https://bouon-lab.com/posts/soundproof-wall-construction-guide/,防音 壁 工事費用,0,1,0.0%,18.0
https://bouon-lab.com/posts/soundproof-wall-construction-guide/,防音 工事 見積もり,0,1,0.0%,99.0
https://bouon-lab.com/posts/soundproof-wall-construction-guide/,防音壁工事,0,1,0.0%,65.0
https://bouon-lab.com/posts/soundproof-window-merit-demerit/,内窓 リフォーム デメリット,0,1,0.0%,81.0
https://bouon-lab.com/posts/spot-cooler-gaming-streamer/,防音室 エアコンなし,0,1,0.0%,16.0
https://bouon-lab.com/posts/steram-soudncondition-check/,obs コンプレッサー こもる,0,1,0.0%,32.0
https://bouon-lab.com/posts/streamer-keyboard-silence/,静音リング 100 均,0,1,0.0%,11.0
https://bouon-lab.com/posts/streamer-proofroom-choicetech/,youtuber 賃貸 防音,0,1,0.0%,36.0
https://bouon-lab.com/posts/streamer-proofroom-choicetech/,マンション 配信 防音,0,1,0.0%,39.0
https://bouon-lab.com/posts/streamer-proofroom-choicetech/,配信 防音,0,1,0.0%,20.0
https://bouon-lab.com/posts/streamer-proofroom-choicetech/,配信者 一人暮らし,0,1,0.0%,91.0
https://bouon-lab.com/posts/streamer-proofroom-choicetech/,配信者 物件,0,1,0.0%,27.0
https://bouon-lab.com/posts/streamer-proofroom-choicetech/,配信者 部屋 防音,0,1,0.0%,39.0
https://bouon-lab.com/posts/streamer-proofroom-choicetech/,配信部屋 賃貸,0,1,0.0%,35.0
https://bouon-lab.com/posts/streamer-proofroom-choicetech/,防音 配信,0,1,0.0%,55.0
https://bouon-lab.com/posts/streamer-proofroom-choicetech/,防音室 配信,0,1,0.0%,17.0
https://bouon-lab.com/posts/streamer-proofroom-setting/,vtuber 防音室,0,1,0.0%,40.0
https://bouon-lab.com/posts/streamer-proofroom-setting/,ゲーム実況 防音ブース,0,1,0.0%,47.0
https://bouon-lab.com/posts/streamer-proofroom-setting/,配信 吸音材,0,1,0.0%,29.0
https://bouon-lab.com/posts/streamer-proofroom-setting/,配信者 部屋,0,1,0.0%,65.0
https://bouon-lab.com/posts/streamer-proofroom-setting/,配信部屋 作り方,0,1,0.0%,20.0
https://bouon-lab.com/posts/streamer-proofroom-setting/,防音 室 自作 ゲーム,0,1,0.0%,86.0
https://bouon-lab.com/posts/streamer-trouble-rule/,賃貸 配信 うるさい,0,1,0.0%,21.0
https://bouon-lab.com/posts/streamer-trouble-rule/,配信者 騒音,0,1,0.0%,29.0
https://bouon-lab.com/posts/streamer-trouble-rule/,隣人 配信者 うるさい,0,1,0.0%,61.0
https://bouon-lab.com/posts/streaming-room-layout-examples/,配信 部屋,0,1,0.0%,62.0
https://bouon-lab.com/posts/streaming-room-layout-examples/,配信部屋 おしゃれ,0,1,0.0%,35.0
https://bouon-lab.com/posts/streaming-room-layout-examples/,配信部屋 作り方,0,1,0.0%,21.0
https://bouon-lab.com/posts/streaming-room-layout-examples/,配信部屋レイアウト,0,1,0.0%,18.0
https://bouon-lab.com/posts/streaming-room-layout-guide/,配信部屋,0,1,0.0%,22.0
https://bouon-lab.com/posts/vibration-isolation-technology-trend/,防振床,0,1,0.0%,94.0
https://bouon-lab.com/posts/vtuber-proofroom-heat-control/,防音室 暑い,0,1,0.0%,26.0
https://bouon-lab.com/posts/vtuber-proofroom-knowledge/,ライブ配信者 自宅特定対策,0,1,0.0%,50.0
https://bouon-lab.com/posts/vtuber-proofroom-knowledge/,配信者 防音室,0,1,0.0%,17.0
https://bouon-lab.com/posts/vtuber-proofroom-knowledge/,防音室 大きさ 配信,0,1,0.0%,21.0
https://bouon-lab.com/posts/vtuber-proofroom-knowledge/,防音室 配信者,0,1,0.0%,31.0
https://bouon-lab.com/posts/vtuber-rental-apartment-guide/,otodasu だんぼっち 比較,0,1,0.0%,61.0
https://bouon-lab.com/posts/vtuber-soundproof-environment-complete-guide/,vtuber 配信 環境,0,1,0.0%,82.0
https://bouon-lab.com/posts/vtuber-soundproof-environment-complete-guide/,vtuber 防音室,0,1,0.0%,40.0
https://bouon-lab.com/posts/vtuber-soundproof-environment-complete-guide/,vtuber 防音対策,0,1,0.0%,71.0
https://bouon-lab.com/posts/vtuber-soundproof-environment-complete-guide/,防音室 配信者,0,1,0.0%,37.0
https://bouon-lab.com/posts/wooden-apartment-soundproof-guide/,木造 騒音 気にならない,0,1,0.0%,76.0
https://bouon-lab.com/posts/wooden-apartment-soundproof-guide/,木造アパート 話し声 聞こえない,0,1,0.0%,20.0
https://bouon-lab.com/posts/wooden-apartment-soundproof-guide/,木造アパート 防音,0,1,0.0%,78.0
https://bouon-lab.com/posts/wooden-apartment-soundproof-guide/,木造アパート 音 対策,0,1,0.0%,87.0
https://bouon-lab.com/tags/%E3%82%A8%E3%82%A2%E3%82%B3%E3%83%B3-%E9%98%B2%E9%9F%B3/,防音室 エアコン,0,1,0.0%,77.0
https://bouon-lab.com/tags/%E3%82%AD%E3%83%83%E3%83%88/,防音室 自作 キット,0,1,0.0%,33.0
https://bouon-lab.com/tags/%E3%83%8F%E3%83%A0%E3%83%8E%E3%82%A4%E3%82%BA/,ハムノイズとは,0,1,0.0%,76.0
https://bouon-lab.com/tags/%E4%BD%8F%E5%AE%85%E9%98%B2%E9%9F%B3%E5%B7%A5%E4%BA%8B/,防音 工事 補助 金,0,1,0.0%,70.0
https://bouon-lab.com/tags/%E4%BD%8F%E5%AE%85%E9%98%B2%E9%9F%B3%E5%B7%A5%E4%BA%8B/,防音工事補助金,0,1,0.0%,67.0
https://bouon-lab.com/tags/%E5%8F%97%E5%BF%8D%E9%99%90%E5%BA%A6/,受忍限度 騒音,0,1,0.0%,81.0
https://bouon-lab.com/tags/%E5%8F%97%E5%BF%8D%E9%99%90%E5%BA%A6/,受忍限度とは,0,1,0.0%,87.0
https://bouon-lab.com/tags/%E7%B5%84%E3%81%BF%E5%90%88%E3%82%8F%E3%81%9B/,吸音材 遮音材 組み合わせ,0,1,0.0%,68.0
https://bouon-lab.com/tags/%E8%87%AA%E4%BD%9C/,防音 マスク 自作,0,1,0.0%,36.0
https://bouon-lab.com/tags/%E9%85%B8%E6%AC%A0/,防音室 酸欠,0,1,0.0%,29.0
https://bouon-lab.com/tags/%E9%98%B2%E9%9F%B3%E5%AE%A4-%E3%83%89%E3%83%A9%E3%83%A0/,ドラム 防音室,0,1,0.0%,95.0
https://bouon-lab.com/tags/%E9%98%B2%E9%9F%B3%E5%AE%A4-%E3%83%AD%E3%83%BC%E3%83%B3/,防音室 ローン,0,1,0.0%,50.0
https://bouon-lab.com/tags/%E9%98%B2%E9%9F%B3%E5%AE%A4-2%E7%95%B3/,防音室 二畳,0,1,0.0%,31.0
https://bouon-lab.com/tags/diy%E9%98%B2%E9%9F%B3%E5%AE%A4/,防音ラボ,0,1,0.0%,16.0
https://bouon-lab.com/tags/diy/,isovox 自作,0,1,0.0%,25.0
https://bouon-lab.com/tags/diy/,防音室 賃貸,0,1,0.0%,27.0
https://bouon-lab.com/tags/isovox/,otodasu だんぼっち 比較,0,1,0.0%,55.0
https://bouon-lab.com/tags/musision/,musision,0,1,0.0%,30.0