"No"	"区分"	"単語数"	"キーワード"	"SEO難易度"	"月間検索数"	"CPC ($)"	"競合性"	"出現時期"
"1"	"＋"	"1"	"防音室"	"null"	"null"	"null"	"null"	"null"
"2"	"＋"	"2"	"防音室 自作"	"null"	"null"	"null"	"null"	"null"
"3"	"＋"	"2"	"防音室 賃貸"	"null"	"null"	"null"	"null"	"null"
"4"	"＋"	"2"	"防音室 レンタル"	"null"	"null"	"null"	"null"	"null"
"5"	"＋"	"2"	"防音室 値段"	"null"	"null"	"null"	"null"	"null"
"6"	"＋"	"2"	"防音室 組み立て式"	"null"	"null"	"null"	"null"	"null"
"7"	"＋"	"2"	"防音室 中古"	"null"	"null"	"null"	"null"	"null"
"8"	"＋"	"2"	"防音室 自宅"	"null"	"null"	"null"	"null"	"null"
"9"	"＋"	"2"	"防音室 ヤマハ"	"null"	"null"	"null"	"null"	"null"
"10"	"＋"	"2"	"防音室付き 賃貸"	"null"	"null"	"null"	"null"	"null"
"11"	"＋"	"2"	"防音室 ゲーム"	"null"	"null"	"null"	"null"	"null"
"12"	"＋"	"2"	"防音室 diy"	"null"	"null"	"null"	"null"	"null"
"13"	"＋＋"	"3"	"防音室 自作 賃貸"	"null"	"null"	"null"	"null"	"null"
"14"	"＋＋"	"3"	"防音室 自作 ダンボール"	"null"	"null"	"null"	"null"	"null"
"15"	"＋＋"	"3"	"防音室 自作 失敗"	"null"	"null"	"null"	"null"	"null"
"16"	"＋＋"	"3"	"防音室 自作 簡単"	"null"	"null"	"null"	"null"	"null"
"17"	"＋＋"	"3"	"防音室 自作 壁"	"null"	"null"	"null"	"null"	"null"
"18"	"＋＋"	"3"	"防音室 自作 ゲーム"	"null"	"null"	"null"	"null"	"null"
"19"	"＋＋"	"3"	"防音室 自作 1畳"	"null"	"null"	"null"	"null"	"null"
"20"	"＋＋"	"3"	"防音室 自作 費用"	"null"	"null"	"null"	"null"	"null"
"21"	"＋＋"	"3"	"防音室 自作 楽器"	"null"	"null"	"null"	"null"	"null"
"22"	"＋＋"	"3"	"防音室 賃貸 東京"	"null"	"null"	"null"	"null"	"null"
"23"	"＋＋"	"3"	"防音室 賃貸 設置"	"null"	"null"	"null"	"null"	"null"
"24"	"＋＋"	"3"	"防音室 賃貸 大阪"	"null"	"null"	"null"	"null"	"null"
"25"	"＋＋"	"3"	"防音室 賃貸 diy"	"null"	"null"	"null"	"null"	"null"
"26"	"＋＋"	"3"	"防音室 賃貸 神奈川"	"null"	"null"	"null"	"null"	"null"
"27"	"＋＋"	"3"	"防音室 賃貸 関西"	"null"	"null"	"null"	"null"	"null"
"28"	"＋＋"	"3"	"防音室 賃貸 埼玉"	"null"	"null"	"null"	"null"	"null"
"29"	"＋＋"	"3"	"防音室 賃貸 ヤマハ"	"null"	"null"	"null"	"null"	"null"
"30"	"＋＋"	"3"	"防音室 賃貸 千葉"	"null"	"null"	"null"	"null"	"null"
"31"	"＋＋"	"2"	"防音室 レンタルスペース"	"null"	"null"	"null"	"null"	"null"
"32"	"＋＋"	"3"	"防音室 レンタル 月額"	"null"	"null"	"null"	"null"	"null"
"33"	"＋＋"	"3"	"防音室 レンタル ヤマハ"	"null"	"null"	"null"	"null"	"null"
"34"	"＋＋"	"3"	"防音室 レンタル 賃貸"	"null"	"null"	"null"	"null"	"null"
"35"	"＋＋"	"3"	"防音室 レンタル 大阪"	"null"	"null"	"null"	"null"	"null"
"36"	"＋＋"	"3"	"防音室 レンタル ゲーム"	"null"	"null"	"null"	"null"	"null"
"37"	"＋＋"	"2"	"防音室 レンタルルーム"	"null"	"null"	"null"	"null"	"null"
"38"	"＋＋"	"3"	"防音室 レンタル 配信"	"null"	"null"	"null"	"null"	"null"
"39"	"＋＋"	"3"	"防音室 レンタル 福岡"	"null"	"null"	"null"	"null"	"null"
"40"	"＋＋"	"3"	"防音室 値段 1畳"	"null"	"null"	"null"	"null"	"null"
"41"	"＋＋"	"3"	"防音室 値段 2畳"	"null"	"null"	"null"	"null"	"null"
"42"	"＋＋"	"3"	"防音室 値段 安い"	"null"	"null"	"null"	"null"	"null"
"43"	"＋＋"	"3"	"防音室 値段 ピアノ"	"null"	"null"	"null"	"null"	"null"
"44"	"＋＋"	"3"	"防音室 値段 組み立て"	"null"	"null"	"null"	"null"	"null"
"45"	"＋＋"	"3"	"防音室 値段 ドラム"	"null"	"null"	"null"	"null"	"null"
"46"	"＋＋"	"3"	"防音室 値段 3畳"	"null"	"null"	"null"	"null"	"null"
"47"	"＋＋"	"3"	"防音室 値段 賃貸"	"null"	"null"	"null"	"null"	"null"
"48"	"＋＋"	"3"	"防音室 値段 配信"	"null"	"null"	"null"	"null"	"null"
"49"	"＋＋"	"3"	"防音室 組み立て式 おすすめ"	"null"	"null"	"null"	"null"	"null"
"50"	"＋＋"	"3"	"防音室 組み立て式 ゲーム"	"null"	"null"	"null"	"null"	"null"
"51"	"＋＋"	"3"	"防音室 組み立て式 楽器"	"null"	"null"	"null"	"null"	"null"
"52"	"＋＋"	"3"	"防音室 組み立て式 値段"	"null"	"null"	"null"	"null"	"null"
"53"	"＋＋"	"3"	"防音室 組み立て式 広い"	"null"	"null"	"null"	"null"	"null"
"54"	"＋＋"	"3"	"防音室 組み立て式 ピアノ"	"null"	"null"	"null"	"null"	"null"
"55"	"＋＋"	"3"	"防音室 組み立て式 賃貸"	"null"	"null"	"null"	"null"	"null"
"56"	"＋＋"	"3"	"防音室 組み立て式 配信"	"null"	"null"	"null"	"null"	"null"
"57"	"＋＋"	"3"	"防音室 組み立て式 中古"	"null"	"null"	"null"	"null"	"null"
"58"	"＋＋"	"2"	"防音室 中古マンション"	"null"	"null"	"null"	"null"	"null"
"59"	"＋＋"	"2"	"防音室 中古戸建"	"null"	"null"	"null"	"null"	"null"
"60"	"＋＋"	"3"	"防音室 中古 2畳"	"null"	"null"	"null"	"null"	"null"
"61"	"＋＋"	"3"	"防音室 中古 激安"	"null"	"null"	"null"	"null"	"null"
"62"	"＋＋"	"3"	"防音室 中古 3畳"	"null"	"null"	"null"	"null"	"null"
"63"	"＋＋"	"2"	"防音室 中古物件"	"null"	"null"	"null"	"null"	"null"
"64"	"＋＋"	"3"	"防音室 中古 メルカリ"	"null"	"null"	"null"	"null"	"null"
"65"	"＋＋"	"3"	"防音室 中古 ヤマハ"	"null"	"null"	"null"	"null"	"null"
"66"	"＋＋"	"3"	"防音室 中古 大阪"	"null"	"null"	"null"	"null"	"null"
"67"	"＋＋"	"3"	"防音室 自宅 費用"	"null"	"null"	"null"	"null"	"null"
"68"	"＋＋"	"3"	"防音室 自宅 配信"	"null"	"null"	"null"	"null"	"null"
"69"	"＋＋"	"2"	"防音室 自宅用"	"null"	"null"	"null"	"null"	"null"
"70"	"＋＋"	"3"	"防音室 自宅 ピアノ"	"null"	"null"	"null"	"null"	"null"
"71"	"＋＋"	"3"	"防音室 自宅 価格"	"null"	"null"	"null"	"null"	"null"
"72"	"＋＋"	"3"	"防音室 自宅 組み立て"	"null"	"null"	"null"	"null"	"null"
"73"	"＋＋"	"3"	"防音室 自宅 カラオケ"	"null"	"null"	"null"	"null"	"null"
"74"	"＋＋"	"3"	"防音室 自宅 楽器"	"null"	"null"	"null"	"null"	"null"
"75"	"＋＋"	"3"	"防音室 ヤマハ レンタル"	"null"	"null"	"null"	"null"	"null"
"76"	"＋＋"	"3"	"防音室 ヤマハ 中古"	"null"	"null"	"null"	"null"	"null"
"77"	"＋＋"	"3"	"防音室 ヤマハ 値段"	"null"	"null"	"null"	"null"	"null"
"78"	"＋＋"	"3"	"防音室 ヤマハ アビテックス"	"null"	"null"	"null"	"null"	"null"
"79"	"＋＋"	"3"	"防音室 ヤマハ エアコン"	"null"	"null"	"null"	"null"	"null"
"80"	"＋＋"	"3"	"防音室 ヤマハ 2畳"	"null"	"null"	"null"	"null"	"null"
"81"	"＋＋"	"4"	"防音室 ヤマハ カワイ 比較"	"null"	"null"	"null"	"null"	"null"
"82"	"＋＋"	"3"	"防音室付き 賃貸 東京"	"null"	"null"	"null"	"null"	"null"
"83"	"＋＋"	"3"	"防音室付き 賃貸 神奈川"	"null"	"null"	"null"	"null"	"null"
"84"	"＋＋"	"3"	"防音室付き 賃貸 埼玉"	"null"	"null"	"null"	"null"	"null"
"85"	"＋＋"	"3"	"防音室付き 賃貸 神戸"	"null"	"null"	"null"	"null"	"null"
"86"	"＋＋"	"3"	"防音室付き 賃貸 大阪"	"null"	"null"	"null"	"null"	"null"
"87"	"＋＋"	"3"	"防音室付き 賃貸 兵庫"	"null"	"null"	"null"	"null"	"null"
"88"	"＋＋"	"3"	"防音室付き 賃貸 千葉"	"null"	"null"	"null"	"null"	"null"
"89"	"＋＋"	"3"	"防音室付き 賃貸 関東"	"null"	"null"	"null"	"null"	"null"
"90"	"＋＋"	"3"	"防音室付き 賃貸 愛知"	"null"	"null"	"null"	"null"	"null"
"91"	"＋＋"	"2"	"防音室 ゲーム配信"	"null"	"null"	"null"	"null"	"null"
"92"	"＋＋"	"2"	"防音室 ゲームボックス"	"null"	"null"	"null"	"null"	"null"
"93"	"＋＋"	"2"	"防音室 ゲーム用"	"null"	"null"	"null"	"null"	"null"
"94"	"＋＋"	"3"	"防音室 ゲーム おすすめ"	"null"	"null"	"null"	"null"	"null"
"95"	"＋＋"	"3"	"防音室 ゲーム 安い"	"null"	"null"	"null"	"null"	"null"
"96"	"＋＋"	"3"	"防音室 diy 賃貸"	"null"	"null"	"null"	"null"	"null"
"97"	"＋＋"	"3"	"防音室 diy 費用"	"null"	"null"	"null"	"null"	"null"
"98"	"＋＋"	"3"	"防音室 diy 換気"	"null"	"null"	"null"	"null"	"null"
"99"	"＋＋"	"3"	"防音室 diy ホームセンター"	"null"	"null"	"null"	"null"	"null"
"100"	"＋＋"	"3"	"防音室 diy キット"	"null"	"null"	"null"	"null"	"null"
"101"	"＋＋"	"3"	"防音室 diy 壁"	"null"	"null"	"null"	"null"	"null"
"102"	"＋α"	"2"	"防音室 0.8畳"	"null"	"null"	"null"	"null"	"null"
"103"	"＋α"	"2"	"防音室 0.5畳"	"null"	"null"	"null"	"null"	"null"
"104"	"＋α"	"3"	"防音室 0.8畳 中古"	"null"	"null"	"null"	"null"	"null"
"105"	"＋α"	"3"	"防音室 0.8畳 ギター"	"null"	"null"	"null"	"null"	"null"
"106"	"＋α"	"2"	"防音室 0.8"	"null"	"null"	"null"	"null"	"null"
"107"	"＋α"	"3"	"防音室 0.5畳 中古"	"null"	"null"	"null"	"null"	"null"
"108"	"＋α"	"2"	"防音室 0.5"	"null"	"null"	"null"	"null"	"null"
"109"	"＋α"	"3"	"防音室 0.8畳 レンタル"	"null"	"null"	"null"	"null"	"null"
"110"	"＋α"	"3"	"ヤマハ 防音室 0.8畳"	"null"	"null"	"null"	"null"	"null"
"111"	"＋α"	"3"	"ヤマハ 防音室 0.5畳"	"null"	"null"	"null"	"null"	"null"
"112"	"＋α"	"2"	"防音室 1.5畳"	"null"	"null"	"null"	"null"	"null"
"113"	"＋α"	"2"	"防音室 1畳"	"null"	"null"	"null"	"null"	"null"
"114"	"＋α"	"2"	"防音室 10万"	"null"	"null"	"null"	"null"	"null"
"115"	"＋α"	"2"	"防音室 1.2畳"	"null"	"null"	"null"	"null"	"null"
"116"	"＋α"	"2"	"防音室 10畳"	"null"	"null"	"null"	"null"	"null"
"117"	"＋α"	"2"	"防音室 1万円"	"null"	"null"	"null"	"null"	"null"
"118"	"＋α"	"2"	"防音室 1人用"	"null"	"null"	"null"	"null"	"null"
"119"	"＋α"	"3"	"防音室 1.5畳 中古"	"null"	"null"	"null"	"null"	"null"
"120"	"＋α"	"4"	"防音室 1 畳 中古"	"null"	"null"	"null"	"null"	"null"
"121"	"＋α"	"2"	"防音室 100均"	"null"	"null"	"null"	"null"	"null"
"122"	"＋α"	"2"	"防音室 2畳"	"null"	"null"	"null"	"null"	"null"
"123"	"＋α"	"2"	"防音室 2.5畳"	"null"	"null"	"null"	"null"	"null"
"124"	"＋α"	"2"	"防音室 2階"	"null"	"null"	"null"	"null"	"null"
"125"	"＋α"	"3"	"防音室 2畳 中古"	"null"	"null"	"null"	"null"	"null"
"126"	"＋α"	"2"	"防音室 20万"	"null"	"null"	"null"	"null"	"null"
"127"	"＋α"	"2"	"防音室 200万"	"null"	"null"	"null"	"null"	"null"
"128"	"＋α"	"2"	"防音室 2人用"	"null"	"null"	"null"	"null"	"null"
"129"	"＋α"	"3"	"防音室 2階 床"	"null"	"null"	"null"	"null"	"null"
"130"	"＋α"	"2"	"防音室 2ldk"	"null"	"null"	"null"	"null"	"null"
"131"	"＋α"	"3"	"防音室 2.5畳 中古"	"null"	"null"	"null"	"null"	"null"
"132"	"＋α"	"2"	"防音室 3畳"	"null"	"null"	"null"	"null"	"null"
"133"	"＋α"	"3"	"防音室 3畳 中古"	"null"	"null"	"null"	"null"	"null"
"134"	"＋α"	"2"	"防音室 30万"	"null"	"null"	"null"	"null"	"null"
"135"	"＋α"	"3"	"防音室 3畳 値段"	"null"	"null"	"null"	"null"	"null"
"136"	"＋α"	"2"	"防音室 300万"	"null"	"null"	"null"	"null"	"null"
"137"	"＋α"	"3"	"防音室 3畳 レンタル"	"null"	"null"	"null"	"null"	"null"
"138"	"＋α"	"2"	"防音室 30db"	"null"	"null"	"null"	"null"	"null"
"139"	"＋α"	"2"	"防音室 3.5畳"	"null"	"null"	"null"	"null"	"null"
"140"	"＋α"	"2"	"防音室 3.7畳"	"null"	"null"	"null"	"null"	"null"
"141"	"＋α"	"3"	"防音室 3畳 自作"	"null"	"null"	"null"	"null"	"null"
"142"	"＋α"	"2"	"防音室 4畳"	"null"	"null"	"null"	"null"	"null"
"143"	"＋α"	"2"	"防音室 4.5畳"	"null"	"null"	"null"	"null"	"null"
"144"	"＋α"	"3"	"防音室 4畳 中古"	"null"	"null"	"null"	"null"	"null"
"145"	"＋α"	"3"	"防音室 4.5畳 値段"	"null"	"null"	"null"	"null"	"null"
"146"	"＋α"	"2"	"防音室 4人"	"null"	"null"	"null"	"null"	"null"
"147"	"＋α"	"3"	"防音室 4.3畳 中古"	"null"	"null"	"null"	"null"	"null"
"148"	"＋α"	"3"	"防音室 4畳 値段"	"null"	"null"	"null"	"null"	"null"
"149"	"＋α"	"2"	"防音室 40db"	"null"	"null"	"null"	"null"	"null"
"150"	"＋α"	"2"	"防音室 5畳"	"null"	"null"	"null"	"null"	"null"
"151"	"＋α"	"2"	"防音室 5万円"	"null"	"null"	"null"	"null"	"null"
"152"	"＋α"	"2"	"防音室 50万"	"null"	"null"	"null"	"null"	"null"
"153"	"＋α"	"2"	"防音室 500万"	"null"	"null"	"null"	"null"	"null"
"154"	"＋α"	"3"	"防音室 5畳 価格"	"null"	"null"	"null"	"null"	"null"
"155"	"＋α"	"2"	"防音室 50db"	"null"	"null"	"null"	"null"	"null"
"156"	"＋α"	"2"	"防音室 6畳"	"null"	"null"	"null"	"null"	"null"
"157"	"＋α"	"3"	"防音室 6畳 ヤマハ"	"null"	"null"	"null"	"null"	"null"
"158"	"＋α"	"3"	"防音室 6畳 自作"	"null"	"null"	"null"	"null"	"null"
"159"	"＋α"	"3"	"防音室 6畳 値段"	"null"	"null"	"null"	"null"	"null"
"160"	"＋α"	"3"	"防音室 6畳 中古"	"null"	"null"	"null"	"null"	"null"
"161"	"＋α"	"2"	"防音室 60db"	"null"	"null"	"null"	"null"	"null"
"162"	"＋α"	"4"	"防音室 6畳 自作 賃貸"	"null"	"null"	"null"	"null"	"null"
"163"	"＋α"	"2"	"防音室 7畳"	"null"	"null"	"null"	"null"	"null"
"164"	"＋α"	"2"	"防音室 70db"	"null"	"null"	"null"	"null"	"null"
"165"	"＋α"	"2"	"防音室 dr-70"	"null"	"null"	"null"	"null"	"null"
"166"	"＋α"	"2"	"防音室 d-70"	"null"	"null"	"null"	"null"	"null"
"167"	"＋α"	"2"	"防音室 8畳"	"null"	"null"	"null"	"null"	"null"
"168"	"＋α"	"3"	"防音室 8畳 価格"	"null"	"null"	"null"	"null"	"null"
"169"	"＋α"	"2"	"防音室 80db"	"null"	"null"	"null"	"null"	"null"
"170"	"＋α"	"2"	"防音室 80万"	"null"	"null"	"null"	"null"	"null"
"171"	"＋α"	"2"	"防音室 dr-80"	"null"	"null"	"null"	"null"	"null"
"172"	"＋α"	"3"	"防音室 リフォーム 8畳"	"null"	"null"	"null"	"null"	"null"
"173"	"＋α"	"3"	"ヤマハ 防音室 8畳"	"null"	"null"	"null"	"null"	"null"
"174"	"＋α"	"2"	"防音室 9畳"	"null"	"null"	"null"	"null"	"null"
"175"	"＋α"	"2"	"防音室 90db"	"null"	"null"	"null"	"null"	"null"
"176"	"＋α"	"2"	"防音室 dr-90"	"null"	"null"	"null"	"null"	"null"
"177"	"＋α"	"2"	"防音室 後付け"	"null"	"null"	"null"	"null"	"null"
"178"	"＋α"	"2"	"防音室 アパート"	"null"	"null"	"null"	"null"	"null"
"179"	"＋α"	"2"	"防音室 暑い"	"null"	"null"	"null"	"null"	"null"
"180"	"＋α"	"2"	"防音室 暑さ対策"	"null"	"null"	"null"	"null"	"null"
"181"	"＋α"	"2"	"防音室 amazon"	"null"	"null"	"null"	"null"	"null"
"182"	"＋α"	"2"	"防音室 アビテックス"	"null"	"null"	"null"	"null"	"null"
"183"	"＋α"	"2"	"防音室 アップライトピアノ"	"null"	"null"	"null"	"null"	"null"
"184"	"＋α"	"2"	"防音室 安価"	"null"	"null"	"null"	"null"	"null"
"185"	"＋α"	"2"	"防音室 頭だけ"	"null"	"null"	"null"	"null"	"null"
"186"	"＋α"	"2"	"防音室 アコギ"	"null"	"null"	"null"	"null"	"null"
"187"	"＋α"	"2"	"防音室 いくら"	"null"	"null"	"null"	"null"	"null"
"188"	"＋α"	"2"	"防音室 一畳"	"null"	"null"	"null"	"null"	"null"
"189"	"＋α"	"2"	"防音室 一軒家"	"null"	"null"	"null"	"null"	"null"
"190"	"＋α"	"2"	"防音室 犬"	"null"	"null"	"null"	"null"	"null"
"191"	"＋α"	"2"	"防音室 犬用"	"null"	"null"	"null"	"null"	"null"
"192"	"＋α"	"3"	"防音室 一軒家 いくら"	"null"	"null"	"null"	"null"	"null"
"193"	"＋α"	"2"	"防音室 移設"	"null"	"null"	"null"	"null"	"null"
"194"	"＋α"	"2"	"防音室 インテリア"	"null"	"null"	"null"	"null"	"null"
"195"	"＋α"	"2"	"防音室 移動"	"null"	"null"	"null"	"null"	"null"
"196"	"＋α"	"2"	"防音室 意味ない"	"null"	"null"	"null"	"null"	"null"
"197"	"＋α"	"2"	"防音室 歌い手"	"null"	"null"	"null"	"null"	"null"
"198"	"＋α"	"2"	"防音室 歌う"	"null"	"null"	"null"	"null"	"null"
"199"	"＋α"	"2"	"防音室 wifi"	"null"	"null"	"null"	"null"	"null"
"200"	"＋α"	"2"	"防音室 売る"	"null"	"null"	"null"	"null"	"null"
"201"	"＋α"	"2"	"防音室 売りたい"	"null"	"null"	"null"	"null"	"null"
"202"	"＋α"	"2"	"防音室 歌ってみた"	"null"	"null"	"null"	"null"	"null"
"203"	"＋α"	"2"	"防音室 浮き床"	"null"	"null"	"null"	"null"	"null"
"204"	"＋α"	"2"	"防音室 浮き構造"	"null"	"null"	"null"	"null"	"null"
"205"	"＋α"	"2"	"防音室 内窓"	"null"	"null"	"null"	"null"	"null"
"206"	"＋α"	"2"	"防音室 内側"	"null"	"null"	"null"	"null"	"null"
"207"	"＋α"	"2"	"防音室 エアコン"	"null"	"null"	"null"	"null"	"null"
"208"	"＋α"	"2"	"防音室 英語"	"null"	"null"	"null"	"null"	"null"
"209"	"＋α"	"2"	"防音室 エアコン付き"	"null"	"null"	"null"	"null"	"null"
"210"	"＋α"	"2"	"防音室 エアコンなし"	"null"	"null"	"null"	"null"	"null"
"211"	"＋α"	"3"	"防音室 エアコン 音漏れ"	"null"	"null"	"null"	"null"	"null"
"212"	"＋α"	"3"	"防音室 エアコン付き レンタル"	"null"	"null"	"null"	"null"	"null"
"213"	"＋α"	"2"	"防音室 英語で"	"null"	"null"	"null"	"null"	"null"
"214"	"＋α"	"2"	"防音室 エレキギター"	"null"	"null"	"null"	"null"	"null"
"215"	"＋α"	"2"	"防音室 エアコン設置"	"null"	"null"	"null"	"null"	"null"
"216"	"＋α"	"3"	"防音室 エアコン 室外機"	"null"	"null"	"null"	"null"	"null"
"217"	"＋α"	"2"	"防音室 otodasu"	"null"	"null"	"null"	"null"	"null"
"218"	"＋α"	"2"	"防音室 おすすめ"	"null"	"null"	"null"	"null"	"null"
"219"	"＋α"	"2"	"防音室 重さ"	"null"	"null"	"null"	"null"	"null"
"220"	"＋α"	"2"	"防音室 大きさ"	"null"	"null"	"null"	"null"	"null"
"221"	"＋α"	"2"	"防音室 屋外"	"null"	"null"	"null"	"null"	"null"
"222"	"＋α"	"2"	"防音室 大阪"	"null"	"null"	"null"	"null"	"null"
"223"	"＋α"	"2"	"防音室 音楽"	"null"	"null"	"null"	"null"	"null"
"224"	"＋α"	"2"	"防音室 おしゃれ"	"null"	"null"	"null"	"null"	"null"
"225"	"＋α"	"2"	"防音室 オトダス"	"null"	"null"	"null"	"null"	"null"
"226"	"＋α"	"2"	"防音室 音漏れ"	"null"	"null"	"null"	"null"	"null"
"227"	"＋α"	"2"	"防音室 簡易"	"null"	"null"	"null"	"null"	"null"
"228"	"＋α"	"2"	"防音室 換気"	"null"	"null"	"null"	"null"	"null"
"229"	"＋α"	"2"	"防音室 換気扇"	"null"	"null"	"null"	"null"	"null"
"230"	"＋α"	"2"	"防音室 価格"	"null"	"null"	"null"	"null"	"null"
"231"	"＋α"	"2"	"防音室 壁"	"null"	"null"	"null"	"null"	"null"
"232"	"＋α"	"2"	"防音室 カワイ"	"null"	"null"	"null"	"null"	"null"
"233"	"＋α"	"2"	"防音室 借りる"	"null"	"null"	"null"	"null"	"null"
"234"	"＋α"	"2"	"防音室 買取"	"null"	"null"	"null"	"null"	"null"
"235"	"＋α"	"2"	"防音室 格安"	"null"	"null"	"null"	"null"	"null"
"236"	"＋α"	"2"	"防音室 kanade"	"null"	"null"	"null"	"null"	"null"
"237"	"＋α"	"2"	"防音室 吸音材"	"null"	"null"	"null"	"null"	"null"
"238"	"＋α"	"2"	"防音室 金額"	"null"	"null"	"null"	"null"	"null"
"239"	"＋α"	"2"	"防音室 京都"	"null"	"null"	"null"	"null"	"null"
"240"	"＋α"	"2"	"防音室 キット"	"null"	"null"	"null"	"null"	"null"
"241"	"＋α"	"2"	"防音室 許可"	"null"	"null"	"null"	"null"	"null"
"242"	"＋α"	"2"	"防音室 金管楽器"	"null"	"null"	"null"	"null"	"null"
"243"	"＋α"	"2"	"防音室 吸気口"	"null"	"null"	"null"	"null"	"null"
"244"	"＋α"	"3"	"防音室 吸音材 おすすめ"	"null"	"null"	"null"	"null"	"null"
"245"	"＋α"	"2"	"防音室 強化"	"null"	"null"	"null"	"null"	"null"
"246"	"＋α"	"2"	"防音室 気圧"	"null"	"null"	"null"	"null"	"null"
"247"	"＋α"	"2"	"防音室 空調"	"null"	"null"	"null"	"null"	"null"
"248"	"＋α"	"2"	"防音室 組み立て"	"null"	"null"	"null"	"null"	"null"
"249"	"＋α"	"2"	"防音室 クーラー"	"null"	"null"	"null"	"null"	"null"
"250"	"＋α"	"2"	"防音室 クローゼット"	"null"	"null"	"null"	"null"	"null"
"251"	"＋α"	"2"	"防音室 空調付き"	"null"	"null"	"null"	"null"	"null"
"252"	"＋α"	"2"	"防音室 家"	"null"	"null"	"null"	"null"	"null"
"253"	"＋α"	"2"	"防音室 軽量"	"null"	"null"	"null"	"null"	"null"
"254"	"＋α"	"2"	"防音室 建築基準法"	"null"	"null"	"null"	"null"	"null"
"255"	"＋α"	"2"	"防音室 家に作る"	"null"	"null"	"null"	"null"	"null"
"256"	"＋α"	"2"	"防音室 建築"	"null"	"null"	"null"	"null"	"null"
"257"	"＋α"	"2"	"防音室 家の中"	"null"	"null"	"null"	"null"	"null"
"258"	"＋α"	"2"	"防音室 経費"	"null"	"null"	"null"	"null"	"null"
"259"	"＋α"	"2"	"防音室 建築費"	"null"	"null"	"null"	"null"	"null"
"260"	"＋α"	"2"	"防音室 見学"	"null"	"null"	"null"	"null"	"null"
"261"	"＋α"	"2"	"防音室 家を建てる"	"null"	"null"	"null"	"null"	"null"
"262"	"＋α"	"2"	"防音室 購入"	"null"	"null"	"null"	"null"	"null"
"263"	"＋α"	"2"	"防音室 工事"	"null"	"null"	"null"	"null"	"null"
"264"	"＋α"	"2"	"防音室 戸建て"	"null"	"null"	"null"	"null"	"null"
"265"	"＋α"	"2"	"防音室 構造"	"null"	"null"	"null"	"null"	"null"
"266"	"＋α"	"2"	"防音室 小型"	"null"	"null"	"null"	"null"	"null"
"267"	"＋α"	"2"	"防音室 効果"	"null"	"null"	"null"	"null"	"null"
"268"	"＋α"	"3"	"防音室 戸建て 中古"	"null"	"null"	"null"	"null"	"null"
"269"	"＋α"	"2"	"防音室 固定資産税"	"null"	"null"	"null"	"null"	"null"
"270"	"＋α"	"2"	"防音室 コンパクト"	"null"	"null"	"null"	"null"	"null"
"271"	"＋α"	"2"	"防音室 個室"	"null"	"null"	"null"	"null"	"null"
"272"	"＋α"	"2"	"防音室 サイズ"	"null"	"null"	"null"	"null"	"null"
"273"	"＋α"	"2"	"防音室 サブスク"	"null"	"null"	"null"	"null"	"null"
"274"	"＋α"	"2"	"防音室 三畳"	"null"	"null"	"null"	"null"	"null"
"275"	"＋α"	"2"	"防音室 酸欠"	"null"	"null"	"null"	"null"	"null"
"276"	"＋α"	"2"	"防音室 サックス"	"null"	"null"	"null"	"null"	"null"
"277"	"＋α"	"2"	"防音室 最強"	"null"	"null"	"null"	"null"	"null"
"278"	"＋α"	"2"	"防音室 札幌"	"null"	"null"	"null"	"null"	"null"
"279"	"＋α"	"2"	"防音室 最安値"	"null"	"null"	"null"	"null"	"null"
"280"	"＋α"	"2"	"防音室 作成"	"null"	"null"	"null"	"null"	"null"
"281"	"＋α"	"2"	"防音室 採光"	"null"	"null"	"null"	"null"	"null"
"282"	"＋α"	"2"	"防音室 仕組み"	"null"	"null"	"null"	"null"	"null"
"283"	"＋α"	"2"	"防音室 消防法"	"null"	"null"	"null"	"null"	"null"
"284"	"＋α"	"2"	"防音室 島村楽器"	"null"	"null"	"null"	"null"	"null"
"285"	"＋α"	"2"	"防音室 寝室"	"null"	"null"	"null"	"null"	"null"
"286"	"＋α"	"2"	"防音室 新築"	"null"	"null"	"null"	"null"	"null"
"287"	"＋α"	"2"	"防音室 照明"	"null"	"null"	"null"	"null"	"null"
"288"	"＋α"	"2"	"防音室 室内"	"null"	"null"	"null"	"null"	"null"
"289"	"＋α"	"2"	"防音室 遮音性能"	"null"	"null"	"null"	"null"	"null"
"290"	"＋α"	"3"	"防音室 新築 一戸建て"	"null"	"null"	"null"	"null"	"null"
"291"	"＋α"	"2"	"防音室 ショールーム"	"null"	"null"	"null"	"null"	"null"
"292"	"＋α"	"2"	"防音室 スポットクーラー"	"null"	"null"	"null"	"null"	"null"
"293"	"＋α"	"2"	"防音室 睡眠用"	"null"	"null"	"null"	"null"	"null"
"294"	"＋α"	"2"	"防音室 スタジオ"	"null"	"null"	"null"	"null"	"null"
"295"	"＋α"	"2"	"防音室 睡眠"	"null"	"null"	"null"	"null"	"null"
"296"	"＋α"	"2"	"防音室 スピーカー"	"null"	"null"	"null"	"null"	"null"
"297"	"＋α"	"2"	"防音室 スポンジ"	"null"	"null"	"null"	"null"	"null"
"298"	"＋α"	"2"	"防音室 suumo"	"null"	"null"	"null"	"null"	"null"
"299"	"＋α"	"2"	"防音室 涼しくする方法"	"null"	"null"	"null"	"null"	"null"
"300"	"＋α"	"2"	"防音室 スライドドア"	"null"	"null"	"null"	"null"	"null"
"301"	"＋α"	"2"	"防音室 住友林業"	"null"	"null"	"null"	"null"	"null"
"302"	"＋α"	"2"	"防音室 設置"	"null"	"null"	"null"	"null"	"null"
"303"	"＋α"	"2"	"防音室 施工"	"null"	"null"	"null"	"null"	"null"
"304"	"＋α"	"2"	"防音室 性能"	"null"	"null"	"null"	"null"	"null"
"305"	"＋α"	"2"	"防音室 設置型"	"null"	"null"	"null"	"null"	"null"
"306"	"＋α"	"2"	"防音室 セフィーネ"	"null"	"null"	"null"	"null"	"null"
"307"	"＋α"	"2"	"防音室 石膏ボード"	"null"	"null"	"null"	"null"	"null"
"308"	"＋α"	"3"	"防音室 設置可能 賃貸"	"null"	"null"	"null"	"null"	"null"
"309"	"＋α"	"2"	"防音室 施工費"	"null"	"null"	"null"	"null"	"null"
"310"	"＋α"	"2"	"防音室 設計図"	"null"	"null"	"null"	"null"	"null"
"311"	"＋α"	"2"	"防音室 仙台"	"null"	"null"	"null"	"null"	"null"
"312"	"＋α"	"2"	"防音室 相場"	"null"	"null"	"null"	"null"	"null"
"313"	"＋α"	"2"	"防音室 素材"	"null"	"null"	"null"	"null"	"null"
"314"	"＋α"	"2"	"防音室 外の音"	"null"	"null"	"null"	"null"	"null"
"315"	"＋α"	"2"	"防音室 外の音は聞こえる"	"null"	"null"	"null"	"null"	"null"
"316"	"＋α"	"2"	"防音室 外置き"	"null"	"null"	"null"	"null"	"null"
"317"	"＋α"	"2"	"防音室 高さ"	"null"	"null"	"null"	"null"	"null"
"318"	"＋α"	"2"	"防音室 体験"	"null"	"null"	"null"	"null"	"null"
"319"	"＋α"	"2"	"防音室 卓上"	"null"	"null"	"null"	"null"	"null"
"320"	"＋α"	"2"	"防音室 高い"	"null"	"null"	"null"	"null"	"null"
"321"	"＋α"	"2"	"防音室 耐荷重"	"null"	"null"	"null"	"null"	"null"
"322"	"＋α"	"2"	"防音室 建てる"	"null"	"null"	"null"	"null"	"null"
"323"	"＋α"	"2"	"防音室 耐用年数"	"null"	"null"	"null"	"null"	"null"
"324"	"＋α"	"2"	"防音室 タワマン"	"null"	"null"	"null"	"null"	"null"
"325"	"＋α"	"2"	"防音室 建売"	"null"	"null"	"null"	"null"	"null"
"326"	"＋α"	"2"	"防音室 タバコ"	"null"	"null"	"null"	"null"	"null"
"327"	"＋α"	"2"	"防音室 注文住宅"	"null"	"null"	"null"	"null"	"null"
"328"	"＋α"	"3"	"防音室 付き 賃貸"	"null"	"null"	"null"	"null"	"null"
"329"	"＋α"	"3"	"防音室 付き マンション"	"null"	"null"	"null"	"null"	"null"
"330"	"＋α"	"4"	"防音室 付き マンション 大阪"	"null"	"null"	"null"	"null"	"null"
"331"	"＋α"	"2"	"防音室 作る"	"null"	"null"	"null"	"null"	"null"
"332"	"＋α"	"4"	"防音室 付き 賃貸 名古屋"	"null"	"null"	"null"	"null"	"null"
"333"	"＋α"	"4"	"防音室 付き 賃貸 大阪"	"null"	"null"	"null"	"null"	"null"
"334"	"＋α"	"4"	"防音室 付き 賃貸 愛知"	"null"	"null"	"null"	"null"	"null"
"335"	"＋α"	"4"	"防音室 付き 賃貸 千葉"	"null"	"null"	"null"	"null"	"null"
"336"	"＋α"	"4"	"防音室 付き マンション 名古屋"	"null"	"null"	"null"	"null"	"null"
"337"	"＋α"	"4"	"防音室 付き 賃貸 福岡"	"null"	"null"	"null"	"null"	"null"
"338"	"＋α"	"2"	"防音室 手作り"	"null"	"null"	"null"	"null"	"null"
"339"	"＋α"	"2"	"防音室 天井"	"null"	"null"	"null"	"null"	"null"
"340"	"＋α"	"2"	"防音室 テント"	"null"	"null"	"null"	"null"	"null"
"341"	"＋α"	"2"	"防音室 展示"	"null"	"null"	"null"	"null"	"null"
"342"	"＋α"	"2"	"防音室 テレワーク"	"null"	"null"	"null"	"null"	"null"
"343"	"＋α"	"3"	"防音室 天井 高さ"	"null"	"null"	"null"	"null"	"null"
"344"	"＋α"	"2"	"防音室 テナント"	"null"	"null"	"null"	"null"	"null"
"345"	"＋α"	"2"	"防音室 天井なし"	"null"	"null"	"null"	"null"	"null"
"346"	"＋α"	"2"	"防音室 撤去"	"null"	"null"	"null"	"null"	"null"
"347"	"＋α"	"2"	"防音室 撤去費用"	"null"	"null"	"null"	"null"	"null"
"348"	"＋α"	"2"	"防音室 扉"	"null"	"null"	"null"	"null"	"null"
"349"	"＋α"	"3"	"防音室 東京 賃貸"	"null"	"null"	"null"	"null"	"null"
"350"	"＋α"	"2"	"防音室 トランペット"	"null"	"null"	"null"	"null"	"null"
"351"	"＋α"	"2"	"防音室 都内"	"null"	"null"	"null"	"null"	"null"
"352"	"＋α"	"2"	"防音室 とは"	"null"	"null"	"null"	"null"	"null"
"353"	"＋α"	"2"	"防音室 床材"	"null"	"null"	"null"	"null"	"null"
"354"	"＋α"	"2"	"防音室 トロンボーン"	"null"	"null"	"null"	"null"	"null"
"355"	"＋α"	"2"	"防音室 透明"	"null"	"null"	"null"	"null"	"null"
"356"	"＋α"	"2"	"防音室 等級"	"null"	"null"	"null"	"null"	"null"
"357"	"＋α"	"3"	"防音室 扉 自作"	"null"	"null"	"null"	"null"	"null"
"358"	"＋α"	"2"	"防音室 内装"	"null"	"null"	"null"	"null"	"null"
"359"	"＋α"	"2"	"防音室 名古屋"	"null"	"null"	"null"	"null"	"null"
"360"	"＋α"	"2"	"防音室 何デシベル"	"null"	"null"	"null"	"null"	"null"
"361"	"＋α"	"2"	"防音室 ナサール"	"null"	"null"	"null"	"null"	"null"
"362"	"＋α"	"3"	"防音室 ナサール 中古"	"null"	"null"	"null"	"null"	"null"
"363"	"＋α"	"2"	"防音室 中"	"null"	"null"	"null"	"null"	"null"
"364"	"＋α"	"3"	"防音室 名古屋 賃貸"	"null"	"null"	"null"	"null"	"null"
"365"	"＋α"	"2"	"防音室 なんj"	"null"	"null"	"null"	"null"	"null"
"366"	"＋α"	"2"	"防音室 夏場"	"null"	"null"	"null"	"null"	"null"
"367"	"＋α"	"2"	"防音室 何キロ"	"null"	"null"	"null"	"null"	"null"
"368"	"＋α"	"2"	"防音室 二畳"	"null"	"null"	"null"	"null"	"null"
"369"	"＋α"	"2"	"防音室 庭"	"null"	"null"	"null"	"null"	"null"
"370"	"＋α"	"2"	"防音室 二階"	"null"	"null"	"null"	"null"	"null"
"371"	"＋α"	"2"	"防音室 二段ベッド"	"null"	"null"	"null"	"null"	"null"
"372"	"＋α"	"2"	"防音室 庭に"	"null"	"null"	"null"	"null"	"null"
"373"	"＋α"	"2"	"防音室 人気"	"null"	"null"	"null"	"null"	"null"
"374"	"＋α"	"2"	"防音室 二酸化炭素濃度"	"null"	"null"	"null"	"null"	"null"
"375"	"＋α"	"2"	"防音室 二重窓"	"null"	"null"	"null"	"null"	"null"
"376"	"＋α"	"2"	"防音室 布クロス"	"null"	"null"	"null"	"null"	"null"
"377"	"＋α"	"2"	"防音室 布"	"null"	"null"	"null"	"null"	"null"
"378"	"＋α"	"3"	"防音室 床 抜け"	"null"	"null"	"null"	"null"	"null"
"379"	"＋α"	"3"	"防音室 床 抜ける"	"null"	"null"	"null"	"null"	"null"
"380"	"＋α"	"3"	"防音室 床 抜けた"	"null"	"null"	"null"	"null"	"null"
"381"	"＋α"	"2"	"沼津 防音室"	"null"	"null"	"null"	"null"	"null"
"382"	"＋α"	"2"	"防音室 寝る"	"null"	"null"	"null"	"null"	"null"
"383"	"＋α"	"2"	"防音室 ネカフェ"	"null"	"null"	"null"	"null"	"null"
"384"	"＋α"	"2"	"防音室 寝るとき"	"null"	"null"	"null"	"null"	"null"
"385"	"＋α"	"4"	"防音室 のある 家 中古"	"null"	"null"	"null"	"null"	"null"
"386"	"＋α"	"2"	"防音室 ノイズキャンセリング"	"null"	"null"	"null"	"null"	"null"
"387"	"＋α"	"2"	"防音室 の作り方"	"null"	"null"	"null"	"null"	"null"
"388"	"＋α"	"2"	"防音室 の"	"null"	"null"	"null"	"null"	"null"
"389"	"＋α"	"2"	"防音室 note"	"null"	"null"	"null"	"null"	"null"
"390"	"＋α"	"2"	"防音室 ノック"	"null"	"null"	"null"	"null"	"null"
"391"	"＋α"	"2"	"防音室 納期"	"null"	"null"	"null"	"null"	"null"
"392"	"＋α"	"1"	"防音室ドアノブ"	"null"	"null"	"null"	"null"	"null"
"393"	"＋α"	"3"	"登戸 防音室 賃貸"	"null"	"null"	"null"	"null"	"null"
"394"	"＋α"	"2"	"登戸 防音室"	"null"	"null"	"null"	"null"	"null"
"395"	"＋α"	"2"	"防音室 配信用"	"null"	"null"	"null"	"null"	"null"
"396"	"＋α"	"2"	"防音室 配信"	"null"	"null"	"null"	"null"	"null"
"397"	"＋α"	"2"	"防音室 配信者"	"null"	"null"	"null"	"null"	"null"
"398"	"＋α"	"2"	"防音室 ハウスメーカー"	"null"	"null"	"null"	"null"	"null"
"399"	"＋α"	"2"	"防音室 販売"	"null"	"null"	"null"	"null"	"null"
"400"	"＋α"	"2"	"防音室 反響"	"null"	"null"	"null"	"null"	"null"
"401"	"＋α"	"3"	"防音室 配信者 おすすめ"	"null"	"null"	"null"	"null"	"null"
"402"	"＋α"	"2"	"防音室 箱型"	"null"	"null"	"null"	"null"	"null"
"403"	"＋α"	"2"	"防音室 半畳"	"null"	"null"	"null"	"null"	"null"
"404"	"＋α"	"3"	"防音室 配信 安い"	"null"	"null"	"null"	"null"	"null"
"405"	"＋α"	"2"	"防音室 費用"	"null"	"null"	"null"	"null"	"null"
"406"	"＋α"	"2"	"防音室 一人用"	"null"	"null"	"null"	"null"	"null"
"407"	"＋α"	"2"	"防音室 引っ越し"	"null"	"null"	"null"	"null"	"null"
"408"	"＋α"	"2"	"防音室 広い"	"null"	"null"	"null"	"null"	"null"
"409"	"＋α"	"2"	"防音室 広さ"	"null"	"null"	"null"	"null"	"null"
"410"	"＋α"	"2"	"防音室 一人暮らし"	"null"	"null"	"null"	"null"	"null"
"411"	"＋α"	"2"	"防音室 比較"	"null"	"null"	"null"	"null"	"null"
"412"	"＋α"	"2"	"防音室 広め"	"null"	"null"	"null"	"null"	"null"
"413"	"＋α"	"3"	"防音室 引っ越し 費用"	"null"	"null"	"null"	"null"	"null"
"414"	"＋α"	"2"	"防音室 引っ越しの時どうする"	"null"	"null"	"null"	"null"	"null"
"415"	"＋α"	"2"	"防音室 福岡"	"null"	"null"	"null"	"null"	"null"
"416"	"＋α"	"2"	"防音室 ファン"	"null"	"null"	"null"	"null"	"null"
"417"	"＋α"	"2"	"防音室 フルート"	"null"	"null"	"null"	"null"	"null"
"418"	"＋α"	"2"	"防音室 二人用"	"null"	"null"	"null"	"null"	"null"
"419"	"＋α"	"3"	"防音室 福岡 賃貸"	"null"	"null"	"null"	"null"	"null"
"420"	"＋α"	"2"	"防音室 風水"	"null"	"null"	"null"	"null"	"null"
"421"	"＋α"	"2"	"防音室 部屋の中"	"null"	"null"	"null"	"null"	"null"
"422"	"＋α"	"2"	"防音室 壁厚"	"null"	"null"	"null"	"null"	"null"
"423"	"＋α"	"2"	"防音室 平面図"	"null"	"null"	"null"	"null"	"null"
"424"	"＋α"	"2"	"防音室 部屋の中に部屋"	"null"	"null"	"null"	"null"	"null"
"425"	"＋α"	"2"	"防音室 部屋ごと"	"null"	"null"	"null"	"null"	"null"
"426"	"＋α"	"3"	"防音室 部屋 賃貸"	"null"	"null"	"null"	"null"	"null"
"427"	"＋α"	"2"	"防音室 部屋に置く"	"null"	"null"	"null"	"null"	"null"
"428"	"＋α"	"2"	"防音室 法律"	"null"	"null"	"null"	"null"	"null"
"429"	"＋α"	"2"	"防音室 ホームシアター"	"null"	"null"	"null"	"null"	"null"
"430"	"＋α"	"2"	"防音室 補助金"	"null"	"null"	"null"	"null"	"null"
"431"	"＋α"	"2"	"防音室 ホームセンター"	"null"	"null"	"null"	"null"	"null"
"432"	"＋α"	"2"	"防音室 ホテル"	"null"	"null"	"null"	"null"	"null"
"433"	"＋α"	"2"	"防音室 北海道"	"null"	"null"	"null"	"null"	"null"
"434"	"＋α"	"2"	"防音室 欲しい"	"null"	"null"	"null"	"null"	"null"
"435"	"＋α"	"2"	"防音室 本格的"	"null"	"null"	"null"	"null"	"null"
"436"	"＋α"	"2"	"防音室 骨組み"	"null"	"null"	"null"	"null"	"null"
"437"	"＋α"	"2"	"防音室 法定耐用年数"	"null"	"null"	"null"	"null"	"null"
"438"	"＋α"	"2"	"防音室 マンション"	"null"	"null"	"null"	"null"	"null"
"439"	"＋α"	"2"	"防音室 窓"	"null"	"null"	"null"	"null"	"null"
"440"	"＋α"	"3"	"防音室 マンション 賃貸"	"null"	"null"	"null"	"null"	"null"
"441"	"＋α"	"2"	"防音室 間取り"	"null"	"null"	"null"	"null"	"null"
"442"	"＋α"	"3"	"防音室 マンション 設置"	"null"	"null"	"null"	"null"	"null"
"443"	"＋α"	"3"	"防音室 マンション リフォーム"	"null"	"null"	"null"	"null"	"null"
"444"	"＋α"	"3"	"防音室 マンション 中古"	"null"	"null"	"null"	"null"	"null"
"445"	"＋α"	"3"	"防音室 マンション 東京"	"null"	"null"	"null"	"null"	"null"
"446"	"＋α"	"2"	"防音室 窓なし"	"null"	"null"	"null"	"null"	"null"
"447"	"＋α"	"2"	"防音室 窓あり"	"null"	"null"	"null"	"null"	"null"
"448"	"＋α"	"2"	"防音室 見積もり"	"null"	"null"	"null"	"null"	"null"
"449"	"＋α"	"2"	"防音室 ミニ"	"null"	"null"	"null"	"null"	"null"
"450"	"＋α"	"2"	"防音室 宮地楽器"	"null"	"null"	"null"	"null"	"null"
"451"	"＋α"	"2"	"防音室 耳が詰まる"	"null"	"null"	"null"	"null"	"null"
"452"	"＋α"	"2"	"防音室 無窓居室"	"null"	"null"	"null"	"null"	"null"
"453"	"＋α"	"2"	"防音室 無料"	"null"	"null"	"null"	"null"	"null"
"454"	"＋α"	"2"	"防音室 無許可"	"null"	"null"	"null"	"null"	"null"
"455"	"＋α"	"2"	"防音室 無響室"	"null"	"null"	"null"	"null"	"null"
"456"	"＋α"	"2"	"防音室 無線lan"	"null"	"null"	"null"	"null"	"null"
"457"	"＋α"	"2"	"防音室 無音"	"null"	"null"	"null"	"null"	"null"
"458"	"＋α"	"2"	"防音室 虫"	"null"	"null"	"null"	"null"	"null"
"459"	"＋α"	"2"	"防音室 無窓"	"null"	"null"	"null"	"null"	"null"
"460"	"＋α"	"2"	"防音室 無断"	"null"	"null"	"null"	"null"	"null"
"461"	"＋α"	"3"	"防音室 無響室 違い"	"null"	"null"	"null"	"null"	"null"
"462"	"＋α"	"2"	"防音室 メーカー"	"null"	"null"	"null"	"null"	"null"
"463"	"＋α"	"2"	"防音室 メルカリ"	"null"	"null"	"null"	"null"	"null"
"464"	"＋α"	"3"	"防音室 メーカー 比較"	"null"	"null"	"null"	"null"	"null"
"465"	"＋α"	"2"	"防音室 メリット"	"null"	"null"	"null"	"null"	"null"
"466"	"＋α"	"2"	"防音室 メンテナンス"	"null"	"null"	"null"	"null"	"null"
"467"	"＋α"	"3"	"防音室 メリット デメリット"	"null"	"null"	"null"	"null"	"null"
"468"	"＋α"	"2"	"防音室 めん"	"null"	"null"	"null"	"null"	"null"
"469"	"＋α"	"2"	"防音室 目安"	"null"	"null"	"null"	"null"	"null"
"470"	"＋α"	"2"	"防音室 面積"	"null"	"null"	"null"	"null"	"null"
"471"	"＋α"	"2"	"防音室 めまい"	"null"	"null"	"null"	"null"	"null"
"472"	"＋α"	"2"	"防音室 木材"	"null"	"null"	"null"	"null"	"null"
"473"	"＋α"	"3"	"防音室 木造 2階"	"null"	"null"	"null"	"null"	"null"
"474"	"＋α"	"2"	"防音室 木造住宅"	"null"	"null"	"null"	"null"	"null"
"475"	"＋α"	"2"	"防音室 木造"	"null"	"null"	"null"	"null"	"null"
"476"	"＋α"	"2"	"防音室 持ち運び"	"null"	"null"	"null"	"null"	"null"
"477"	"＋α"	"2"	"防音室 モデルルーム"	"null"	"null"	"null"	"null"	"null"
"478"	"＋α"	"2"	"防音室 物置"	"null"	"null"	"null"	"null"	"null"
"479"	"＋α"	"2"	"防音室 持ち家"	"null"	"null"	"null"	"null"	"null"
"480"	"＋α"	"2"	"防音室 木製"	"null"	"null"	"null"	"null"	"null"
"481"	"＋α"	"2"	"防音室 毛布"	"null"	"null"	"null"	"null"	"null"
"482"	"＋α"	"2"	"防音室 安い"	"null"	"null"	"null"	"null"	"null"
"483"	"＋α"	"3"	"防音室 安い おすすめ"	"null"	"null"	"null"	"null"	"null"
"484"	"＋α"	"2"	"防音室 家賃"	"null"	"null"	"null"	"null"	"null"
"485"	"＋α"	"2"	"防音室 安く"	"null"	"null"	"null"	"null"	"null"
"486"	"＋α"	"2"	"防音室 ヤフオク"	"null"	"null"	"null"	"null"	"null"
"487"	"＋α"	"2"	"防音室 ユニット"	"null"	"null"	"null"	"null"	"null"
"488"	"＋α"	"2"	"防音室 ユニットタイプ"	"null"	"null"	"null"	"null"	"null"
"489"	"＋α"	"2"	"防音室 床補強"	"null"	"null"	"null"	"null"	"null"
"490"	"＋α"	"2"	"防音室 床構造"	"null"	"null"	"null"	"null"	"null"
"491"	"＋α"	"2"	"防音室 有線lan"	"null"	"null"	"null"	"null"	"null"
"492"	"＋α"	"3"	"防音室 ユニットタイプ 価格"	"null"	"null"	"null"	"null"	"null"
"493"	"＋α"	"3"	"防音室 ユニット 中古"	"null"	"null"	"null"	"null"	"null"
"494"	"＋α"	"2"	"防音室 床が抜ける"	"null"	"null"	"null"	"null"	"null"
"495"	"＋α"	"2"	"防音室 ユーチューバー"	"null"	"null"	"null"	"null"	"null"
"496"	"＋α"	"2"	"防音室 譲ります"	"null"	"null"	"null"	"null"	"null"
"497"	"＋α"	"2"	"防音室 予算"	"null"	"null"	"null"	"null"	"null"
"498"	"＋α"	"2"	"防音室 四畳"	"null"	"null"	"null"	"null"	"null"
"499"	"＋α"	"2"	"防音室 横浜"	"null"	"null"	"null"	"null"	"null"
"500"	"＋α"	"2"	"防音室 予約"	"null"	"null"	"null"	"null"	"null"
"501"	"＋α"	"2"	"防音室 横長"	"null"	"null"	"null"	"null"	"null"
"502"	"＋α"	"2"	"防音室 ライト"	"null"	"null"	"null"	"null"	"null"
"503"	"＋α"	"2"	"防音室 雷"	"null"	"null"	"null"	"null"	"null"
"504"	"＋α"	"2"	"防音室 ライトルーム"	"null"	"null"	"null"	"null"	"null"
"505"	"＋α"	"2"	"防音室 楽天"	"null"	"null"	"null"	"null"	"null"
"506"	"＋α"	"2"	"防音室 ランキング"	"null"	"null"	"null"	"null"	"null"
"507"	"＋α"	"3"	"防音室 ライトルーム 口コミ"	"null"	"null"	"null"	"null"	"null"
"508"	"＋α"	"2"	"防音室 卵パック"	"null"	"null"	"null"	"null"	"null"
"509"	"＋α"	"2"	"防音室 リフォーム"	"null"	"null"	"null"	"null"	"null"
"510"	"＋α"	"3"	"防音室 リフォーム 費用"	"null"	"null"	"null"	"null"	"null"
"511"	"＋α"	"2"	"防音室 リース"	"null"	"null"	"null"	"null"	"null"
"512"	"＋α"	"2"	"防音室 リノベーション"	"null"	"null"	"null"	"null"	"null"
"513"	"＋α"	"2"	"防音室 料金"	"null"	"null"	"null"	"null"	"null"
"514"	"＋α"	"2"	"防音室 リビング"	"null"	"null"	"null"	"null"	"null"
"515"	"＋α"	"2"	"防音室 リモートワーク"	"null"	"null"	"null"	"null"	"null"
"516"	"＋α"	"3"	"防音室 リフォーム マンション"	"null"	"null"	"null"	"null"	"null"
"517"	"＋α"	"3"	"防音室 リフォーム 6畳"	"null"	"null"	"null"	"null"	"null"
"518"	"＋α"	"3"	"防音室 リノベーション 費用"	"null"	"null"	"null"	"null"	"null"
"519"	"＋α"	"2"	"防音室 ルーム"	"null"	"null"	"null"	"null"	"null"
"520"	"＋α"	"2"	"防音室 ルーター"	"null"	"null"	"null"	"null"	"null"
"521"	"＋α"	"2"	"防音室 ルームシェア"	"null"	"null"	"null"	"null"	"null"
"522"	"＋α"	"2"	"防音室 ルームツアー"	"null"	"null"	"null"	"null"	"null"
"523"	"＋α"	"2"	"ルーフバルコニー 防音室"	"null"	"null"	"null"	"null"	"null"
"524"	"＋α"	"2"	"防音室 冷房"	"null"	"null"	"null"	"null"	"null"
"525"	"＋α"	"2"	"防音室 レベル"	"null"	"null"	"null"	"null"	"null"
"526"	"＋α"	"2"	"防音室 レイアウト"	"null"	"null"	"null"	"null"	"null"
"527"	"＋α"	"2"	"防音室 ロフトベッド"	"null"	"null"	"null"	"null"	"null"
"528"	"＋α"	"2"	"防音室 ローン"	"null"	"null"	"null"	"null"	"null"
"529"	"＋α"	"2"	"防音室 ロフト"	"null"	"null"	"null"	"null"	"null"
"530"	"＋α"	"2"	"防音室 ロスナイ"	"null"	"null"	"null"	"null"	"null"
"531"	"＋α"	"2"	"防音室 ロックウール"	"null"	"null"	"null"	"null"	"null"
"532"	"＋α"	"2"	"防音室 ロータイプ"	"null"	"null"	"null"	"null"	"null"
"533"	"＋α"	"2"	"防音室 六畳"	"null"	"null"	"null"	"null"	"null"
"534"	"＋α"	"2"	"防音室 ワンルーム"	"null"	"null"	"null"	"null"	"null"
"535"	"＋α"	"2"	"防音室 和室"	"null"	"null"	"null"	"null"	"null"
"536"	"＋α"	"2"	"防音室 ワイファイ"	"null"	"null"	"null"	"null"	"null"
"537"	"＋α"	"2"	"防音室 ワンズ"	"null"	"null"	"null"	"null"	"null"
"538"	"＋α"	"2"	"防音室 ワンボックス"	"null"	"null"	"null"	"null"	"null"
"539"	"＋α"	"2"	"防音室 枠組み"	"null"	"null"	"null"	"null"	"null"
"540"	"＋α"	"2"	"防音室 ワークスペース"	"null"	"null"	"null"	"null"	"null"
"541"	"＋α"	"2"	"防音室 和歌山"	"null"	"null"	"null"	"null"	"null"
"542"	"＋α"	"3"	"防音室 和室 ヤマハ"	"null"	"null"	"null"	"null"	"null"
"543"	"＋α"	"2"	"防音室 ワイド"	"null"	"null"	"null"	"null"	"null"
"544"	"＋α"	"3"	"防音室 賃貸 ng"	"null"	"null"	"null"	"null"	"null"
"545"	"＋α"	"2"	"防音室 楽器"	"null"	"null"	"null"	"null"	"null"
"546"	"＋α"	"2"	"防音室 外からの音"	"null"	"null"	"null"	"null"	"null"
"547"	"＋α"	"2"	"防音室 ガラス張り"	"null"	"null"	"null"	"null"	"null"
"548"	"＋α"	"2"	"防音室 外からの音聞こえる"	"null"	"null"	"null"	"null"	"null"
"549"	"＋α"	"2"	"防音室 ガラス"	"null"	"null"	"null"	"null"	"null"
"550"	"＋α"	"2"	"防音室 楽器演奏"	"null"	"null"	"null"	"null"	"null"
"551"	"＋α"	"2"	"防音室 会社"	"null"	"null"	"null"	"null"	"null"
"552"	"＋α"	"2"	"防音室 gamebox"	"null"	"null"	"null"	"null"	"null"
"553"	"＋α"	"2"	"防音室 外"	"null"	"null"	"null"	"null"	"null"
"554"	"＋α"	"2"	"防音室 楽器屋"	"null"	"null"	"null"	"null"	"null"
"555"	"＋α"	"2"	"防音室 ギター"	"null"	"null"	"null"	"null"	"null"
"556"	"＋α"	"2"	"防音室 業者"	"null"	"null"	"null"	"null"	"null"
"557"	"＋α"	"2"	"防音室 ギターアンプ"	"null"	"null"	"null"	"null"	"null"
"558"	"＋α"	"3"	"防音室 ギター 何畳"	"null"	"null"	"null"	"null"	"null"
"559"	"＋α"	"2"	"防音室 岐阜"	"null"	"null"	"null"	"null"	"null"
"560"	"＋α"	"2"	"防音室 ぎ"	"null"	"null"	"null"	"null"	"null"
"561"	"＋α"	"3"	"防音室 ギター 広さ"	"null"	"null"	"null"	"null"	"null"
"562"	"＋α"	"2"	"防音室 業務用"	"null"	"null"	"null"	"null"	"null"
"563"	"＋α"	"3"	"防音室 ギター 自作"	"null"	"null"	"null"	"null"	"null"
"564"	"＋α"	"3"	"防音室 業者 おすすめ"	"null"	"null"	"null"	"null"	"null"
"565"	"＋α"	"2"	"防音室 グランドピアノ"	"null"	"null"	"null"	"null"	"null"
"566"	"＋α"	"2"	"防音室 グラスウール"	"null"	"null"	"null"	"null"	"null"
"567"	"＋α"	"2"	"防音室 グレード"	"null"	"null"	"null"	"null"	"null"
"568"	"＋α"	"2"	"防音室 黒"	"null"	"null"	"null"	"null"	"null"
"569"	"＋α"	"3"	"防音室 グランドピアノ 値段"	"null"	"null"	"null"	"null"	"null"
"570"	"＋α"	"2"	"防音室 ゲーミング"	"null"	"null"	"null"	"null"	"null"
"571"	"＋α"	"2"	"防音室 激安"	"null"	"null"	"null"	"null"	"null"
"572"	"＋α"	"2"	"防音室 月額"	"null"	"null"	"null"	"null"	"null"
"573"	"＋α"	"2"	"防音室 減価償却"	"null"	"null"	"null"	"null"	"null"
"574"	"＋α"	"2"	"防音室 原理"	"null"	"null"	"null"	"null"	"null"
"575"	"＋α"	"2"	"防音室 小屋"	"null"	"null"	"null"	"null"	"null"
"576"	"＋α"	"2"	"防音室 後から"	"null"	"null"	"null"	"null"	"null"
"577"	"＋α"	"2"	"防音室 材料"	"null"	"null"	"null"	"null"	"null"
"578"	"＋α"	"2"	"防音室 座椅子"	"null"	"null"	"null"	"null"	"null"
"579"	"＋α"	"2"	"防音室 在宅勤務"	"null"	"null"	"null"	"null"	"null"
"580"	"＋α"	"2"	"防音室 残響"	"null"	"null"	"null"	"null"	"null"
"581"	"＋α"	"2"	"防音室 残響時間"	"null"	"null"	"null"	"null"	"null"
"582"	"＋α"	"2"	"防音室 在宅"	"null"	"null"	"null"	"null"	"null"
"583"	"＋α"	"3"	"防音室 床 材"	"null"	"null"	"null"	"null"	"null"
"584"	"＋α"	"3"	"防音室 自作 材料"	"null"	"null"	"null"	"null"	"null"
"585"	"＋α"	"3"	"防音室 壁 材質"	"null"	"null"	"null"	"null"	"null"
"586"	"＋α"	"2"	"在宅ワーク 防音室"	"null"	"null"	"null"	"null"	"null"
"587"	"＋α"	"2"	"防音室 重量"	"null"	"null"	"null"	"null"	"null"
"588"	"＋α"	"2"	"防音室 図面"	"null"	"null"	"null"	"null"	"null"
"589"	"＋α"	"2"	"防音室 頭痛"	"null"	"null"	"null"	"null"	"null"
"590"	"＋α"	"3"	"防音室 自作 図面"	"null"	"null"	"null"	"null"	"null"
"591"	"＋α"	"2"	"逗子 防音室"	"null"	"null"	"null"	"null"	"null"
"592"	"＋α"	"2"	"防音室 税金"	"null"	"null"	"null"	"null"	"null"
"593"	"＋α"	"2"	"防音室 全館空調"	"null"	"null"	"null"	"null"	"null"
"594"	"＋α"	"2"	"防音室 ぜ"	"null"	"null"	"null"	"null"	"null"
"595"	"＋α"	"2"	"防音室 ぜん"	"null"	"null"	"null"	"null"	"null"
"596"	"＋α"	"3"	"防音室 賃貸 全国"	"null"	"null"	"null"	"null"	"null"
"597"	"＋α"	"2"	"ゼロスト 防音室"	"null"	"null"	"null"	"null"	"null"
"598"	"＋α"	"2"	"防音室 増築"	"null"	"null"	"null"	"null"	"null"
"599"	"＋α"	"2"	"防音室 造作"	"null"	"null"	"null"	"null"	"null"
"600"	"＋α"	"3"	"防音室 増築 費用"	"null"	"null"	"null"	"null"	"null"
"601"	"＋α"	"2"	"防音室 増設"	"null"	"null"	"null"	"null"	"null"
"602"	"＋α"	"2"	"雑司が谷公園丘の上テラス 防音室"	"null"	"null"	"null"	"null"	"null"
"603"	"＋α"	"2"	"防音室 ダンボール"	"null"	"null"	"null"	"null"	"null"
"604"	"＋α"	"2"	"防音室 だんぼっち"	"null"	"null"	"null"	"null"	"null"
"605"	"＋α"	"2"	"防音室 ダイケン"	"null"	"null"	"null"	"null"	"null"
"606"	"＋α"	"2"	"防音室 ダイム"	"null"	"null"	"null"	"null"	"null"
"607"	"＋α"	"3"	"防音室 ダンボール 自作"	"null"	"null"	"null"	"null"	"null"
"608"	"＋α"	"2"	"防音室 ダクト"	"null"	"null"	"null"	"null"	"null"
"609"	"＋α"	"2"	"防音室 大和ハウス"	"null"	"null"	"null"	"null"	"null"
"610"	"＋α"	"2"	"防音室 断熱材"	"null"	"null"	"null"	"null"	"null"
"611"	"＋α"	"2"	"防音室 daiken"	"null"	"null"	"null"	"null"	"null"
"612"	"＋α"	"2"	"防音室 断面図"	"null"	"null"	"null"	"null"	"null"
"613"	"＋α"	"2"	"防音室 diy.m"	"null"	"null"	"null"	"null"	"null"
"614"	"＋α"	"3"	"防音室 diy 材料"	"null"	"null"	"null"	"null"	"null"
"615"	"＋α"	"3"	"防音室 diy ドラム"	"null"	"null"	"null"	"null"	"null"
"616"	"＋α"	"2"	"防音室 机"	"null"	"null"	"null"	"null"	"null"
"617"	"＋α"	"2"	"防音室 電波"	"null"	"null"	"null"	"null"	"null"
"618"	"＋α"	"2"	"防音室 電子ドラム"	"null"	"null"	"null"	"null"	"null"
"619"	"＋α"	"2"	"防音室 電気"	"null"	"null"	"null"	"null"	"null"
"620"	"＋α"	"2"	"防音室 デメリット"	"null"	"null"	"null"	"null"	"null"
"621"	"＋α"	"2"	"防音室 電波悪い"	"null"	"null"	"null"	"null"	"null"
"622"	"＋α"	"2"	"防音室 デシベル"	"null"	"null"	"null"	"null"	"null"
"623"	"＋α"	"2"	"防音室 電源"	"null"	"null"	"null"	"null"	"null"
"624"	"＋α"	"2"	"防音室 デスク"	"null"	"null"	"null"	"null"	"null"
"625"	"＋α"	"2"	"防音室 デザイン"	"null"	"null"	"null"	"null"	"null"
"626"	"＋α"	"3"	"防音室 デシベル どのくらい"	"null"	"null"	"null"	"null"	"null"
"627"	"＋α"	"2"	"防音室 ドラム"	"null"	"null"	"null"	"null"	"null"
"628"	"＋α"	"2"	"防音室 ドア"	"null"	"null"	"null"	"null"	"null"
"629"	"＋α"	"2"	"防音室 床"	"null"	"null"	"null"	"null"	"null"
"630"	"＋α"	"2"	"防音室 ドアノブ"	"null"	"null"	"null"	"null"	"null"
"631"	"＋α"	"2"	"防音室 どこで買う"	"null"	"null"	"null"	"null"	"null"
"632"	"＋α"	"3"	"防音室 床 構造"	"null"	"null"	"null"	"null"	"null"
"633"	"＋α"	"2"	"防音室 どのくらい"	"null"	"null"	"null"	"null"	"null"
"634"	"＋α"	"3"	"防音室 ドア パッキン"	"null"	"null"	"null"	"null"	"null"
"635"	"＋α"	"3"	"防音室 ドラム 広さ"	"null"	"null"	"null"	"null"	"null"
"636"	"＋α"	"2"	"防音室 バイオリン"	"null"	"null"	"null"	"null"	"null"
"637"	"＋α"	"2"	"防音室 離れ"	"null"	"null"	"null"	"null"	"null"
"638"	"＋α"	"2"	"防音室 売却"	"null"	"null"	"null"	"null"	"null"
"639"	"＋α"	"2"	"防音室 箱"	"null"	"null"	"null"	"null"	"null"
"640"	"＋α"	"2"	"防音室 バンド"	"null"	"null"	"null"	"null"	"null"
"641"	"＋α"	"2"	"防音室 バルコニー"	"null"	"null"	"null"	"null"	"null"
"642"	"＋α"	"3"	"防音室 バイオリン 広さ"	"null"	"null"	"null"	"null"	"null"
"643"	"＋α"	"2"	"防音室 引き戸"	"null"	"null"	"null"	"null"	"null"
"644"	"＋α"	"2"	"防音室 病院"	"null"	"null"	"null"	"null"	"null"
"645"	"＋α"	"2"	"防音室 ビックカメラ"	"null"	"null"	"null"	"null"	"null"
"646"	"＋α"	"2"	"防音室 ビジネス"	"null"	"null"	"null"	"null"	"null"
"647"	"＋α"	"3"	"千葉大学 病院 防音室"	"null"	"null"	"null"	"null"	"null"
"648"	"＋α"	"2"	"ビルトインガレージ 防音室"	"null"	"null"	"null"	"null"	"null"
"649"	"＋α"	"2"	"ビーベイス 防音室"	"null"	"null"	"null"	"null"	"null"
"650"	"＋α"	"2"	"防音室 物件"	"null"	"null"	"null"	"null"	"null"
"651"	"＋α"	"2"	"防音室 ブース"	"null"	"null"	"null"	"null"	"null"
"652"	"＋α"	"2"	"防音室 分割払い"	"null"	"null"	"null"	"null"	"null"
"653"	"＋α"	"2"	"防音室 分譲"	"null"	"null"	"null"	"null"	"null"
"654"	"＋α"	"2"	"防音室 分割"	"null"	"null"	"null"	"null"	"null"
"655"	"＋α"	"2"	"防音室 布団"	"null"	"null"	"null"	"null"	"null"
"656"	"＋α"	"3"	"防音室 物件 購入"	"null"	"null"	"null"	"null"	"null"
"657"	"＋α"	"3"	"防音室 物件 神奈川"	"null"	"null"	"null"	"null"	"null"
"658"	"＋α"	"3"	"防音室 分譲マンション 東京"	"null"	"null"	"null"	"null"	"null"
"659"	"＋α"	"3"	"防音室 物件 東京"	"null"	"null"	"null"	"null"	"null"
"660"	"＋α"	"2"	"防音室 ベッド"	"null"	"null"	"null"	"null"	"null"
"661"	"＋α"	"2"	"防音室 部屋"	"null"	"null"	"null"	"null"	"null"
"662"	"＋α"	"2"	"防音室 別棟"	"null"	"null"	"null"	"null"	"null"
"663"	"＋α"	"2"	"防音室 ベリーク"	"null"	"null"	"null"	"null"	"null"
"664"	"＋α"	"2"	"防音室 ベッド下"	"null"	"null"	"null"	"null"	"null"
"665"	"＋α"	"2"	"防音室 ベランダ"	"null"	"null"	"null"	"null"	"null"
"666"	"＋α"	"2"	"防音室 ベニヤ板"	"null"	"null"	"null"	"null"	"null"
"667"	"＋α"	"2"	"防音室 ベース"	"null"	"null"	"null"	"null"	"null"
"668"	"＋α"	"2"	"防音室 ボックス"	"null"	"null"	"null"	"null"	"null"
"669"	"＋α"	"2"	"防音室 防音材"	"null"	"null"	"null"	"null"	"null"
"670"	"＋α"	"2"	"防音室 防音性能"	"null"	"null"	"null"	"null"	"null"
"671"	"＋α"	"2"	"防音室 ボーカル"	"null"	"null"	"null"	"null"	"null"
"672"	"＋α"	"3"	"防音室 ボーカル 用"	"null"	"null"	"null"	"null"	"null"
"673"	"＋α"	"2"	"防音室 パネル"	"null"	"null"	"null"	"null"	"null"
"674"	"＋α"	"2"	"防音室 パーテーション"	"null"	"null"	"null"	"null"	"null"
"675"	"＋α"	"2"	"防音室 パソコン"	"null"	"null"	"null"	"null"	"null"
"676"	"＋α"	"3"	"防音室 パソコン 外"	"null"	"null"	"null"	"null"	"null"
"677"	"＋α"	"2"	"防音室 パチンコ"	"null"	"null"	"null"	"null"	"null"
"678"	"＋α"	"2"	"防音室 ピアノ"	"null"	"null"	"null"	"null"	"null"
"679"	"＋α"	"3"	"防音室 ピアノ 中古"	"null"	"null"	"null"	"null"	"null"
"680"	"＋α"	"3"	"防音室 ピアノ 費用"	"null"	"null"	"null"	"null"	"null"
"681"	"＋α"	"3"	"防音室 ピアノ マンション"	"null"	"null"	"null"	"null"	"null"
"682"	"＋α"	"2"	"防音室 ピアノプラザ"	"null"	"null"	"null"	"null"	"null"
"683"	"＋α"	"2"	"防音室 ピアノ用"	"null"	"null"	"null"	"null"	"null"
"684"	"＋α"	"2"	"防音室 ピアリビング"	"null"	"null"	"null"	"null"	"null"
"685"	"＋α"	"3"	"防音室 ピアノ 自作"	"null"	"null"	"null"	"null"	"null"
"686"	"＋α"	"3"	"防音室 ピアノ 搬入"	"null"	"null"	"null"	"null"	"null"
"687"	"＋α"	"3"	"防音室 ピアノ 賃貸"	"null"	"null"	"null"	"null"	"null"
"688"	"＋α"	"2"	"防音室 プレハブ"	"null"	"null"	"null"	"null"	"null"
"689"	"＋α"	"2"	"防音室 プロジェクター"	"null"	"null"	"null"	"null"	"null"
"690"	"＋α"	"2"	"防音室 プラダン"	"null"	"null"	"null"	"null"	"null"
"691"	"＋α"	"3"	"防音室 プレハブ 価格"	"null"	"null"	"null"	"null"	"null"
"692"	"＋α"	"2"	"防音室 プロ"	"null"	"null"	"null"	"null"	"null"
"693"	"＋α"	"2"	"防音室 プラスチック"	"null"	"null"	"null"	"null"	"null"
"694"	"＋α"	"2"	"防音室 プロンプト"	"null"	"null"	"null"	"null"	"null"
"695"	"＋α"	"2"	"防音室 プチプチ"	"null"	"null"	"null"	"null"	"null"
"696"	"＋α"	"3"	"ダイケン 防音室 プレミアム"	"null"	"null"	"null"	"null"	"null"
"697"	"＋α"	"3"	"プレハブ 防音室 ドラム"	"null"	"null"	"null"	"null"	"null"
"698"	"＋α"	"2"	"防音室 ペット"	"null"	"null"	"null"	"null"	"null"
"699"	"＋α"	"3"	"防音室 ペット可 賃貸"	"null"	"null"	"null"	"null"	"null"
"700"	"＋α"	"2"	"防音室 ペット可"	"null"	"null"	"null"	"null"	"null"
"701"	"＋α"	"2"	"防音室 ペット用"	"null"	"null"	"null"	"null"	"null"
"702"	"＋α"	"3"	"防音室 ペット可 東京"	"null"	"null"	"null"	"null"	"null"
"703"	"＋α"	"2"	"防音室 ペット可能"	"null"	"null"	"null"	"null"	"null"
"704"	"＋α"	"3"	"ペット 防音室 自作"	"null"	"null"	"null"	"null"	"null"
"705"	"＋α"	"3"	"ペット 防音室 レンタル"	"null"	"null"	"null"	"null"	"null"
"706"	"＋α"	"2"	"防音室 ポータブル"	"null"	"null"	"null"	"null"	"null"
"707"	"＋α"	"2"	"防音室 ポータブルクーラー"	"null"	"null"	"null"	"null"	"null"
"708"	"＋α"	"2"	"防音室 ポリタンク"	"null"	"null"	"null"	"null"	"null"
"709"	"＋α"	"3"	"防音室 エアコン ポリタンク"	"null"	"null"	"null"	"null"	"null"
"710"	"＋α"	"2"	"ポラス 防音室"	"null"	"null"	"null"	"null"	"null"
"711"	"＋α"	"3"	"ポコチャ 防音室 イベント"	"null"	"null"	"null"	"null"	"null"
"712"	"＋α"	"2"	"ポケカメン 防音室"	"null"	"null"	"null"	"null"	"null"
"713"	"＋α"	"2"	"防音室 dr-50"	"null"	"null"	"null"	"null"	"null"
"714"	"＋α"	"2"	"防音室 dr-40"	"null"	"null"	"null"	"null"	"null"
"715"	"＋α"	"3"	"防音室 エアコン おすすめ"	"null"	"null"	"null"	"null"	"null"
"716"	"＋α"	"3"	"防音室 エアコン ダクト"	"null"	"null"	"null"	"null"	"null"
"717"	"＋α"	"2"	"防音室 lanケーブル"	"null"	"null"	"null"	"null"	"null"
"718"	"＋α"	"2"	"防音室 l字デスク"	"null"	"null"	"null"	"null"	"null"
"719"	"＋α"	"2"	"防音室 very-q"	"null"	"null"	"null"	"null"	"null"
"720"	"＋α"	"2"	"防音室 vtuber"	"null"	"null"	"null"	"null"	"null"
"721"	"＋α"	"2"	"防音室 vrc"	"null"	"null"	"null"	"null"	"null"
"722"	"＋α"	"2"	"防音室 ヴァイオリン"	"null"	"null"	"null"	"null"	"null"
"723"	"＋α"	"2"	"防音室 vr"	"null"	"null"	"null"	"null"	"null"
"724"	"＋α"	"3"	"防音室 vtuber 末路"	"null"	"null"	"null"	"null"	"null"
"725"	"＋α"	"2"	"防音室 vrchat"	"null"	"null"	"null"	"null"	"null"
"726"	"＋α"	"3"	"vtuber 防音室 おすすめ"	"null"	"null"	"null"	"null"	"null"
"727"	"＋α"	"3"	"vtuber 防音室 必要"	"null"	"null"	"null"	"null"	"null"
"728"	"＋α"	"2"	"veryq 防音室"	"null"	"null"	"null"	"null"	"null"
"729"	"＋α"	"2"	"防音室 ledライト"	"null"	"null"	"null"	"null"	"null"
"730"	"＋α"	"2"	"防音室 lightroom"	"null"	"null"	"null"	"null"	"null"