上位のページ,クリック数,表示回数,CTR,掲載順位
https://bouon-lab.com/posts/soundproof-room-humidifier-guide/,16,127,12.6%,6.58
https://bouon-lab.com/posts/closet-diy-soundproof-room/,7,158,4.43%,14.5
https://bouon-lab.com/posts/rental-proofroom-contractcheck/,6,184,3.26%,13.16
https://bouon-lab.com/posts/rt60-reverberation-measurement-guide/,6,51,11.76%,6.8
https://bouon-lab.com/posts/soundproof-room-wifi-guide/,5,110,4.55%,8.12
https://bouon-lab.com/posts/noise-regulation-update-2025/,5,70,7.14%,4.96
https://bouon-lab.com/posts/asmr-proofroom-guide/,5,50,10%,8.76
https://bouon-lab.com/posts/soundproof-room-cheapest/,5,42,11.9%,8.76
https://bouon-lab.com/posts/osaka-soundproof-rental-guide/,4,50,8%,18.98
https://bouon-lab.com/posts/thunder-bouon-stopnoise-knowlkefge/,4,45,8.89%,6.71
https://bouon-lab.com/posts/soundproof-rental-market-october-2025/,4,15,26.67%,4.27
https://bouon-lab.com/posts/bouon-osusume-hikaku/,3,138,2.17%,15.95
https://bouon-lab.com/posts/soundproof-room-internet-lan-guide/,3,108,2.78%,7.66
https://bouon-lab.com/posts/streamer-proofroom-choicetech/,3,77,3.9%,32.43
https://bouon-lab.com/posts/airport-soundproof-subsidy/,3,51,5.88%,10.39
https://bouon-lab.com/posts/gaming-streaming-floor-noise-control/,3,46,6.52%,8.87
https://bouon-lab.com/posts/bouonrental-market-research2025/,3,32,9.38%,12
https://bouon-lab.com/posts/budget-soundproof-booth-comparison/,3,31,9.68%,10.42
https://bouon-lab.com/posts/bass-trap-installation-guide/,3,25,12%,19.32
https://bouon-lab.com/posts/rental-telework-soundproof-floor/,3,15,20%,10.2
https://bouon-lab.com/posts/cable-noise-ground-loop-prevention/,2,314,0.64%,54.07
https://bouon-lab.com/posts/keyboard-sound-streaming-soundproof-guide/,2,205,0.98%,11.37
https://bouon-lab.com/posts/bourental-music-ensoutaime/,2,86,2.33%,8.62
https://bouon-lab.com/posts/shared-streaming-studio-growth-pricing-utilization/,2,33,6.06%,6.45
https://bouon-lab.com/posts/streamer-trouble-rule/,2,26,7.69%,12.77
https://bouon-lab.com/posts/soundproof-room-gap-caulking/,2,26,7.69%,12.88
https://bouon-lab.com/posts/piano-proofroom-select-guide/,2,23,8.7%,18.61
https://bouon-lab.com/posts/vtuber-heat-noise-management/,2,17,11.76%,7.94
https://bouon-lab.com/posts/vtuber-family-privacy-rules/,2,13,15.38%,4.23
https://bouon-lab.com/posts/gamer-bouon-room-select/,2,13,15.38%,39.31
https://bouon-lab.com/posts/bouon-size-choice/,2,12,16.67%,27.67
https://bouon-lab.com/posts/hsp-soundproof-room-guide/,2,10,20%,11.8
https://bouon-lab.com/posts/soundproof-room-price-complete-guide-2025/,1,232,0.43%,21.9
https://bouon-lab.com/posts/rental-unit-soundproof-room/,1,90,1.11%,18.99
https://bouon-lab.com/posts/one-room-streaming-soundproof/,1,66,1.52%,28.15
https://bouon-lab.com/posts/soundproof-performance-dr-standard/,1,64,1.56%,9.45
https://bouon-lab.com/posts/proofroom-humidity-airconditionlist/,1,62,1.61%,17.58
https://bouon-lab.com/en/posts/budget-soundproof-booth-comparison/,1,59,1.69%,5.15
https://bouon-lab.com/posts/ontouch-soundproof-panel-effective/,1,50,2%,17.2
https://bouon-lab.com/posts/streaming-room-layout-examples/,1,48,2.08%,13.27
https://bouon-lab.com/en/posts/soundproof-room-cheapest/,1,48,2.08%,63.73
https://bouon-lab.com/posts/soundproof-room-price-market/,1,44,2.27%,18.09
https://bouon-lab.com/posts/bouon-kanki-taisaku/,1,40,2.5%,21.8
https://bouon-lab.com/posts/bourentakl-streamer-settingsetubi/,1,37,2.7%,11.22
https://bouon-lab.com/posts/million-yen-soundproof-room-professional/,1,36,2.78%,13.67
https://bouon-lab.com/posts/bouon-dchiseinou-meyasu/,1,30,3.33%,6.9
https://bouon-lab.com/posts/gamesteram-proofroom-soudflash/,1,30,3.33%,12.97
https://bouon-lab.com/en/posts/vtuber-soundproof-environment-complete-guide/,1,26,3.85%,10.23
https://bouon-lab.com/posts/soundproof-room-effectiveness/,1,26,3.85%,13.85
https://bouon-lab.com/posts/bouoproof-maintnace/,1,25,4%,5.72
https://bouon-lab.com/posts/tokyo-soundproof-rental-summary/,1,23,4.35%,12.43
https://bouon-lab.com/posts/music-school-area-soundproof-rental-competition/,1,21,4.76%,6.52
https://bouon-lab.com/posts/musision-soundproof-rental-review/,1,20,5%,7.65
https://bouon-lab.com/posts/soundproof-culture-japan-vs-america/,1,18,5.56%,9.33
https://bouon-lab.com/posts/lossnay-ventilation-soundproof-room/,1,17,5.88%,9.06
https://bouon-lab.com/posts/streaming-room-layout-guide/,1,15,6.67%,10.2
https://bouon-lab.com/posts/soundproof-room-standard-size/,1,15,6.67%,11
https://bouon-lab.com/posts/soundproof-room-demolition-guide/,1,12,8.33%,9.92
https://bouon-lab.com/posts/streamer-lowbudget-simula/,1,11,9.09%,8.82
https://bouon-lab.com/en/posts/floor-soundproofing-kids-exercise-layering/,1,10,10%,9.3
https://bouon-lab.com/posts/news-ryutubaibai-cyuko/,1,10,10%,11.5
https://bouon-lab.com/posts/kids-practice-soundproof-room-guide/,1,9,11.11%,48.56
https://bouon-lab.com/posts/telework-ambulance-siren-noisy/,1,8,12.5%,6.25
https://bouon-lab.com/posts/kawai-nasal-soundproof-room-guide/,1,8,12.5%,10.75
https://bouon-lab.com/posts/soundproof-performance-drum/,1,8,12.5%,14.12
https://bouon-lab.com/posts/rental-game-soundproof-booth-3man/,1,8,12.5%,14.5
https://bouon-lab.com/posts/soundproof-room-large-size/,1,7,14.29%,6.14
https://bouon-lab.com/posts/voice-only-streaming-optimization/,1,7,14.29%,8.29
https://bouon-lab.com/posts/d-value-truth-and-myths/,1,6,16.67%,9.5
https://bouon-lab.com/posts/rental-soundproofing-wall-diy-guide/,1,5,20%,7.6
https://bouon-lab.com/tags/,1,4,25%,6.75
https://bouon-lab.com/en/posts/lossnay-ventilation-soundproof-room/,1,4,25%,9.5
https://bouon-lab.com/posts/podcast-bouonproof-bestpracti/,1,4,25%,10.25
https://bouon-lab.com/posts/sendai-soundproof-rental-guide/,1,4,25%,11.25
https://bouon-lab.com/posts/bouontech-trendnews2025/,1,4,25%,28.25
https://bouon-lab.com/en/posts/fukuoka-soundproof-rental-guide/,1,2,50%,1.5
https://bouon-lab.com/posts/proofrental-marketprice-trend/,1,2,50%,6
https://bouon-lab.com/privacy-policy/,1,2,50%,126.5
https://bouon-lab.com/en/posts/soundproof-room-price-complete-guide-2025/,0,440,0%,4.68
https://bouon-lab.com/en/posts/building-code-reform-2025-soundproof/,0,201,0%,7.53
https://bouon-lab.com/posts/bouon-price-souba/,0,120,0%,30.18
https://bouon-lab.com/en/posts/bouon-price-souba/,0,118,0%,8.32
https://bouon-lab.com/en/posts/bouon-kujyou-taisaku/,0,112,0%,11.49
https://bouon-lab.com/posts/bouon-kujyou-taisaku/,0,108,0%,24.13
https://bouon-lab.com/en/posts/soundproof-room-diy-cost/,0,99,0%,52.33
https://bouon-lab.com/en/posts/noise-regulation-update-2025/,0,97,0%,3.59
https://bouon-lab.com/posts/bouon-rental-yatinsouba/,0,95,0%,6.09
https://bouon-lab.com/posts/building-code-reform-2025-soundproof/,0,82,0%,6.04
https://bouon-lab.com/en/posts/bouontech-trendnews2025/,0,82,0%,17.7
https://bouon-lab.com/en/posts/kanagawa-soundproof-rental-guide/,0,77,0%,9.09
https://bouon-lab.com/en/posts/inner-window-double-window-market-news/,0,64,0%,5.56
https://bouon-lab.com/en/posts/soundproof-room-price-market/,0,64,0%,8.16
https://bouon-lab.com/en/posts/soundproof-subsidy-three-cases/,0,59,0%,4.88
https://bouon-lab.com/en/posts/soundproof-subsidy-news-2025/,0,59,0%,6.49
https://bouon-lab.com/posts/streamer-proofroom-setting/,0,53,0%,38.15
https://bouon-lab.com/posts/grobal-soundproof-marketcheck/,0,49,0%,23.22
https://bouon-lab.com/en/posts/soundproof-room-budget-selection-guide/,0,48,0%,7.12
https://bouon-lab.com/en/posts/musision-soundproof-rental-review/,0,46,0%,9.43
https://bouon-lab.com/en/posts/soundproof-room-humidifier-guide/,0,46,0%,14.74
https://bouon-lab.com/en/posts/soundproof-wall-construction-guide/,0,43,0%,6.26
https://bouon-lab.com/en/posts/soundproof-materials-selection-guide/,0,41,0%,6.83
https://bouon-lab.com/en/posts/yamaha-avitecs-cefine-ns-guide/,0,39,0%,4.64
https://bouon-lab.com/posts/vtuber-proofroom-knowledge/,0,37,0%,15.81
https://bouon-lab.com/en/posts/soundproof-room-standard-size/,0,36,0%,8.58
https://bouon-lab.com/posts/proofroom-aircondition-select/,0,35,0%,38.77
https://bouon-lab.com/en/posts/soundproof-room-rental-cost/,0,35,0%,63.14
https://bouon-lab.com/posts/proofroom-lowsound-windsoundnone/,0,30,0%,15.67
https://bouon-lab.com/en/categories/market--news/,0,29,0%,50.07
https://bouon-lab.com/en/posts/soundproof-subsidy-check-guide/,0,28,0%,5.07
https://bouon-lab.com/en/posts/soundproof-subsidy-tokyo-osaka/,0,28,0%,5.36
https://bouon-lab.com/posts/diy-soundproofing-tips/,0,28,0%,20.64
https://bouon-lab.com/en/posts/soundproof-performance-dr-standard/,0,27,0%,6.33
https://bouon-lab.com/en/posts/bouon-osusume-hikaku/,0,26,0%,5.92
https://bouon-lab.com/posts/streaming-noise-appliance-soundproof-guide/,0,26,0%,11.27
https://bouon-lab.com/en/posts/streamer-proofroom-setting/,0,26,0%,18.27
https://bouon-lab.com/en/posts/news-rentalmarket-musissiondoukou/,0,25,0%,6
https://bouon-lab.com/posts/bouon-setti-checkpoint/,0,25,0%,32.28
https://bouon-lab.com/en/posts/streaming-noise-appliance-soundproof-guide/,0,24,0%,6.71
https://bouon-lab.com/posts/vibration-isolation-technology-trend/,0,24,0%,14.96
https://bouon-lab.com/posts/soundproof-room-rental-cost/,0,24,0%,17.96
https://bouon-lab.com/posts/drum-soundproof-room/,0,24,0%,32.42
https://bouon-lab.com/en/posts/million-yen-soundproof-room-professional/,0,22,0%,5.45
https://bouon-lab.com/en/posts/soundproof-room-wifi-guide/,0,22,0%,8.82
https://bouon-lab.com/en/posts/bouonroom-tettei-kaisetsu/,0,22,0%,23.32
https://bouon-lab.com/posts/soundproof-subsidy-news-2025/,0,21,0%,23.19
https://bouon-lab.com/posts/soundproof-room-mechanism/,0,21,0%,44.05
https://bouon-lab.com/posts/steram-soudncondition-check/,0,20,0%,8
https://bouon-lab.com/en/posts/treadmill-apartment-soundproofing-layering/,0,20,0%,13.25
https://bouon-lab.com/en/posts/soundproof-performance-measurement/,0,20,0%,17.8
https://bouon-lab.com/posts/soundproof-room-complete-guide-2025/,0,19,0%,6.21
https://bouon-lab.com/en/posts/soundproof-room-types/,0,19,0%,7.68
https://bouon-lab.com/posts/soundproof-room-diy-cost/,0,19,0%,11.63
https://bouon-lab.com/posts/absorption-vs-soundproofing-materials/,0,19,0%,20.68
https://bouon-lab.com/en/posts/nitori-soundproof-acoustic-guide/,0,18,0%,4.39
https://bouon-lab.com/posts/bourental-ippanrantal/,0,18,0%,4.44
https://bouon-lab.com/posts/soundproof-room-small-size/,0,18,0%,17.33
https://bouon-lab.com/posts/kobe-soundproof-rental-guide/,0,18,0%,35.44
https://bouon-lab.com/en/tags/,0,17,0%,7.24
https://bouon-lab.com/posts/utau-te-mita-vocal-booth-design/,0,17,0%,8.41
https://bouon-lab.com/posts/soundproof-room-seasonal-maintenance/,0,17,0%,9.94
https://bouon-lab.com/posts/diy-soundproof-room-failures-solutions/,0,17,0%,16.41
https://bouon-lab.com/posts/telework-family-stress-soundproof-solution/,0,17,0%,28.65
https://bouon-lab.com/posts/soundproof-room-daily-maintenance/,0,16,0%,7.69
https://bouon-lab.com/en/posts/soundproof-room-small-size/,0,16,0%,9.5
https://bouon-lab.com/posts/soundproof-room-types/,0,16,0%,31.06
https://bouon-lab.com/posts/soundproof-room-diy-complete-manual/,0,15,0%,27.13
https://bouon-lab.com/en/posts/remote-work-noisy-solution-soundproof/,0,14,0%,4.5
https://bouon-lab.com/posts/apartment-soundproof-room-floor-weight/,0,14,0%,8.36
https://bouon-lab.com/posts/bourenatal-sinsa-imagipoint/,0,14,0%,8.79
https://bouon-lab.com/posts/footstep-vibration-soundproof-mat-guide/,0,14,0%,8.93
https://bouon-lab.com/posts/wooden-apartment-soundproof-guide/,0,14,0%,45.07
https://bouon-lab.com/posts/treadmill-soundproofing-vibration-control/,0,13,0%,8.08
https://bouon-lab.com/en/posts/oshiire-diy-soundproof-room-guide/,0,13,0%,11.23
https://bouon-lab.com/en/posts/soundproof-room-gap-caulking/,0,13,0%,18.38
https://bouon-lab.com/en/categories/streaming--creators/,0,13,0%,28.92
https://bouon-lab.com/posts/proof-doorchoice-setting/,0,12,0%,22.25
https://bouon-lab.com/posts/sound-insulation-vs-absorption/,0,12,0%,70.58
https://bouon-lab.com/en/posts/bouon-size-choice/,0,11,0%,8.27
https://bouon-lab.com/posts/proofroom-soudmore-manual/,0,11,0%,15.18
https://bouon-lab.com/en/categories/soundproof-room/,0,10,0%,10.7
https://bouon-lab.com/en/posts/proofroom-lowsound-windsoundnone/,0,10,0%,16
https://bouon-lab.com/en/posts/soundproof-performance-piano/,0,10,0%,24.8
https://bouon-lab.com/en/posts/soundproof-room-ventilation-aircondition/,0,10,0%,39.1
https://bouon-lab.com/posts/treadmill-apartment-soundproofing-layering/,0,9,0%,8.56
https://bouon-lab.com/en/posts/apartment-soundproof-room-floor-weight/,0,9,0%,8.78
https://bouon-lab.com/posts/vtuber-soundproof-environment-complete-guide/,0,9,0%,9.67
https://bouon-lab.com/en/posts/small-soundproof-room-streaming-guide/,0,9,0%,9.89
https://bouon-lab.com/posts/soundproof-performance-measurement/,0,9,0%,14.67
https://bouon-lab.com/posts/soundproof-room-budget-selection-guide/,0,9,0%,16.11
https://bouon-lab.com/posts/soundproof-material-selection-purchase-guide/,0,9,0%,21
https://bouon-lab.com/en/posts/hsp-soundproof-room-guide/,0,9,0%,22.22
https://bouon-lab.com/en/posts/asmr-proofroom-guide/,0,8,0%,3.75
https://bouon-lab.com/en/posts/piano-proofroom-select-guide/,0,8,0%,8.88
https://bouon-lab.com/posts/guitar-soundproof-room-selection-guide/,0,8,0%,9.5
https://bouon-lab.com/en/posts/one-room-streaming-soundproof/,0,8,0%,10
https://bouon-lab.com/posts/soundproof-school-news/,0,8,0%,10.75
https://bouon-lab.com/posts/remote-work-noisy-solution-soundproof/,0,8,0%,19.88
https://bouon-lab.com/posts/soundproof-subsidy-system-list/,0,8,0%,33
https://bouon-lab.com/en/posts/vibration-isolation-technology-trend/,0,8,0%,36.38
https://bouon-lab.com/posts/saitama-soundproof-rental-guide/,0,7,0%,3.71
https://bouon-lab.com/en/posts/soundproof-room-diy-complete-manual/,0,7,0%,7.71
https://bouon-lab.com/en/posts/diy-wall-soundproofing-room-guide/,0,7,0%,8.71
https://bouon-lab.com/en/posts/acoustic-material-new-trend-2025/,0,7,0%,9
https://bouon-lab.com/en/posts/web-meeting-voice-soundleak-prevention/,0,7,0%,9.43
https://bouon-lab.com/posts/road-soundproof-subsidy-guide/,0,7,0%,10.14
https://bouon-lab.com/en/posts/streamer-rental-selection-guide/,0,7,0%,10.29
https://bouon-lab.com/posts/bourental-syaouseid-choiceindi/,0,7,0%,11.29
https://bouon-lab.com/posts/acoustic-panel-placement/,0,7,0%,13.29
https://bouon-lab.com/posts/rental-vs-purchase-soundproof-room/,0,7,0%,17.14
https://bouon-lab.com/posts/floor-soundproofing-kids-exercise-layering/,0,7,0%,18.29
https://bouon-lab.com/en/posts/drum-soundproof-room/,0,7,0%,25.14
https://bouon-lab.com/posts/soundproof-room-merit-demerit/,0,7,0%,35.71
https://bouon-lab.com/en/posts/soundproof-room-lighting-led-guide/,0,6,0%,5
https://bouon-lab.com/posts/acoustic-material-new-trend-2025/,0,6,0%,5.67
https://bouon-lab.com/en/posts/bouon-bouonteisyu-taisaku/,0,6,0%,6.33
https://bouon-lab.com/en/posts/bouon-rental-yatinsouba/,0,6,0%,6.33
https://bouon-lab.com/en/posts/bouon-dchiseinou-meyasu/,0,6,0%,7
https://bouon-lab.com/en/posts/utau-te-mita-vocal-booth-design/,0,6,0%,8.67
https://bouon-lab.com/en/categories/soundproof-rental/,0,6,0%,9.5
https://bouon-lab.com/posts/soundproof-subsidy-tokyo-osaka/,0,6,0%,12
https://bouon-lab.com/posts/saxophone-practice-apartment/,0,6,0%,12.33
https://bouon-lab.com/en/posts/rental-soundproofing-wall-diy-guide/,0,6,0%,21.33
https://bouon-lab.com/posts/podcast-casterproof-micsetting/,0,6,0%,25.83
https://bouon-lab.com/posts/web-meeting-voice-soundleak-prevention/,0,6,0%,44.17
https://bouon-lab.com/en/posts/,0,6,0%,49.67
https://bouon-lab.com/en/posts/proofroom-price2025-research/,0,5,0%,9
https://bouon-lab.com/en/posts/soundproof-room-large-size/,0,5,0%,12.6
https://bouon-lab.com/en/posts/soundproof-room-effectiveness/,0,5,0%,17.2
https://bouon-lab.com/posts/workbooth-office-soundproof-trend/,0,5,0%,24.4
https://bouon-lab.com/en/posts/noise-canceling-headphones-sleep/,0,5,0%,26.4
https://bouon-lab.com/tags/親フラ/,0,5,0%,30.8
https://bouon-lab.com/en/,0,4,0%,5.5
https://bouon-lab.com/en/posts/rental-vs-purchase-soundproof-room/,0,4,0%,6
https://bouon-lab.com/posts/inner-window-double-window-market-news/,0,4,0%,6
https://bouon-lab.com/en/posts/weekly-soundproof-news-20251202/,0,4,0%,6.75
https://bouon-lab.com/posts/bourental-musicacespt-choice/,0,4,0%,8
https://bouon-lab.com/posts/streamer-rental-selection-guide/,0,4,0%,8.75
https://bouon-lab.com/en/posts/streaming-mic-soundproof-guide/,0,4,0%,9.25
https://bouon-lab.com/posts/noise-canceling-headphones-sleep/,0,4,0%,9.25
https://bouon-lab.com/en/posts/sendai-soundproof-rental-guide/,0,4,0%,11
https://bouon-lab.com/en/posts/thunder-noise-reflect/,0,4,0%,12
https://bouon-lab.com/en/posts/bouoproof-maintnace/,0,4,0%,16
https://bouon-lab.com/en/posts/bourental-syaouseid-choiceindi/,0,4,0%,16
https://bouon-lab.com/en/posts/soundproof-room-mechanism/,0,4,0%,29.25
https://bouon-lab.com/en/posts/telework-family-stress-soundproof-solution/,0,4,0%,30.75
https://bouon-lab.com/posts/telework-privacy-anxiety-soundproof-room/,0,4,0%,32.5
https://bouon-lab.com/en/posts/soundproof-performance-drum/,0,4,0%,37.75
https://bouon-lab.com/posts/diy-wall-soundproofing-room-guide/,0,4,0%,45.75
https://bouon-lab.com/posts/soundproof-wall-construction-guide/,0,4,0%,52.75
https://bouon-lab.com/en/posts/tokyo-soundproof-rental-summary/,0,3,0%,3.33
https://bouon-lab.com/en/posts/workbooth-office-soundproof-trend/,0,3,0%,3.33
https://bouon-lab.com/posts/otodasu-reviews-2026/,0,3,0%,6
https://bouon-lab.com/posts/soundproof-performance-piano/,0,3,0%,6
https://bouon-lab.com/en/posts/bouon-cyuko-isetu/,0,3,0%,6.67
https://bouon-lab.com/en/posts/danbotchi-vs-diy-soundproof-room/,0,3,0%,6.67
https://bouon-lab.com/posts/bourenatal-naikencheck/,0,3,0%,8.33
https://bouon-lab.com/posts/oshiire-diy-soundproof-room-guide/,0,3,0%,8.67
https://bouon-lab.com/en/categories/,0,3,0%,10.33
https://bouon-lab.com/posts/chiba-soundproof-rental-guide/,0,3,0%,10.33
https://bouon-lab.com/posts/remote-work-family-harmony-soundproof/,0,3,0%,12.67
https://bouon-lab.com/posts/,0,3,0%,22.33
https://bouon-lab.com/en/posts/streaming-asmr-vtuber-soundproof-boom/,0,3,0%,22.67
https://bouon-lab.com/en/posts/bass-trap-installation-guide/,0,3,0%,25.67
https://bouon-lab.com/posts/soundproof-subsidy-zero-cost/,0,3,0%,36.33
https://bouon-lab.com/tags/同棲/,0,3,0%,51.33
https://bouon-lab.com/categories/市場ニュース/,0,3,0%,61
https://bouon-lab.com/tags/防音室-ドラム/,0,3,0%,93.67
https://bouon-lab.com/posts/telework-concentration-noise-soundproof/,0,2,0%,1
https://bouon-lab.com/posts/nagoya-soundproof-rental-guide/,0,2,0%,4
https://bouon-lab.com/posts/violin-soundproof-room-guide/,0,2,0%,5
https://bouon-lab.com/en/posts/bourental-merit-demerit/,0,2,0%,6.5
https://bouon-lab.com/en/posts/cable-noise-ground-loop-prevention/,0,2,0%,6.5
https://bouon-lab.com/en/posts/soundproof-room-logistics-delivery/,0,2,0%,7
https://bouon-lab.com/en/posts/vtuber-proofroom-knowledge/,0,2,0%,7
https://bouon-lab.com/posts/soundproof-subsidy-check-guide/,0,2,0%,7
https://bouon-lab.com/tags/防音対策/,0,2,0%,7
https://bouon-lab.com/posts/neighborhood-noise-seasonal-pattern-statistics/,0,2,0%,8
https://bouon-lab.com/posts/noise-complaint-solution/,0,2,0%,8.5
https://bouon-lab.com/en/posts/bourenatal-naikencheck/,0,2,0%,9
https://bouon-lab.com/en/posts/kids-practice-soundproof-room-guide/,0,2,0%,9
https://bouon-lab.com/posts/soundproof-room-ventilation-aircondition/,0,2,0%,9
https://bouon-lab.com/en/categories/soundproof-rooms/,0,2,0%,9.5
https://bouon-lab.com/en/posts/bouonrental-areasec-newbusiness/,0,2,0%,16.5
https://bouon-lab.com/posts/japan-bouonproof-marketnextasia/,0,2,0%,17
https://bouon-lab.com/posts/soundproof-market-esg-trend/,0,2,0%,17
https://bouon-lab.com/en/posts/podcast-casterproof-micsetting/,0,2,0%,19
https://bouon-lab.com/en/posts/bourental-music-ensoutaime/,0,2,0%,24
https://bouon-lab.com/en/posts/rental-game-soundproof-booth-3man/,0,2,0%,24
https://bouon-lab.com/en/posts/diy-soundproof-room-failures-solutions/,0,2,0%,25.5
https://bouon-lab.com/posts/soundproof-rental-life-streamer/,0,2,0%,25.5
https://bouon-lab.com/en/posts/steram-soudncondition-check/,0,2,0%,26
https://bouon-lab.com/en/posts/gamesteram-proofroom-soudflash/,0,2,0%,29.5
https://bouon-lab.com/posts/proofroom-maker-2025productcheck/,0,2,0%,32
https://bouon-lab.com/tags/isovox/,0,2,0%,45.5
https://bouon-lab.com/posts/telework-child-voice-noisy/,0,2,0%,50
https://bouon-lab.com/posts/sound-sensitivity-misophonia-coping-guide/,0,2,0%,62
https://bouon-lab.com/en/posts/soundproof-school-news/,0,1,0%,2
https://bouon-lab.com/en/tags/nagoya/,0,1,0%,2
https://bouon-lab.com/en/posts/ontouch-soundproof-panel-effective/,0,1,0%,3
https://bouon-lab.com/posts/vtuber-proofroom-heat-control/,0,1,0%,3
https://bouon-lab.com/en/tags/kawai-nasal/,0,1,0%,4
https://bouon-lab.com/en/posts/proofroom-soudmore-manual/,0,1,0%,5
https://bouon-lab.com/en/posts/telework-privacy-anxiety-soundproof-room/,0,1,0%,5
https://bouon-lab.com/posts/soundproof-room-relocation-cost/,0,1,0%,5
https://bouon-lab.com/en/posts/podcast-bouonproof-bestpracti/,0,1,0%,7
https://bouon-lab.com/posts/soundproof-room-maintenance-cost-tools/,0,1,0%,7
https://bouon-lab.com/categories/vtuber/,0,1,0%,9
https://bouon-lab.com/en/categories/practical-guide/,0,1,0%,9
https://bouon-lab.com/en/tags/sound-isolation/,0,1,0%,9
https://bouon-lab.com/posts/weekly-soundproof-news-20251202/,0,1,0%,9
https://bouon-lab.com/en/posts/proofroom-bousintaisaku-noize/,0,1,0%,10
https://bouon-lab.com/posts/trumpet-soundproof-room/,0,1,0%,10
https://bouon-lab.com/en/posts/news-ryutubaibai-cyuko/,0,1,0%,11
https://bouon-lab.com/posts/vtuber-rental-apartment-guide/,0,1,0%,11
https://bouon-lab.com/en/posts/bourental-ippanrantal/,0,1,0%,12
https://bouon-lab.com/en/posts/nagoya-soundproof-rental-guide/,0,1,0%,12
https://bouon-lab.com/en/posts/saxophone-practice-apartment/,0,1,0%,12
https://bouon-lab.com/posts/soundproof-room-rental-lease/,0,1,0%,12
https://bouon-lab.com/posts/wind-instrument-soundproof-room-guide/,0,1,0%,12
https://bouon-lab.com/en/posts/rental-proofroom-contractcheck/,0,1,0%,14
https://bouon-lab.com/tags/diy/,0,1,0%,25
https://bouon-lab.com/posts/soundproof-subsidy-three-cases/,0,1,0%,27
https://bouon-lab.com/posts/soundproof-materials-selection-guide/,0,1,0%,29
https://bouon-lab.com/tags/otodasu/,0,1,0%,31
https://bouon-lab.com/tags/asmr録音/,0,1,0%,33
https://bouon-lab.com/en/posts/bouproof-roomchoice-price/,0,1,0%,46
https://bouon-lab.com/tags/防音室-ローン/,0,1,0%,50
https://bouon-lab.com/tags/サックス/,0,1,0%,70
https://bouon-lab.com/posts/bouonroom-tettei-kaisetsu/,0,1,0%,112